幸福小区,26.372743,106.675224,
花溪机械厂家属宿舍14栋,26.372592,106.679088,
贵州财经大学花溪校区翠竹苑,26.378789,106.647628,
贵州财经大学花溪校区翠竹苑-1栋,26.377751,106.647431,
贵州财经大学花溪校区樱花苑-3栋,26.378598,106.648984,
贵州财经大学花溪校区樱花苑,26.37891,106.649848,
学生宿舍8,26.382755,106.633225,
贵州医科大学(花溪校区)东区-3栋,26.379031,106.641711,
贵州财经大学花溪校区翠竹苑-3栋,26.379894,106.647668,
贵州医科大学(花溪校区)东区-1栋,26.380711,106.644003,
贵州财经大学花溪校区樱花苑-2栋,26.379449,106.65052,
贵州财经大学花溪校区樱花苑-1栋,26.379602,106.649402,
贵阳中医学院花溪校区男生宿舍J1楼,26.387865,106.629295,
贵阳中医学院花溪校区杏园3栋,26.386349,106.630419,
九栋宿舍楼,26.384209,106.633093,
贵阳中医学院花溪校区杏园2栋,26.387014,106.630705,
南溪苑,26.388003,106.688987,
贵阳中医学院花溪校区橘园3号,26.392387,106.626144,
贵州师范大学花溪新校区二号学生生活区,26.392284,106.642881,
桐木岭村,26.38851,106.686454,
贵阳中医学院H1宿舍(杏园1),26.392858,106.624261,
贵阳中医学院花溪校区H4宿舍楼,26.393363,106.624487,
贵阳中医学院花溪校区橘园1栋,26.393031,106.624397,
贵阳中医学院花溪校区H2宿舍楼,26.392998,106.625942,
贵州轻工职业技术学院-教师公寓,26.395565,106.632965,
贵州师范大学花溪校区修身苑,26.393181,106.638926,
贵州师范大学花溪校区15栋宿舍楼,26.393847,106.641969,
贵州师范大学花溪校区正心苑,26.393869,106.639738,
贵州大学明德学院北组团4号楼,26.400182,106.645483,
上板幸福小区,26.397872,106.6644,
关口寨安置小区,26.40038,106.677711,
云上小区,26.400399,106.687583,
大坝井小区,26.410429,106.626904,
险峰苑,26.408968,106.677516,
腾辉苑,26.41066,106.753847,
康城花溪,26.413269,106.682915,
贵阳矿灯厂住宅区,26.412095,106.682447,
矿灯厂宿舍区,26.412247,106.683772,
三五三七小区,26.415111,106.685485,
三五三七小区-治安巡逻室,26.415061,106.685059,
花溪区孟关乡苏家寨安置房小区,26.412924,106.744233,
贵阳国际汽贸城棚户区,26.411305,106.752294,
思源溪谷,26.419758,106.651284,
保利溪湖,26.415358,106.668164,
印象花溪项目,26.417583,106.673713,
榕筑南溪绿园,26.416868,106.679468,
阳光花园,26.415836,106.681894,
丰衢花园,26.415359,106.681732,
鹏程汽车装饰(三五三七小区西北),26.417831,106.684127,
3537厂生活小区,26.41568,106.685887,
洛平新城,26.422162,106.664242,
羊昌坝小区(南门),26.424055,106.66639,
羊昌坝小区-9栋,26.424363,106.666013,
香菜苑,26.423227,106.677211,
兰馨桂馥花园,26.423399,106.682023,
锦溪铭都,26.423012,106.683609,
红阳小区,26.424005,106.685185,
红阳小区-南门,26.423081,106.685296,
红阳小区4区-18栋,26.423087,106.685349,
羊昌坝小区,26.424503,106.665965,
羊昌坝小区-2栋,26.425053,106.665543,
溪山御景,26.427381,106.66785,
贵州大学南校区-学生公寓,26.425004,106.678816,
贵州大学学生宿舍(公寓)综合管理办公室,26.424489,106.679088,
南乔·紫苑,26.426807,106.682939,
博士花园,26.428652,106.683513,
麒鑫怡苑小区,26.425132,106.683835,
大将院落,26.426428,106.684042,
东村,26.428358,106.680283,
花溪楠苑-35栋,26.427674,106.685968,
清溪苑,26.428278,106.685135,
班芙小镇,26.433342,106.67557,
石园村,26.432865,106.676812,
麒鑫怡苑小区,26.430409,106.680043,
四季花溪,26.433353,106.682124,
九龙花园,26.430125,106.683663,
松涛苑,26.433226,106.681058,
溪城华府,26.431315,106.684046,
丽城小区,26.42905,106.68311,
锦溪园,26.429065,106.684566,
四合院,26.43165,106.683181,
中银大院,26.433112,106.683889,
金世旗楠苑,26.429057,106.686441,
祥盛花园,26.433139,106.685258,
菜鸟驿站(花溪区-班芙小镇小区近邻宝智能快件箱),26.434763,106.674375,
花溪公园平安小区,26.435054,106.67672,
松音阁,26.434141,106.680215,
花溪公园售票处(花溪公园平安小区西北),26.437027,106.675852,
花溪公园售票处-花溪公园平安小区西北,26.436143,106.678592,
花溪公园平安小区-北门,26.435556,106.676851,
黑山羊牛羊肉粉(花溪公园平安小区北),26.43554,106.676888,
静晖村,26.435171,106.681574,
林都国际公馆,26.435989,106.683044,
兰花小区,26.436175,106.683818,
静晖花园,26.435466,106.682051,
红伟苑,26.437522,106.681962,
兰花小区-北门,26.436469,106.683624,
华宇世纪花园,26.436289,106.685084,
旺向龙,26.433751,106.685209,
吉林花园,26.442388,106.668897,
贵大學府里,26.442252,106.668959,
吉林新村,26.4416,106.668247,
硕苑,26.441755,106.672281,
硕苑小区业主委员会,26.441828,106.67206,
溪北小区-西南门,26.442592,106.679519,
明珠花园,26.438792,106.681702,
南院小区,26.438932,106.68412,
金榕商住楼,26.438724,106.683844,
清华小区花溪国土分局,26.44057,106.68525,
御溪山居,26.444232,106.665953,
贵州大学西校区东区2号学生公寓,26.44688,106.670851,
贵州大学东区1号宿舍,26.446868,106.670773,
贵州大学西校区东区3号学生公寓,26.446125,106.670974,
贵州大学东区3号学生宿舍楼,26.446125,106.670974,
贵大东五宿舍,26.44614,106.670137,
贵州大学西校区东区4号学生公寓,26.445594,106.670947,
花溪御院,26.443143,106.671936,
颐和花园,26.443948,106.675004,
贵州大学西校区东区6号学生公寓,26.445967,106.672023,
西校区6号宿舍楼,26.445968,106.672023,
麒龙溪园,26.443144,106.677966,
溪北小区,26.443415,106.679379,
菜鸟驿站(花溪区-溪北小区近邻宝智能快件箱),26.443003,106.679324,
贵州大学人民武装学院学生宿舍5栋,26.444396,106.677295,
茗桂花园,26.445491,106.682663,
花溪园亭山小区,26.443378,106.680989,
怪噜楼,26.447024,106.682793,
朝阳村安置房,26.446366,106.681726,
花溪区人民医院宿舍-1号楼,26.444708,106.681443,
泛泛,26.445641,106.683136,
花溪区人民医院-宿舍,26.444343,106.681366,
花溪区人民医院宿舍-4号楼,26.444202,106.681065,
花溪园亭山小区-南门,26.443512,106.680363,
清华山庄,26.443153,106.688027,
梦溪笔谈小区,26.444337,106.687506,
梦溪笔谈小区-1栋,26.444357,106.687519,
贵州大学西校区西区4号学生公寓,26.447709,106.661084,
贵州大学西校区1号学生公寓,26.447812,106.663233,
贵州大学西校区西区三号学生公寓,26.448228,106.662275,
贵州大学东区5号学生宿舍,26.447321,106.67179,
贵州大学教工宿舍,26.451532,106.68083,
改貌小区,26.451123,106.754953,
贵州大学阳明学院宿舍区,26.45617,106.66236,
贵州大学(花溪北校区)-1号学生宿舍楼,26.455211,106.679225,
贵州大学(花溪北校区)-11号学生宿舍楼,26.452256,106.678855,
贵州大学(花溪北校区)-9号学生宿舍楼,26.452342,106.678349,
贵州大学(花溪北校区)-8号学生宿舍楼,26.453356,106.678431,
贵州大学-15号宿舍楼,26.453056,106.679924,
贵州大学(花溪北校区)-12号学生宿舍楼,26.452611,106.678894,
贵州大学(花溪北校区)-10号学生宿舍楼,26.451836,106.678474,
贵州大学(花溪北校区)-2号学生宿舍楼,26.454781,106.679151,
贵州大学(花溪北校区)-3号学生宿舍楼,26.454455,106.679091,
贵州大学(花溪北校区)-13号学生宿舍楼,26.452524,106.679535,
学府雅苑,26.453976,106.680843,
贵州大学21号宿舍楼,26.45727,106.663853,
贵州大学扩建二期安置房,26.460357,106.667229,
荷塘月色,26.460518,106.680667,
翁岩小区,26.460444,106.715511,
青年小区,26.458625,106.716536,
贵州民族大学教师公租房,26.463702,106.67554,
御林铭园,26.464656,106.68016,
素园苑,26.460968,106.678539,
民族新院小区,26.463878,106.677554,
民院新院小区物业管理,26.463664,106.677765,
教工住宅,26.461989,106.679433,
云凹花园,26.46723,106.625056,
贵州民族大学教师楼素园苑小区,26.469164,106.673744,
贵州民族大学-学生宿舍10栋,26.468476,106.672939,
贵州民族大学女生公寓-B幢,26.466551,106.673114,
贵州民族大学-男生公寓(鹏程二号),26.467138,106.673841,
贵州民族大学学生宿舍6号楼,26.467584,106.672988,
贵州民族大学-学生宿舍区,26.468907,106.673141,
贵州民族大学学生宿舍8号楼,26.468093,106.672938,
贵州民族大学学生宿舍区-东北门,26.469561,106.673492,
民院继教院学生公寓-2号楼,26.469428,106.67897,
理学院2011级学生宿舍区,26.471581,106.675215,
花溪山庄,26.477728,106.683084,
太阳冲小区,26.478951,106.751497,
金石清水城,26.481812,106.642141,
同兴山庄,26.481283,106.67527,
太阳冲小区-西门,26.479797,106.75093,
贵阳中医学院南校区1号学生宿舍,26.483537,106.753092,
蔡冲路口组,26.488743,106.648474,
红林小区,26.492514,106.721321,
松花江路111号院,26.491145,106.721407,
菜鸟驿站(贵阳市小河区红林小区店),26.489916,106.721502,
储运库石油小区,26.490448,106.745951,
富源路石油小区-东北门,26.491007,106.746839,
石油小区7栋,26.490547,106.744431,
航空物流园幸福小区,26.488996,106.800421,
天利城-C区,26.494511,106.638068,
天利城-B区,26.497143,106.638811,
电线厂宿舍区,26.495811,106.670376,
贵州艺考教师宿舍,26.493592,106.680014,
王武置房,26.493109,106.719704,
矿灯厂宿舍,26.49925,106.63985,
富阳食苑,26.500038,106.663983,
一鸣宽城国际,26.5016,106.707976,
农科公寓,26.506315,106.668231,
贵阳农科院春晖苑,26.504725,106.671965,
腾龙湾,26.503079,106.684116,
康乐园饼业总汇,26.501967,106.681361,
矿山简易宿舍,26.505356,106.693955,
丽景湾,26.505691,106.698493,
景溪园,26.504811,106.702489,
宽城国际住宅小区,26.502418,106.710206,
美成新都,26.504738,106.72072,
美成新都-B区,26.504676,106.720085,
美成新都-A区,26.504481,106.719655,
东方小区-C区,26.509905,106.684557,
东方小区幼儿园,26.5102,106.685482,
东方小区-B区,26.510292,106.685824,
东方小区C区-4号楼,26.509442,106.684808,
东方小区C区-2号楼,26.509894,106.684787,
东方小区C区-1号楼,26.510108,106.684871,
东方小区C区-3号楼,26.509678,106.684857,
东方小区C区4号楼-东门,26.509419,106.6849,
东方小区C区4号楼-南门,26.50933,106.68481,
上河城,26.507549,106.698589,
利尔月半湾,26.507195,106.700618,
楠竹花园,26.509845,106.700398,
漓江新苑,26.508738,106.700068,
楠竹花园-御竹居,26.509819,106.700443,
楠竹花园-馨竹居,26.509444,106.701503,
楠竹花园-西区,26.509854,106.700262,
楠竹花园-东区,26.510183,106.702249,
航天园,26.506424,106.705162,
逸悠园,26.50702,106.703663,
枫阳小区-东门,26.507786,106.718488,
赖头冲安置小区,26.509703,106.745744,
杨府大院,26.511153,106.659674,
凯宏苑小区,26.511201,106.683952,
中建四局安居小区,26.514332,106.68257,
贵州电商谷-2号楼,26.513969,106.683281,
中建四局安居小区-西门,26.514345,106.682439,
美林谷,26.514974,106.688815,
垄岩路150号院,26.512121,106.687537,
矿山机械厂尖山小区,26.512846,106.685018,
矿山机械厂53小区,26.512831,106.685013,
二戈寨新村,26.513616,106.688189,
菜鸟驿站(贵阳花溪东方小区137号店),26.513246,106.685208,
东方小区-A区,26.512415,106.685234,
经典凯维东方小区送水站,26.513027,106.685351,
矿山宿舍区,26.513962,106.69256,
矿山厂宿舍区,26.514036,106.692531,
汇景苑,26.511157,106.70103,
鑫荣花园,26.512994,106.702789,
楠竹花园-雅竹居,26.511164,106.701758,
楠竹花园-二期,26.511803,106.701996,
漓江花园,26.511838,106.705095,
国税局宿舍,26.514832,106.703658,
国税局宿舍-停车场,26.514743,106.703476,
国税局宿舍停车场-出入口,26.514849,106.70344,
清水江生活小区-南门,26.512958,106.707114,
永红小区,26.515412,106.708433,
清水江生活小区-东二门,26.514137,106.708358,
三零零医院宿舍,26.513944,106.715623,
叠翠轩,26.514907,106.716489,
中兴世家-西区,26.51511,106.714974,
大兴星城(5期),26.514739,106.716157,
檀香山,26.513924,106.722411,
桐荫小区,26.513094,106.728944,
祥和家园,26.514574,106.742559,
中曹司复烤厂宿舍,26.519096,106.683524,
御璟怡庭别苑,26.518715,106.683427,
兴隆城市花园-桃源居,26.519087,106.692493,
兴隆桃园居,26.518427,106.69297,
兴隆城市花园,26.51898,106.697255,
兴隆苑,26.516288,106.695502,
兴隆城市花园-怡水园,26.518986,106.69733,
兴隆城市花园-碧波居,26.518703,106.698364,
采云谷,26.518484,106.697684,
贵航大院,26.518961,106.701199,
榕筑花园,26.51928,106.70283,
榕筑花园-一区,26.519282,106.702776,
花溪榕筑小区,26.519299,106.702741,
金碧湾,26.515916,106.70256,
小河邮政商住楼,26.517638,106.702791,
兴隆新村,26.516187,106.699271,
中兴苑-东门小区,26.519478,106.701721,
禾盛景观,26.518075,106.699635,
香港城,26.519361,106.704367,
清水江生活小区,26.51593,106.705621,
小河区政府集资楼,26.518151,106.70421,
翡翠苑,26.516851,106.703298,
西工生活区,26.516172,106.707423,
清水江生活小区-北门,26.51827,106.706482,
清水江生活小区-西门,26.516946,106.704701,
大兴商厦-2号楼,26.518927,106.707241,
香格里拉小区,26.518314,106.706729,
清水江生活小区-西北门,26.516934,106.704842,
清水江生活小区-北1门,26.516776,106.704998,
清水江生活小区-北2门,26.518266,106.706409,
清水江生活小区-329栋,26.515492,106.706359,
南山高地小区,26.517028,106.71114,
三零零医院宿舍,26.518576,106.707606,
麦兆小区,26.51879,106.708753,
金榕大厦,26.518276,106.707524,
永红小区-东北门,26.515821,106.709236,
麦兆小区-西南门,26.518682,106.708489,
清水江生活小区-东北门,26.516945,106.707977,
清水江生活小区-东1门,26.517161,106.707841,
西工生活区-2号楼,26.516489,106.707834,
停车场(永红小区西北),26.516343,106.708536,
中兴世家,26.515887,106.714888,
华阳小区,26.519191,106.714327,
阳光嘉园,26.519512,106.716288,
华阳小区-东北门,26.519818,106.715246,
水云台,26.516694,106.714284,
阳光嘉园-三期,26.518828,106.716819,
大兴星城,26.518863,106.723886,
比华利,26.517298,106.722022,
大兴星城哥伦布,26.518367,106.724059,
理想家园,26.51923,106.743056,
富源天地,26.516414,106.739379,
康馨园小区,26.517041,106.742991,
泰安小区,26.51976,106.739478,
中坝公租房幸福小区,26.523173,106.675739,
中坝公租房幸福小区(南门),26.520784,106.675878,
虹祥花郡,26.521697,106.684369,
花溪大道中段69号院,26.524318,106.684141,
虹祥·花郡-B区,26.520801,106.684688,
虹祥·花郡-A区,26.521437,106.684226,
虹祥·花郡-C区,26.521874,106.68824,
兴隆城市花园-沐风园,26.522267,106.698177,
榕筑鲜花广场,26.523303,106.702218,
星河国际,26.521311,106.702733,
中兴苑,26.520392,106.700831,
华田·亲水湾,26.521825,106.700052,
榕筑花园-二区,26.520448,106.702772,
菜鸟驿站(花溪区-榕筑鲜花广场小区近邻宝智能快件箱),26.523786,106.701421,
缤纷广场,26.522244,106.706304,
龙湾国际,26.5243,106.707289,
卓越·时代大厦,26.523588,106.70724,
三江商务小区,26.520204,106.705201,
铭星小河印象,26.523496,106.704283,
菜鸟驿站(花溪区-三江小区近邻宝智能快件箱),26.520211,106.704777,
卓越金商地带-北区,26.521136,106.706653,
中央尚品,26.521131,106.70412,
卓越金商地带-南区,26.520291,106.706395,
亚青城,26.519996,106.707931,
浦江名典,26.523256,106.707885,
浦江路政府宿舍,26.521669,106.711769,
亚青城-二期,26.520298,106.70786,
沁园(花溪霞辉路店),26.522676,106.707823,
大东,26.524363,106.708032,
盘江花园,26.524269,106.712864,
奥运花园,26.520935,106.715047,
紫竹苑,26.520772,106.713768,
金竹苑,26.521967,106.713391,
金夏小区,26.520922,106.714706,
安居楼,26.521966,106.713303,
恒大翡翠华庭,26.523771,106.719218,
瑞和家园,26.522757,106.721115,
瑞和家园-一期,26.522762,106.720716,
理想家园-3期,26.520569,106.74222,
富筑园,26.520331,106.740123,
东站路安置点小区,26.520104,106.784594,
光华小区,26.528335,106.682727,
山水黔城-1组团,26.526206,106.693631,
天力小区,26.526727,106.689829,
山水黔城1号岗,26.525671,106.693035,
山水黔城-八组团,26.52798,106.695387,
宏立城山水黔城-七组团,26.526534,106.697758,
中院村,26.525117,106.694946,
宏立城山水黔城-五组团,26.528329,106.69875,
宏立城·山水黔城-六组团,26.525281,106.700724,
香江花园,26.52729,106.703611,
永诚明彩居,26.525086,106.703141,
长城嘉苑,26.528966,106.706887,
香樟园,26.527256,106.704895,
紫荆阁,26.52779,106.704819,
龙湾国际·御府,26.52905,106.707321,
四十四医院-宿舍,26.525925,106.706724,
雅兰坊,26.528321,106.704835,
碧园花城,26.526935,106.709126,
大唐果,26.526901,106.710376,
轴承厂宿舍,26.525946,106.711899,
大唐果-4栋,26.527807,106.710048,
华烽厂宿舍,26.528501,106.711052,
方源小区,26.528751,106.709458,
三五生活小区,26.525078,106.708186,
大唐果-1栋,26.526229,106.71015,
大唐果-2栋,26.526011,106.710707,
碧园花城-5栋丁香郡,26.526357,106.709381,
方源小区-停车场,26.528686,106.709315,
大唐果-3栋,26.526997,106.710358,
碧园花城-6栋雪莲郡,26.526209,106.708826,
碧园花城-8栋郁金郡,26.527183,106.709108,
都村园,26.525713,106.711088,
方源小区停车场-出入口,26.52888,106.709432,
碧园花城小区室内停车场-出口,26.527967,106.709432,
碧园花城-1栋蔷薇郡,26.52728,106.709567,
动力厂宿舍,26.527857,106.71452,
小河红林社区,26.524832,106.712141,
西秀小区-东门,26.529049,106.714985,
万科大都会,26.526697,106.719635,
万科大都会-南区,26.525426,106.719241,
珠江公寓,26.526092,106.716866,
万科大都会-北区,26.526998,106.718989,
万科金域华府,26.526299,106.723559,
万科金域华府-B区,26.52719,106.726531,
万科城南大社区,26.529026,106.727336,
万科金域华府-3期,26.525147,106.726067,
贵阳客运东站-农民回迁安置区,26.52547,106.780233,
梵界,26.525881,106.777702,
华屹·御景苑,26.530549,106.683594,
江南人家,26.533063,106.683321,
江南人家-一期,26.533115,106.683497,
贵州胶鞋厂宿舍,26.533249,106.686821,
贵州胶鞋厂宿舍-西门,26.533366,106.686713,
贵州胶鞋厂宿舍-南门,26.532825,106.686929,
贵柴宿舍-20栋,26.533567,106.685058,
宏立城山水黔城-九组团,26.529885,106.696383,
宏立城·山水黔城-十组团,26.531765,106.697911,
山水黔城,26.53045,106.700199,
宏立城·山水黔城-十一组团,26.533599,106.6989,
山水黔城半岛公寓,26.530939,106.702863,
宏立城·山水黔城-二组团,26.531722,106.703147,
山水黔城-人和园,26.530601,106.704142,
云凯熙园,26.531113,106.708766,
榕筑大厦,26.529681,106.709464,
家和花园,26.530551,106.711883,
电机厂宿舍,26.529285,106.709917,
五栋小区,26.529463,106.710301,
云凯熙园-二期,26.531063,106.708362,
沁园,26.530376,106.708178,
纺纱厂宿舍,26.529881,106.709104,
榕筑平安小区,26.529733,106.709845,
黔江名典小区,26.530334,106.709698,
电机厂二福利宿舍,26.52976,106.711532,
五栋小区-停车场,26.529753,106.710106,
五栋小区停车场-出入口,26.52968,106.710142,
乐街小区,26.531052,106.715372,
顺丰速运(黔江小区东),26.53333,106.715683,
乐街小区樱花园,26.531736,106.714173,
宏明大厦,26.529199,106.715515,
黔江厂宿舍,26.533118,106.712308,
乐街小区-桂花园,26.53027,106.715766,
西秀小区,26.52918,106.714735,
黔江社区,26.529137,106.712519,
黔江小区-南门,26.533543,106.714179,
乐街小区-松竹园,26.530011,106.713677,
茶花园,26.530522,106.714601,
乐街小区海棠园-12栋,26.531694,106.715984,
乐街小区海棠园,26.532132,106.71573,
老黄牛黔西牛肉粉(乐街小区店),26.53016,106.712869,
乐街小区-兰竹苑,26.531046,106.71538,
迎春园,26.529845,106.714698,
乐街小区-B号楼,26.530447,106.716079,
乐街小区-E号楼,26.53072,106.715494,
欣嘉源雷普,26.532503,106.712456,
乐街小区以旧换新服务点,26.530109,106.71345,
乐街小区-便利店,26.53068,106.715699,
乐街小区-A号楼,26.530767,106.716079,
乐街小区桂花园-北门,26.530811,106.715712,
乐街小区-H号楼,26.52963,106.715576,
乐街小区-D号楼,26.529806,106.716082,
智康理疗乐街小区分的,26.530422,106.713989,
小区便民店,26.530303,106.713873,
停车场(西秀小区西北),26.529369,106.714077,
德盛园,26.530237,106.717941,
乐街小区-银杏园,26.531693,106.716645,
乐街小区兰竹苑(南门),26.529913,106.716737,
万科金域华府花城,26.530192,106.726927,
江南人家-二期,26.533964,106.68458,
贵柴宿舍,26.533965,106.685277,
贵柴宿舍-16栋,26.533852,106.6852,
花溪大道中段31号院,26.533982,106.687227,
四方河社区格林博邸小区,26.533871,106.69197,
山水黔城三组团,26.535114,106.693094,
宜家·尚城,26.537454,106.694607,
卧龙山庄,26.536037,106.701854,
凤鸣山庄,26.533951,106.704137,
元琦林居,26.536303,106.709573,
中海城市花园,26.533801,106.708961,
中国民生银行ATM(贵阳绿苑小区小微支行),26.535975,106.711519,
江南苑-晓月轩,26.535613,106.712066,
江南苑小区,26.536377,106.712413,
十里江南,26.534541,106.71235,
黔江小区,26.534186,106.714969,
十里江南-B区,26.534149,106.712692,
黔江小区-北门,26.534939,106.714694,
兴隆珠江湾畔,26.535324,106.719954,
天鹅堡(珠江路),26.535108,106.720412,
珠江湾畔-诺丁山,26.537502,106.719904,
轴承厂月饼(贵州市小河顺茂糕点店),26.533734,106.717157,
珠江湾畔天鹅堡B4栋,26.536501,106.718813,
多彩贵州城,26.536711,106.796648,
彩湖苑,26.533997,106.798826,
金桂园,26.542301,106.695131,
贵州电建一公司四方河小区,26.540291,106.697322,
贵州省建筑六公司宿舍区,26.539311,106.695121,
贵州电建一公司四方河小区-西北门,26.540949,106.696511,
最空间小区停车场,26.541929,106.703916,
最空间小区人防地下室停车场,26.541852,106.703665,
贵阳小城故事,26.539228,106.71586,
小城故事A组团,26.540468,106.714729,
小城故事B组团,26.54059,106.716007,
小城故事H组团,26.540872,106.717112,
醉南山瀚林德苑,26.543812,106.681967,
电建一公司宿舍,26.546282,106.692214,
兴居园小区,26.547238,106.702362,
绿苑小区,26.545077,106.704438,
绿苑小区,26.545593,106.7065,
黔锦花园,26.543274,106.70618,
绿苑小区-天源居,26.545995,106.704259,
绿苑小区天源居16楼17楼地下停车场,26.545806,106.703465,
绿苑小区天源居-15栋,26.545804,106.70427,
绿苑小区-3期,26.544865,106.704766,
绿苑小区天源居-17栋,26.545707,106.703616,
绿苑小区天源居-12栋,26.544927,106.705492,
绿苑小区(公交站),26.545412,106.706558,
绿苑小区天源居-16栋,26.545289,106.70368,
绿苑小区-售房部,26.544702,106.703787,
奇绝油卤(绿苑小区店),26.54536,106.706525,
绿苑小区悠然居南区-18A栋,26.545753,106.707263,
绿苑小区天源居1920号楼负四层地下停车场,26.544614,106.703859,
绿苑小区天源居10栋,26.545715,106.707188,
绿苑小区-现场办公室,26.54519,106.705938,
飞龙雨绿苑小区供水站,26.546094,106.704075,
贵州泉(绿苑小区供水站),26.546657,106.707205,
绿苑小区天源6号楼7号楼-地下停车场,26.546002,106.706617,
绿苑小区天源6号楼7号楼地下停车场,26.547127,106.70735,
绿苑小区天源居6号楼7号楼地下停车场,26.546996,106.707268,
绿苑小区天源居16~18号楼-负一层停车场,26.546149,106.703878,
天下赢裤业(绿苑小区专卖店),26.545481,106.706728,
元吉牛肉粉（绿苑小区店）,26.54454,106.705071,
贵阳市望成坡绿苑小区供水站,26.547172,106.70975,
绿苑小区悠然居,26.546879,106.70978,
菜鸟驿站(绿苑小区),26.547172,106.70975,
绿苑小区悠然居北区-4号楼,26.547216,106.709311,
绿苑小区悠然居南区-13号楼,26.546589,106.708784,
绿苑小区悠然居北区-11号楼,26.546767,106.70845,
绿苑小区室外停车,26.546511,106.708083,
绿苑小区悠然居南区-16B栋,26.545975,106.707657,
绿苑小区悠然居南区-16A栋,26.546279,106.708203,
桶装水超市绿苑小区供水站,26.546567,106.708605,
竹山蓝天绿苑小区直营店,26.547193,106.709931,
绿苑小区悠然居南区-北门,26.546755,106.709064,
绿苑小区悠然居南区-东门,26.546892,106.710277,
绿苑小区悠然居南区-2B栋,26.546903,106.709368,
美树阳光小区,26.547233,106.715759,
美树阳光小区-4栋,26.54631,106.715487,
美树阳光小区-7栋,26.547201,106.716055,
美树阳光小区-6栋,26.546955,106.716401,
美树阳光小区-2栋,26.547141,106.714822,
美树阳光小区-16栋,26.547114,106.717021,
贵阳职工宿舍,26.545952,106.729862,
中国铁建·国际城山锦苑,26.549543,106.686599,
贵州水泥厂宿舍,26.548517,106.689254,
永青职工宿舍(凤凰路),26.550802,106.692258,
中国铁建·国际城-别墅区,26.55128,106.68975,
贵州水泥厂宿舍-东南门,26.548542,106.689663,
电建一公司子校小区,26.547402,106.69387,
永青小区-3号门,26.550795,106.692996,
电建一公司宿舍-南门,26.550743,106.693564,
永青职工宿舍-1号门,26.550825,106.692974,
永青职工宿舍-东1门,26.550845,106.692968,
永青职工宿舍西区-东南门,26.550784,106.692968,
保利凤凰湾,26.549552,106.697236,
兴居园小区-东北门,26.548337,106.703752,
兴居园小区-东南门,26.548367,106.704053,
畔山丽苑,26.548696,106.709356,
绿苑小区雅然居-停车场,26.548051,106.711869,
绿苑小区雅然居,26.547949,106.711521,
绿苑小区悠然居北区,26.547263,106.708692,
绿苑小区雅然居西区-12栋,26.547813,106.711645,
绿苑小区雅然居西区,26.548601,106.711057,
翰皇(绿苑小区翰皇分店),26.547843,106.711172,
一树药业(绿苑小区分店),26.548472,106.711829,
绿苑小区悠然居北区-6A栋,26.547677,106.710118,
绿苑小区悠然居北区-6B栋,26.547963,106.709544,
绿苑小区雅然居西区-14B栋,26.547726,106.710849,
王记清香羊肉粉绿苑小区分店,26.547909,106.708877,
绿苑小区-东门,26.548465,106.712863,
绿苑小区转盘,26.548964,106.712229,
贵州银行(贵阳绿苑小区社区支行),26.548721,106.712471,
美树阳光小区-10栋,26.548193,106.714879,
美树阳光小区-9栋,26.547791,106.715266,
麒龙快乐家园-二期,26.550455,106.716483,
贵阳绿苑小区社区支行,26.548747,106.712514,
美树阳光小区-8栋,26.547486,106.715717,
绿苑小区雅然居北区-1号楼,26.549359,106.712952,
润兴木工机械绿苑小区仓库,26.548631,106.712354,
美树阳光小区-14栋,26.547762,106.716584,
绿苑小区雅然居-13号,26.548567,106.713245,
毕山小区百货店,26.551775,106.720484,
美树阳光小区-15栋,26.547459,106.716847,
麒龙快乐家园-一期,26.550472,106.718973,
东站宿舍区,26.548603,106.742303,
韵达贵阳东站宿舍区服务站,26.549045,106.741335,
首开紫郡,26.548616,106.772786,
太升国际,26.548799,106.783091,
贵州空管分局后勤宿舍,26.548344,106.802395,
中国铁建国际城,26.554012,106.688531,
国际城水岸中区,26.553202,106.68904,
中国铁建国际城-望水苑,26.553538,106.689269,
祥盛景观铭苑,26.555266,106.692568,
凤凰翠堤,26.554697,106.695903,
凤凰佳苑小区,26.55624,106.696999,
永青职工宿舍,26.555215,106.695415,
永青小区业主委员会,26.553302,106.693995,
永青职工宿舍-东北门,26.554773,106.695683,
永青职工宿舍-东2门,26.553434,106.694099,
永青职工宿舍西区-东北门,26.55336,106.694106,
凤凰佳苑小区-西南门,26.556237,106.697087,
贵铁康馨物业军体校小区,26.55585,106.707246,
河北廊坊卫生学校贵州校区(贵铁康馨物业军体校小区西),26.555668,106.705235,
贵州新兴中等职业技术学校(贵铁康馨物业军体校小区西),26.55565,106.704972,
锦泰花园,26.556235,106.707983,
智慧星苑,26.554871,106.70987,
沙冲南路93号院,26.551987,106.709493,
沙冲路机修厂-仓库住宅楼,26.554573,106.707717,
香榭枫林,26.552697,106.715899,
都市阳光,26.554218,106.712808,
众拓馨苑,26.556354,106.716345,
宝安花园,26.553632,106.71261,
陈庄坝社区,26.552908,106.712607,
贵阳市发电厂宿舍,26.555564,106.71623,
立恒花园,26.555363,106.715561,
朝阳洞石油小区,26.554592,106.715242,
沙冲路金品酒店斜对面小区,26.554952,106.716088,
贵阳市南明区香榭枫林小区业主委员会,26.55285,106.715974,
贵阳建材厂宿舍,26.55435,106.716181,
朝阳洞石油小区-B栋,26.55455,106.715231,
立恒小区烟酒店,26.554611,106.714862,
贵阳建材厂宿舍-西门,26.554411,106.715565,
贵阳建材厂宿舍-西南门,26.554408,106.715566,
朝阳洞石油小区-A栋,26.554282,106.715098,
朝阳洞石油小区-西北1门,26.554692,106.715173,
朝阳洞石油小区-西北2门,26.555229,106.715365,
朝阳洞石油小区B栋-西北门,26.554696,106.715039,
朝阳洞石油小区C栋-西北门,26.555034,106.71517,
香榭枫林茗香苑,26.55331,106.71574,
大正·雨曦城,26.553654,106.719652,
利鑫苑,26.555635,106.717939,
笔山小区房屋租售服务中心,26.552093,106.718961,
银盘鑫苑,26.555471,106.723876,
营盘新苑,26.555189,106.723613,
郎晴居小区,26.553334,106.722871,
贵州省水利机械化实业总公司新寨路基地宿舍区-南门,26.552314,106.724349,
贵州省水利机械化实业总公司新寨路基地宿舍区,26.552642,106.724343,
世纪南山,26.556141,106.728176,
武岳山庄,26.553627,106.727954,
庭宜小区,26.554903,106.780173,
庭宜小区(西北门),26.555431,106.779486,
兴业小区,26.555178,106.782974,
二福小区,26.552631,106.795737,
二福小区-西北门,26.552774,106.795745,
蔡家关社区,26.560409,106.666547,
玉树苑,26.558852,106.682753,
天海青城,26.558578,106.686121,
中国铁建国际城(半山·北区),26.557722,106.68882,
太慈社区,26.560341,106.68926,
青山小区-28号院,26.560073,106.689208,
天海青城-北区,26.560149,106.686194,
小区水电安装维修,26.55956,106.68769,
青山小区,26.560336,106.690259,
贵阳青山小区-北门,26.559228,106.693015,
黔乡居特色烤鱼(青山小区店),26.559562,106.690854,
中通快递(贵阳青山小区西),26.559366,106.691492,
青山小区-61栋,26.558915,106.69089,
青山小区-35栋,26.560732,106.691814,
青山小区-夜市城,26.559917,106.693196,
申通快递(贵阳青山小区西北),26.560157,106.690741,
青山小区-东南门,26.560064,106.6927,
贵阳青山小区-西门,26.558933,106.692272,
绝味鸭脖（青山小区店）,26.560572,106.693755,
青山小区-65栋,26.559229,106.691186,
甜妞重庆火锅串串(青山小区店),26.560438,106.690645,
青山小区-71栋,26.559357,106.690105,
青山小区56栋老年茶室,26.558539,106.69206,
羊城西饼 青山小区店,26.560744,106.693385,
青山一社区,26.560712,106.691065,
青山红树湾,26.559704,106.690758,
黄记绝味丝娃娃（青山小区店）,26.560443,106.693274,
青山小区50号院-西门,26.560682,106.69066,
哈哈人青山小区二店,26.560635,106.693029,
青山小区-西南门,26.560024,106.691844,
经典凯维青山小区供水站,26.558083,106.690923,
青山小区57栋-东门,26.558851,106.691966,
青山小区54号院-西门,26.559657,106.689714,
青山小区28号院-东南门,26.560041,106.689423,
青山小区50号院-东南门,26.560621,106.69134,
青山小区54号院-东南门,26.559944,106.691009,
青山小区-一社区老年协会,26.560155,106.690039,
青山小区54号院-东南1门,26.559541,106.690767,
贵阳花溪富强泉水厂小区供水站,26.5606,106.691686,
紫薇星青山小区连锁店,26.560063,106.690427,
张记丝娃娃(青山小区),26.56015,106.691504,
瑷芦荟(青山小区专卖店),26.560207,106.693398,
山花好牛奶品质我信赖青山小区专营店,26.560716,106.692468,
118智能手机工厂店(青山小区体验店),26.56044,106.693352,
重庆宏旺火锅(贵阳青山小区西),26.55934,106.692342,
山语城,26.560725,106.694807,
车水路小区,26.556416,106.69482,
凤凰小区B栋,26.557215,106.697262,
玉山碧苑,26.559068,106.70266,
同欣苑小区,26.559127,106.701364,
南明人家,26.559525,106.70023,
解放西路234号院落,26.559836,106.700181,
和谐家园,26.560307,106.700109,
玉厂路二百八十四号家园,26.558224,106.699621,
解放西路389号小区,26.559865,106.700029,
同欣苑小区-地下停车场,26.559147,106.700941,
同欣苑小区停车场出入口,26.559238,106.700861,
桃园小区-西门,26.558309,106.698983,
解放西路387号小区-西北门,26.560169,106.699848,
贵电宿舍-西北门,26.556739,106.699259,
小区停车场,26.559114,106.702929,
解放西路389号小区-西北门,26.559961,106.699738,
茶花小区,26.559336,106.705943,
华玉小区,26.55705,106.706848,
贵州省移动公司宿舍,26.559583,106.707496,
博泰温馨小区,26.560578,106.706683,
桂苑小区-东南门,26.556403,106.70658,
山语馨苑,26.559709,106.703155,
桂花园,26.560083,106.706986,
茶花小区-西南门,26.558795,106.705606,
桂花园-四五栋院落,26.560079,106.706992,
桂花园二三栋院落,26.559832,106.70683,
玉厂路62号小区,26.559837,106.705606,
贵阳市创业孵化示范园(贵铁康馨物业军体校小区东北),26.556708,106.707488,
玉厂路1-05号小区,26.559125,106.704008,
贵阳市创业孵化示范园办公室(贵铁康馨物业军体校小区东北),26.556657,106.706827,
贵州省体育局桂苑小区,26.556565,106.706215,
贵州省移动公司宿舍-西门,26.560087,106.707441,
玉厂路62号小区-西北门,26.559877,106.7054,
玉厂路87号小区-南门,26.559567,106.704096,
玉厂路89号小区,26.559872,106.704258,
贵州省移动公司宿舍-北门,26.560101,106.707474,
玉田小区-东南门,26.559909,106.707043,
华玉小区-东北门,26.557275,106.707152,
博泰温馨小区-西北门,26.560566,106.706399,
玉厂路89号小区-西南门,26.559617,106.703966,
玉田坝高层住宅,26.560775,106.708722,
玉田小区,26.558352,106.71012,
邮政小区,26.559472,106.709889,
玉溪路三号院,26.559573,106.709244,
玉田小区大院,26.558704,106.709261,
大理石小区,26.558354,106.711117,
玉溪路22,26号院,26.558023,106.708693
邮政小区-西南1门,26.559593,106.709119,
玉田小区大院-B栋,26.558892,106.708697,
玉溪路195号小区,26.558312,106.709868,
银钟纯净水(玉田小区送水站),26.560492,106.707906,
玉田小区-西北门,26.558944,106.710444,
邮政小区-东南门,26.559735,106.710352,
玉田小区大院-西门,26.558703,106.708911,
玉田小区大院-东门,26.558338,106.709424,
邮政小区-西南2门,26.559133,106.709775,
来丰园饼屋(邮政小区东北),26.560315,106.7107,
润丰家园,26.55636,106.714267,
片子山小区,26.557355,106.714682,
宏基小区,26.559603,106.713028,
智慧新苑,26.56012,106.714084,
大理石路79号院,26.558281,106.714898,
大理小区17组团,26.556806,106.716262,
大理石路30号院,26.558441,106.71301,
鑫宏小区,26.559683,106.713627,
润丰家园小区业主委员会,26.556584,106.713664,
化工学校职工宿舍,26.557414,106.71576,
化工学校职工宿舍-南门,26.557277,106.715875,
新寨路小区,26.557803,106.720837,
营盘路53号商住楼,26.560259,106.717506,
长城小区C座停车场出入口,26.560044,106.718939,
长城小区(C座)-北门,26.560005,106.718856,
南厂路121号院,26.560355,106.718486,
长城小区C座停车场出入口,26.558869,106.71924,
大理石路145号苑,26.557099,106.717101,
营盘路62号院,26.560391,106.717466,
新寨路小区-西南门,26.557815,106.720564,
长城小区C座-西南门,26.558922,106.71916,
林城花都,26.558199,106.723774,
武岳新村,26.558245,106.724879,
五岳新村,26.558016,106.725124,
长城小区,26.55933,106.724944,
唐正佳苑,26.557403,106.721984,
长城小区B座-停车场,26.558806,106.725154,
长城小区-东北门,26.559191,106.725073,
长城小区-西南门,26.55922,106.725041,
嘉润路一一三号院,26.55679,106.736567,
嘉润路85号院,26.558563,106.735966,
富源小区,26.558267,106.747002,
富源世纪,26.559835,106.747092,
单身公寓小区,26.55926,106.747263,
富源小区-东南门,26.558336,106.746596,
林园小区,26.557353,106.778673,
园林小区P区-74栋,26.557644,106.778742,
林园小区-西北1门,26.557912,106.778113,
园林小区P区-73栋,26.557652,106.778251,
林园小区-西北2门,26.557437,106.779039,
林园小区-东北门,26.55754,106.779033,
林园小区-西门,26.557985,106.77817,
朝庭·四季花园,26.556455,106.781881,
二零六小区,26.559173,106.780602,
蔡关社区第二十一网格,26.563956,106.660851,
贵州理工学院学生公寓11楼,26.562811,106.666337,
蔡关社区第二十五网格,26.564567,106.662416,
8号宿舍,26.565072,106.664355,
蔡关社区第二十三网格,26.562237,106.666489,
二号宿舍,26.562676,106.668216,
九号宿舍,26.562109,106.666714,
蔡关社区第五网格,26.561406,106.667756,
贵阳花果园(R区),26.561728,106.676269,
花果园-R1区,26.564578,106.678081,
贵阳花果园R区-北区,26.564454,106.67752,
青山小区39号院-东北门,26.561289,106.688229,
花果园-J区,26.563626,106.69037,
青山小区-36栋,26.561298,106.691402,
飞鸿饺子馆（青山小区店）,26.561034,106.692752,
兆基新王府,26.563526,106.693905,
艺景春天,26.562454,106.694932,
康瑞苑,26.564195,106.694498,
万商人家,26.561478,106.694188,
宏业小区-西门,26.562577,106.695687,
美成名园,26.561261,106.700989,
南冲小区,26.562442,106.702565,
解放西路单位宿舍,26.565219,106.700869,
新恒基花园,26.563592,106.7026,
通用厂小区-东北门,26.562251,106.701923,
南冲巷3号小区-南门,26.563036,106.702637,
花香南城,26.563756,106.704276,
铁运新苑,26.56486,106.705659,
新一栋小区,26.561158,106.707233,
行车公寓,26.564756,106.705625,
解放西路交警支队宿舍,26.562927,106.703545,
南冲小区-东南门,26.562152,106.70337,
博泰花园,26.564275,106.711229,
金海岸,26.564508,106.710346,
玉厂路276号商住楼,26.561536,106.708399,
四通街4号小区,26.562309,106.71163,
火车站铁路宿舍,26.564446,106.710319,
中铁二局宿舍,26.562747,106.71109,
新一栋小区-西北门,26.561874,106.707716,
四通街4号小区-东北门,26.562145,106.711658,
加州阳光新城,26.562506,106.716573,
贵铁新村,26.563822,106.715733,
贵铁新苑小区,26.562666,106.714705,
金达花园,26.561553,106.713023,
麒龙璟苑,26.561067,106.716282,
二七小区,26.564889,106.714104,
恒鹏世界,26.563769,106.712764,
飞机坝小区,26.564909,106.714255,
四通街8号小区(东北门),26.561784,106.712311,
金达领世馆,26.561319,106.714112,
加州阳光花园,26.561659,106.715625,
有一招砂锅酸辣烫(贵铁新苑小区西北),26.563988,106.715611,
二七小区-东门,26.564661,106.714483,
四通街10号小区(东南门),26.56203,106.712582,
贵铁新苑小区-东南门,26.563286,106.714989,
新金桥家园,26.561561,106.717295,
南厂路111号院,26.561141,106.72078,
经贸委宿舍,26.563758,106.719279,
营盘路32号院,26.562844,106.717936,
都市国际城,26.564469,106.724608,
南岳大院,26.564973,106.72666,
天纬南岳苑,26.564971,106.729336,
嘉润路34号小区,26.562343,106.734376,
啤酒厂宿舍,26.563801,106.732314,
嘉润路12号院,26.565035,106.73178,
电力小区(西南门),26.564057,106.732285,
嘉润路16号院,26.564208,106.732329,
嘉润路18号院,26.563882,106.732733,
嘉润路68号小区,26.564191,106.732772,
电力小区贵惠大道,26.564198,106.732436,
嘉润路28号院,26.563196,106.733749,
成黔小区,26.565329,106.73604,
贵钢西区廉租住房,26.564864,106.736374,
东泓福源国际,26.56151,106.747935,
锦绣家园,26.565444,106.746215,
富源路12号院,26.564791,106.745352,
森林之家,26.563431,106.757584,
幸福小区,26.5622,106.758276,
经典天成,26.562825,106.775449,
警官学院宿舍楼,26.56134,106.78704,
七栋教工小区,26.565879,106.659073,
蔡关社区第十六网格,26.567981,106.661224,
七栋教工小区-南门,26.565636,106.6592,
蔡关社区第十五网格,26.56768,106.659748,
杨记便利店(七栋教工小区东北),26.569146,106.661492,
李记便利店(七栋教工小区东北),26.56967,106.660995,
贵州水源泉科技有限公司(七栋教工小区东北),26.569973,106.660839,
蔡关社区第网格,26.565659,106.66924,
五里冲(Q区),26.5659,106.680383,
花果园-C区,26.56837,106.693768,
花果园C区-12栋,26.568347,106.69351,
景泰家园,26.56548,106.692864,
惠农巷131号商住楼,26.567118,106.693237,
湘雅村,26.567996,106.698194,
众福家园,26.565972,106.694877,
花果园C区-13栋,26.567143,106.694904,
花果园C区-14栋,26.567329,106.695415,
花果园C区-18栋,26.569075,106.694205,
逸彩馨苑,26.569233,106.69785,
花果园C区-3栋,26.567789,106.694113,
花果园C区-1栋,26.567439,106.694182,
左藏三库泛艺术区,26.565864,106.694568,
花果园C区-2栋,26.567444,106.694063,
贵阳电池厂小区,26.567321,106.697781,
雅香园,26.567973,106.697319,
贵阳电池厂小区-西北门,26.567477,106.697848,
靖阳·宏桥水岸,26.568895,106.701344,
解五小区,26.567616,106.702562,
文雅巷小区,26.568062,106.698837,
雅湘居,26.56584,106.699205,
解五社区,26.569025,106.702085,
不小得牛肉牛杂粉(解五小区分店),26.568419,106.702049,
同辉花园,26.56584,106.706356,
体育路24号院,26.567262,106.705706,
体育路16号院,26.569266,106.70694,
解五小区-东北门,26.567568,106.703074,
建材城旁小区,26.567142,106.703688,
铁运巷小区,26.565942,106.707079,
玉君佳苑,26.567874,106.712012,
供电局宿舍,26.569609,106.707581,
工贸小区-物管处,26.568349,106.711705,
工贸小区-停车场,26.568406,106.711821,
工业品贸易中心宿舍,26.568398,106.711535,
工贸小区-西南门,26.568355,106.711732,
工贸小区停车场-出入口,26.5681,106.711758,
解放路96号,26.565772,106.714227,
工贸小区,26.568855,106.71223,
解放新苑,26.565721,106.713912,
万象国际智亿大厦,26.567253,106.712991,
贵州预师公寓,26.569116,106.71278,
二七小区-西北门,26.5659,106.713143,
都市人家小区,26.566543,106.718857,
华仕名园,26.567555,106.719438,
送变电小区-南门,26.566328,106.721146,
棉纺厂宿舍,26.568857,106.718958,
锦馥物业小区,26.569732,106.720208,
兴关路社区,26.568628,106.71999,
贵棉小区,26.567804,106.718015,
兴关小区,26.56732,106.719137,
尚义路11号院,26.569883,106.717993,
兴关北巷8号小区,26.568926,106.720009,
兴关南巷6号小区,26.56782,106.719729,
兴关小区-西北门,26.567482,106.719067,
兴关南巷4号小区,26.568005,106.719428,
贵州电力设计研究院-宿舍,26.566347,106.717508,
兴关路派出所-旁小区,26.568847,106.721154,
兴关北巷8号小区-东北门,26.569047,106.720191,
兴关南巷6号小区-东北门,26.567985,106.719725,
兴关南巷4号小区-东北门,26.568162,106.71941,
送变电小区,26.566636,106.721544,
青云小区,26.569594,106.724687,
盛庭苑,26.568776,106.725295,
青云小区-东门,26.569263,106.72533,
变压器厂宿舍,26.56908,106.723217,
青云小区-停车场,26.569329,106.725162,
环南巷社区,26.567427,106.724913,
环南巷73号小区,26.568755,106.723079,
兴关路派出所遵义路辖区平安小区,26.568476,106.721363,
送变电小区-东门,26.567802,106.722099,
兴关北巷31号小区,26.569021,106.721462,
变压器厂宿舍-3幢,26.569201,106.722994,
兴关路派出所青云小区警务室,26.569282,106.725135,
青云小区-西北门,26.569606,106.723081,
送变电小区-东南门,26.566385,106.72125,
环南巷73号小区-西门,26.568821,106.722826,
兴关北巷31号小区-南门,26.568875,106.721526,
花样年华,26.568157,106.725939,
宏泰世家,26.569024,106.727746,
电力小区(市南巷),26.568513,106.726955,
纪念塔社区,26.567831,106.726958,
鸿灵小区,26.565638,106.728524,
市南巷47号小区-北门,26.568591,106.726156,
鸿利小区,26.565638,106.728524,
南岳路铁路局,26.566288,106.72765,
市南巷47号小区,26.568499,106.726164,
盛世华庭,26.567286,106.730968,
云虹花园,26.566153,106.731449,
虹桥小区,26.566193,106.733704,
贵钢虹桥状元小区,26.569854,106.732165,
虹桥小区-厕所,26.565947,106.733702,
市南路九架炉巷小区,26.569127,106.731571,
贵阳钢厂宿舍,26.568639,106.732342,
宏福大厦,26.569137,106.732833,
贵阳钢厂宿舍-停车场,26.568456,106.732536,
虹桥小区二期-西门,26.565644,106.732393,
贵阳钢厂宿舍停车场-出入口,26.568343,106.732582,
云虹花园小区-西南门,26.566573,106.730964,
虹桥小区-二期,26.5658,106.732839,
虹桥新村一期-9栋,26.566769,106.732977,
虹桥新村一期-24栋,26.566378,106.73413,
虹桥新村一期-25栋,26.56619,106.734293,
仁和园,26.567764,106.733397,
虹桥新村一期-7栋,26.566882,106.732886,
蓑草路1号院,26.567739,106.732483,
虹桥小区二期-东门,26.565733,106.732931,
虹桥新村一期-16栋,26.565974,106.73375,
虹桥新村一期-1栋,26.566905,106.732561,
虹桥新村一期-12栋,26.56732,106.733127,
虹桥新村一期-23栋,26.566793,106.733919,
虹桥新村一期-17栋,26.567531,106.733562,
虹桥新村一期-21栋,26.566065,106.733812,
虹桥新村一期-13栋,26.567054,106.73338,
贵阳钢厂宿舍-东南门,26.568372,106.732536,
贵钢虹桥状元小区-南门,26.569405,106.732216,
虹桥小区-西南门,26.565938,106.733468,
虹桥小区二期-北门,26.566243,106.732626,
虹桥小区人防地下停车场-出入口,26.565532,106.732428,
九架炉巷1号院,26.568898,106.732038,
虹桥新村一期-18栋,26.567139,106.733655,
虹桥新村一期-19栋,26.566761,106.733641,
虹桥新村一期-8栋,26.566831,106.732949,
虹桥新村一期-14栋,26.566694,106.733461,
虹桥新村一期-15栋,26.566317,106.733601,
虹桥新村一期-20栋,26.566671,106.733696,
虹桥新村一期-22栋,26.567221,106.733964,
经典时代花园广场,26.567749,106.737329,
幸福家园,26.569812,106.737101,
福楼旺邸,26.56622,106.736572,
冶金厅小区,26.569346,106.73882,
油榨街贵钢家属楼,26.566301,106.739248,
福楼旺邸小区-地下负二层停车场,26.566564,106.735897,
福楼旺邸-二期,26.567044,106.735871,
福楼旺邸小区停车场出入口,26.566363,106.735904,
小区停车场,26.565688,106.736795,
冶金厅小区-西门,26.569408,106.739197,
东宝花园,26.56681,106.742596,
美佳·假日花园,26.567847,106.743033,
香樟南国,26.566446,106.740455,
冶金路6号,26.568364,106.740092,
省畜牧兽医科研所住宅小区,26.569001,106.742614,
青年路七十号,26.566507,106.743792,
逸芳苑,26.565468,106.740823,
澜山壹号,26.567122,106.746133,
骐宝苑,26.567164,106.745088,
永江仪表厂-宿舍,26.566648,106.746128,
弘宇琉森堡,26.569219,106.75602,
金鑫佳苑,26.571954,106.649777,
贵阳花果园(T区),26.570247,106.679599,
花果园-V区,26.572303,106.686193,
花果园-1期,26.573904,106.690977,
花果园一期-19栋,26.572663,106.691287,
花果园一期-18栋,26.573227,106.69191,
花果园一期-13栋,26.573791,106.691291,
花果园一期-12栋,26.573151,106.690679,
花果园一期-17栋,26.573767,106.692693,
花果园一期-14栋,26.574244,106.692129,
宜美家园,26.574004,106.691934,
花果园-SOHO公寓,26.572723,106.693132,
春蚕巷社区,26.570026,106.69834,
苑林·星月湾,26.573932,106.702592,
城市印象,26.570615,106.699408,
宏业湘雅园,26.570077,106.700496,
友谊佳苑,26.573943,106.701305,
贵阳电视台宿舍,26.571347,106.70249,
花果园商业学校宿舍,26.570072,106.699513,
苑林·星月湾-A栋,26.573616,106.701968,
贵阳电视台太宿舍-西北门,26.571595,106.702661,
康桥水乡,26.57283,106.703739,
银花家园,26.570164,106.704763,
贵惠河滨苑,26.574153,106.705041,
星云社区,26.57428,106.705714,
贵阳南办厅宿舍,26.570466,106.703343,
瑞花南巷102号院,26.574261,106.706612,
贵惠路194号院,26.571857,106.703077,
贵惠路139号院,26.573571,106.706582,
苑林星月湾-二期,26.574398,106.70361,
贵阳南办厅宿舍-东北门,26.570472,106.703309,
贵州省科印广宿舍,26.573835,106.706077,
星月湾小区-东南门,26.573399,106.702977,
省农业厅农垦宿舍,26.573336,106.708111,
贵惠路125号院落,26.573877,106.707674,
文化小区,26.571942,106.713258,
尚义小学河滨小区-东南门,26.570448,106.716214,
青云路326号院,26.571547,106.714465,
青云路422号院,26.571562,106.712327,
人保省公司青云路宿舍,26.571569,106.716566,
财政厅宿舍,26.574225,106.712242,
青遵园,26.571729,106.715698,
城市方舟,26.572068,106.717183,
特兴·青云都汇,26.571177,106.718479,
裕阳大厦,26.571575,106.719934,
青云巷5号院,26.570435,106.719456,
青云巷6号院,26.570276,106.718653,
兴关路62号院,26.570044,106.719312,
广电宿舍,26.573254,106.716675,
庆丰碧玉楼,26.572308,106.721001,
贵州省轻坊工业设计院宿舍,26.570504,106.719472,
青云巷4号院,26.570799,106.718858,
青云巷1号院,26.57082,106.719355,
贵州省轻坊工业设计院宿舍-北门,26.570746,106.719254,
锦馥物业小区-西北门,26.570009,106.720023,
兴关路36号院,26.5709,106.719747,
金熙府,26.570583,106.72397,
君悦华庭,26.571498,106.724664,
神奇路社区,26.571323,106.72137,
兴隆社区,26.573441,106.723579,
青云小区停车场-出入口,26.570169,106.724424,
南明区公安局宿舍,26.573918,106.723354,
瑞金南路348号院,26.571779,106.722623,
轻供局宿舍,26.571451,106.72155,
彭家花园,26.571628,106.724003,
凯福糖果厂宿舍,26.570494,106.721557,
轻供局宿舍-东北门,26.571605,106.721788,
青云小区-北门,26.570153,106.724273,
新华路66号院,26.573537,106.725355,
岑家花园,26.571572,106.726276,
九中教师宿舍,26.573539,106.726585,
环科院宿舍,26.572503,106.726043,
九中教师宿舍-西门,26.572696,106.725749,
贵州省委-7号楼,26.572442,106.727858,
省委机关平安小区-14幢,26.574082,106.729822,
新华路小区,26.571573,106.725911,
在水一方花园,26.571872,106.731973,
省委机关平安小区,26.573829,106.73227,
平安小区-北门,26.572526,106.733875,
省委机关平安小区-西门,26.573733,106.731472,
省委机关平安小区-10幢,26.572771,106.730602,
省委机关平安小区-35幢,26.573596,106.732647,
省委机关平安小区-2幢,26.573625,106.732078,
食味坊(贵钢虹桥状元小区北),26.572239,106.733193,
贵州省委机关小区(南门),26.573766,106.731369,
省委机关平安小区5幢,26.573791,106.732924,
省委机关平安小区-25幢,26.574286,106.730553,
省委机关平安小区-3幢,26.574532,106.730378,
省委机关平安小区-29幢,26.573857,106.731085,
省委机关平安小区-南门,26.573342,106.732743,
省委机关平安小区-28幢,26.574009,106.730896,
省委机关平安小区-6幢,26.573393,106.733076,
省委机关平安小区-33幢,26.57336,106.731104,
省委机关平安小区-30幢,26.573691,106.731271,
观水馨苑,26.5745,106.735866,
中天星园,26.574532,106.737553,
贵钢团坡桥小区,26.572581,106.73793,
绿景家园,26.57427,106.739165,
江南苑,26.572579,106.736484,
省委宿舍,26.57256,106.735941,
宝山南路165号院,26.571711,106.736557,
洋洋超市(贵钢团坡桥小区南),26.572281,106.737243,
贵钢团坡桥小区-西北门,26.573035,106.7373,
阳光绿景,26.573458,106.738822,
南浦路51号院,26.572326,106.735171,
贵州画院宿舍,26.573736,106.736363,
停车场(贵钢团坡桥小区西南),26.573764,106.739263,
贵州省国画院宿舍,26.573591,106.735929,
贵钢团坡桥小区-南门,26.571379,106.737533,
省委宿舍-东门,26.572526,106.736141,
停车场(贵钢团坡桥小区东北),26.573528,106.738967,
长城花园,26.570653,106.741676,
城南枫竹苑-南苑,26.570221,106.742966,
有色地质科技大楼,26.570435,106.740631,
城南枫竹苑-北苑,26.57284,106.742826,
城楠枫竹苑,26.570474,106.74299,
东新区路五十八号,26.573835,106.740046,
贵州省团校-培训公寓,26.573314,106.742144,
公路小区,26.573309,106.744072,
公路小区-东2门,26.572801,106.744007,
公路小区-东北门,26.573627,106.744485,
公路小区-东1门,26.573084,106.74434,
公路小区-东南2门,26.572879,106.744033,
公路小区-东南1门,26.573094,106.744361,
森林花园小区,26.571385,106.76051,
大地碧海龙庭,26.570809,106.76185,
森林花园小区,26.570477,106.760293,
金关移民小区,26.575792,106.651132,
金关移民小区-东南门,26.575138,106.652022,
贵园御景,26.577095,106.65908,
贵阳市云岩区安康老年公寓,26.575465,106.661369,
改茶工业小区,26.576715,106.663371,
兴隆枫丹白鹭城市花园,26.576383,106.667872,
兴隆枫丹白鹭城市花园-明彩居,26.577196,106.667444,
花果园,26.575206,106.693546,
颐景苑,26.578293,106.696577,
智慧龙城香樟苑,26.578695,106.695663,
逸景翠苑,26.575516,106.695915,
花果园中央商务区,26.575461,106.698442,
花果园-B区,26.576223,106.699342,
筑苑新村,26.576202,106.702709,
鸿基花园,26.57489,106.70212,
花果园B北区-11栋,26.575675,106.701302,
花果园B北区-3栋,26.576476,106.700449,
康祥小区,26.576788,106.701147,
林诚金鼎,26.577422,106.698838,
狮峰路商住楼,26.57697,106.702536,
绿茵家园沙坡路社区,26.575653,106.700893,
花果园街29号,26.576523,106.7015,
薇花园,26.57844,106.698658,
锦绣星城,26.577282,106.705373,
黔贵曦城上品,26.578438,106.703841,
灵达新苑,26.57652,106.703706,
次南门如意巷小区,26.578338,106.706407,
甘荫塘农贸批发市场商住楼,26.578955,106.7072,
烟厂宿舍,26.575956,106.704417,
金城寄卖,26.576889,106.704983,
贵州省贸易经济学校-职工宿舍生活区,26.575762,106.707219,
财贸社区,26.576137,106.707301,
瑞苑-A栋,26.575825,106.705825,
燕莎小区,26.575668,106.703414,
狮峰路16号小区,26.578037,106.703147,
燕沙小区-停车场,26.575652,106.703584,
燕沙小区停车场-出入口,26.575652,106.703665,
上品小区,26.578232,106.704311,
贵州省贸易经济学校职工宿舍生活区-西北门,26.575749,106.706989,
狮峰路16号小区-西南门,26.577944,106.703073,
工会大厦,26.57865,106.71065,
金地小区,26.578383,106.708272,
金地小区(西门),26.57857,106.707547,
财院宿舍,26.575066,106.709106,
如意小区,26.575613,106.710751,
龙祥二号,26.576355,106.707901,
润茂贵州物联港,26.575028,106.710064,
建筑巷39号院3号楼,26.578266,106.708224,
建筑巷39号院2号楼,26.578297,106.708154,
都市花园,26.579018,106.713592,
蓝波湾,26.578532,106.714543,
金岸玉都,26.576494,106.713945,
贵州文化广场安置房(一期),26.577815,106.712835,
文化路社区,26.57726,106.713855,
文化路78号院落,26.577564,106.713751,
文化路71号院,26.577131,106.7122,
依水丽都,26.578284,106.716947,
博爱公寓,26.577977,106.717993,
水云轩,26.577681,106.717367,
汇灵巷17号院落,26.577675,106.718707,
依水丽都-B栋,26.578099,106.717085,
依水丽都-A栋,26.578438,106.716738,
恒丰·一品,26.578356,106.722315,
宏业大厦,26.57522,106.723232,
乌江馨苑,26.574611,106.723263,
南浦大厦,26.574684,106.722037,
全林国际广场-C栋,26.578195,106.723686,
康发花园,26.575592,106.724841,
翠微巷10号院,26.576228,106.72556,
米市巷12号院,26.574814,106.722356,
观水兰庭,26.577334,106.729925,
西湖花园小区(西湖路),26.577842,106.727574,
贵州省气象局-宿舍,26.577726,106.729186,
山水园,26.576301,106.728258,
西湖巷3号院,26.5787,106.726332,
水利厅宿舍-东门,26.574722,106.727253,
观水路6号院,26.576077,106.72839,
贵州省气象局宿舍-西北门,26.577485,106.728712,
贵州省委机关小区(北门),26.575634,106.729963,
水利厅设计院宿舍,26.574904,106.72716,
贵阳市规划局宿舍,26.577258,106.727862,
贵阳市规划局宿舍-西门,26.57733,106.727668,
南明东路十五号小区-西门,26.575888,106.730166,
盛世花城,26.578925,106.732324,
中科嘉园,26.576424,106.734761,
碧丽园小区,26.577763,106.732001,
宝山南路59号院,26.577589,106.734197,
南明东路十五号小区,26.575733,106.730304,
南明堂社区,26.576838,106.732369,
德润小区,26.578523,106.734682,
观水路65号院,26.577701,106.732783,
碧绿苑,26.574764,106.730705,
碧丽园小区-西门,26.577788,106.731783,
电力小区(观水路),26.577354,106.737992,
观水路社区,26.575731,106.736731,
宝山南路312号,26.575464,106.736636,
供电局宿舍(观水路),26.577913,106.738706,
电力小区(宝山南路),26.578168,106.735571,
文昌苑小区,26.578181,106.736239,
观水路120号小区-北门,26.577637,106.737659,
供电局小区,26.578062,106.735577,
观水路120小区,26.577402,106.737362,
中铁二院宿舍,26.576243,106.736578,
省科委宿舍,26.575561,106.735302,
供电局小区-西门,26.578045,106.735222,
宝山南路三〇六号,26.576165,106.736819,
省科委宿舍-东北门,26.575795,106.735516,
中铁二院宿舍-西南门,26.576124,106.736031,
文昌苑小区-西南门,26.577983,106.736258,
德润小区-西南门,26.57848,106.735003,
停车场(贵钢团坡桥小区东北),26.575073,106.739234,
停车场(贵钢团坡桥小区东北),26.574623,106.738784,
昱华金果园,26.574999,106.739453,
春江滴翠,26.578498,106.740787,
观水路251号院,26.579094,106.739703,
巾帼园小区,26.575174,106.739454,
中天汤豪斯,26.576631,106.747019,
113厂小区,26.581194,106.573244,
金关小区,26.580481,106.653129,
高天小区,26.582019,106.656938,
金关村金宅小区,26.579355,106.653444,
高天小区韵达快递代收点,26.581554,106.656303,
高天小区-西北门,26.582018,106.655777,
宏达物流(高天小区东北),26.583383,106.658338,
贵州生态村湖潮土鸡蛋洞口养殖小区,26.579295,106.6624,
檀溪谷,26.582924,106.668734,
金马国际,26.580722,106.670341,
伴山园,26.580691,106.67025,
水晶苑,26.582142,106.671757,
贝地·卢加诺,26.57985,106.680055,
麒麟苑,26.580794,106.676078,
贝地卢加诺小区,26.583625,106.683865,
熊记黔福苑,26.583486,106.68332,
半山小镇,26.581342,106.687503,
花果园半山小镇(南区),26.580504,106.686017,
智慧龙城,26.579369,106.696763,
智慧龙城-玲珑水榭,26.579207,106.697529,
智慧龙城-龙锦苑,26.580618,106.696127,
智慧龙城小区服务点,26.581812,106.697468,
智慧龙城-林语苑,26.579194,106.696229,
智慧龙城-二期,26.582065,106.695614,
金鼎山庄,26.582142,106.699728,
乌金路137号院,26.580276,106.701737,
花果园A北区-5栋,26.580243,106.699481,
花果园A北区-10栋,26.580759,106.699127,
花果园A北区-6栋,26.580401,106.699776,
花果园A北区-4栋,26.580046,106.69921,
花果园A北区-2栋,26.579997,106.698698,
花果园-二期,26.580061,106.699344,
花果园A北区-3栋,26.579992,106.698671,
花果园A北区-8栋,26.580619,106.69894,
花香上海城,26.580722,106.703162,
如意苑,26.580743,106.707231,
龙门大厦,26.583456,106.707319,
烟厂宿舍,26.580606,106.706825,
摩托车摩配小区,26.582281,106.703564,
罗汉营小区,26.582698,106.703691,
贵州省机电研究设计院-宿舍,26.583063,106.705463,
平安文明小区,26.579163,106.706957,
贵工宿舍,26.581325,106.704414,
罗汉营小区-东门,26.582633,106.704404,
摩托车摩配小区-东南门,26.581886,106.704019,
龙祥大厦,26.582933,106.70833,
能辉大厦,26.580389,106.710738,
卫校宿舍,26.580355,106.708595,
逸豪峰,26.579904,106.707585,
次南门社区,26.581011,106.709429,
三联紫欣楼,26.5802,106.711113,
贵阳卷烟厂宿舍-东南门,26.581607,106.707636,
中天广场,26.580239,106.713943,
东方明珠,26.581521,106.715611,
都市之星,26.579109,106.715918,
怡景华庭,26.582232,106.714891,
宏源大厦,26.583009,106.715582,
公园南路小区,26.580963,106.71546,
司法厅小区,26.579146,106.712499,
法院街d栋电梯住宅,26.579768,106.716105,
中天广场-I组团,26.58004,106.714226,
法院街商住楼,26.580572,106.716151,
瑞金社区,26.579376,106.713646,
司法厅小区-东门,26.579247,106.712829,
司法厅小区-北门,26.579408,106.71233,
公园南路小区-西门,26.580708,106.7152,
中山大厦,26.58282,106.721156,
懿府,26.582129,106.717622,
尚秀国际化妆造型学校贵阳小区,26.58133,106.718595,
贵阳市市政府宿舍,26.580974,106.716874,
醒狮路18号院,26.580867,106.720333,
醒狮路18号小区-西北门,26.58113,106.720436,
华亿大厦-住宅,26.582883,106.717203,
醒狮路23号院,26.581613,106.721134,
贵阳市市政府宿舍-西门,26.580817,106.716786,
贵阳市市政府宿舍-北门,26.581435,106.716914,
中华南路小区,26.58116,106.720803,
醒狮路5号院,26.581315,106.719812,
名士大厦,26.583511,106.723593,
尚武小区,26.582825,106.724602,
文昌苑,26.583231,106.725456,
文昌第居,26.582127,106.725243,
名士花园,26.582784,106.723732,
富水南路124号院,26.581053,106.722363,
建新小区,26.579191,106.721485,
护国路商住楼,26.579975,106.724074,
护国路86号院,26.579259,106.724425,
富水南路74号院,26.581549,106.722122,
中山东路小区,26.579788,106.724117,
建新小区-停车场,26.579131,106.722019,
尚武社区,26.582817,106.724104,
富水南路35号小区,26.582222,106.721307,
尚武小区-东门,26.583326,106.725026,
大南门社区,26.579377,106.72225,
文昌南路社区,26.57985,106.724669,
尚武小区-西门,26.582825,106.724191,
今喜沃养养殖小区,26.583325,106.72358,
富水南路35号小区-北门,26.582449,106.721351,
国际金融中心,26.581955,106.727648,
官井路社区,26.582742,106.72773,
西湖佳苑,26.579628,106.727137,
双雪苑,26.57949,106.727105,
贵阳市亨特国际小区业主委员会,26.581695,106.726267,
亨特国际-二期,26.581582,106.726733,
省医旁市东路小区,26.580446,106.728355,
贵阳中医学院-学生公寓,26.58067,106.728792,
贵阳中医学院-教师宿舍,26.579348,106.728653,
香谢丽舍,26.579735,106.73423,
依山碧玉,26.58315,106.731686,
辉煌小区,26.580188,106.733801,
盛世花城小区-室内停车场,26.579128,106.733036,
菜鸟驿站(南明区-辉煌小区近邻宝智能快件箱),26.58005,106.733991,
东城新翼,26.580123,106.732876,
蟠桃宫交警支队宿舍,26.581406,106.731888,
辉煌小区-西南门,26.579919,106.733849,
东笙巷社区,26.5832,106.73172,
月亮岩小区,26.583641,106.735473,
兴隆誉峰,26.582546,106.738525,
蟠桃宫交警宿舍,26.581633,106.736498,
蟠桃园,26.582129,106.737014,
温州公寓,26.581627,106.736184,
银辉花园小区,26.583149,106.73589,
圣沣8、9号温馨家园,26.581939,106.735651,
菜鸟驿站(贵阳圣丰小区店),26.582414,106.736211,
团结大院温馨小区,26.582831,106.736912,
圣沣5号小区,26.581517,106.736644,
蟠桃宫路39号院,26.581573,106.735471,
月亮岩小区-东北门,26.583454,106.735519,
月亮岩路42号院,26.583303,106.736582,
蟠桃宫小区,26.581335,106.736403,
团结大院温馨小区-西门,26.58278,106.736735,
鸿源居,26.582673,106.739585,
观水路253号院,26.57935,106.739951,
贵州省水利水电勘测设计研究院职工住宅区,26.579209,106.745297,
水岸金都,26.582024,106.75196,
中天世纪新城-3组团,26.58214,106.748482,
水岸金都小区停车场(入口),26.582879,106.751119,
红岩路社区,26.579366,106.748886,
红岩工业小区,26.582116,106.76171,
红岩工业小区,26.580728,106.761178,
红岩工业小区管理委员会,26.581137,106.760933,
蒙特卡尼-南区,26.586626,106.648293,
西山小区11栋,26.584552,106.650145,
西山小区9栋,26.584258,106.649966,
西山小区22栋,26.584584,106.649817,
贵轮单身宿舍,26.584482,106.65076,
西山小区20栋,26.584635,106.649841,
西山小区16栋,26.585145,106.649989,
西山小区80栋,26.584069,106.649562,
西山小区18栋,26.584887,106.649976,
西山小区78栋,26.584244,106.649548,
天然居,26.585804,106.659221,
天然居-A区,26.585224,106.6591,
天然居-B区,26.584787,106.658956,
丰泰居小区,26.584883,106.663937,
碧玉居,26.585292,106.662871,
金桥家园,26.583967,106.663749,
丰泰居小区-西北门,26.584935,106.663719,
新街花园,26.587956,106.667217,
顺丰速运(贵阳市云岩区檀溪谷小区营业点),26.585801,106.670198,
檀溪谷·昊苑,26.584587,106.66928,
金桥家园,26.587773,106.668839,
贵阳檀溪谷欧式小区复式房,26.585307,106.669899,
首席·溪山庭院,26.586537,106.670269,
熙苑,26.584425,106.670122,
恒大名都旁小区,26.585535,106.672448,
星宸国际,26.58373,106.674298,
美林居,26.585228,106.673985,
翠华金都,26.586576,106.679652,
碧玉园,26.588016,106.679924,
大发小区,26.583834,106.678492,
骐鈊苑,26.588123,106.678576,
旺角金座-二期,26.587539,106.675923,
云阳佳苑,26.583816,106.683012,
楠荞苑,26.585323,106.681719,
云丰小区,26.585353,106.683026,
五柳小区5号E栋,26.584369,106.684704,
五柳小区,26.585593,106.685219,
竹园新居,26.584992,106.684883,
五柳小区5号A栋,26.58553,106.684928,
世纪星苑,26.585434,106.690854,
梓木苑小区,26.586907,106.696973,
智慧龙城商业广场,26.585341,106.698116,
慧龙阁,26.584315,106.698582,
云岩区松山小区综合管理办公室,26.585112,106.698923,
宏福社区,26.587971,106.699753,
财富公馆,26.587225,106.705032,
柳湾小区,26.586939,106.703146,
商储大厦,26.58598,106.704254,
交通局宿舍,26.587637,106.706916,
浣沙社区,26.584822,106.705629,
柳湾小区-西北门,26.587193,106.703232,
世纪汇金广场,26.587561,106.708881,
金宇紫林广场,26.587644,106.710393,
百灵·时尚天地,26.587708,106.711335,
妇幼保健院宿舍,26.583992,106.711945,
新建路10号院,26.585957,106.710088,
市西路海文商场旁小区,26.5842,106.71107,
新建路13号院,26.586445,106.709683,
凯发大厦,26.586124,106.715072,
金沙花园,26.586925,106.715762,
飞山小区,26.586424,106.713512,
大西门小区,26.584126,106.714424,
中山西路四三号,26.584211,106.715947,
飞山街电信宿舍,26.585781,106.714612,
电信小区,26.585242,106.713356,
飞山小区-南门,26.586136,106.713654,
富水花园,26.584758,106.720514,
都市名园,26.585308,106.716814,
贵山城市花园,26.587411,106.72116,
龙港轩,26.588141,106.717976,
贯城河路80号院,26.586592,106.717019,
省府北街1号院(园通街),26.588184,106.720994,
文化局宿舍,26.586465,106.717276,
喷水池太平路小区,26.587992,106.716969,
省府西路10号院,26.585648,106.717953,
时代广场小区,26.584845,106.719513,
市西路中段小区,26.586894,106.719662,
贵阳幻彩酒店式公寓,26.585269,106.718807,
贵阳晚报宿舍,26.585485,106.717987,
贵山苑,26.585611,106.722347,
省府大院43号,26.586897,106.722162,
华珠花园,26.585014,106.723488,
莲花坡小区,26.588183,106.724666,
堰塘街小区,26.588143,106.723003,
堰塘街3号院,26.588018,106.722975,
电台街80号院,26.586293,106.725124,
省府东街14号院,26.58741,106.722802,
君子巷小区,26.587934,106.7257,
文昌北路小区,26.587934,106.7257,
东方星园,26.585309,106.72375,
电台街76号院,26.585998,106.725428,
莲花坡小区-A栋,26.588092,106.725007,
民生路35号院,26.58545,106.721826,
民生路10号院,26.584615,106.722163,
莲花坡小区-南门,26.587712,106.724604,
文笔街3号院,26.586706,106.72411,
摩卡空间,26.584781,106.730155,
文昌大厦小区,26.586932,106.727038,
文昌大厦小区-西门,26.586621,106.726179,
贵阳十中住宅小区,26.583884,106.728981,
省医旁小区房,26.584963,106.730239,
格调,26.586277,106.725765,
警苑社区,26.587277,106.730487,
栖霞警苑,26.588071,106.731258,
省医家属区宿舍-南门,26.583674,106.731558,
东山巷小区,26.586274,106.734463,
交通设计院宿舍,26.585701,106.732137,
贵州省医家属区宿舍,26.583761,106.731536,
金融巷-40号院,26.584592,106.732831,
交医食苑,26.585259,106.731333,
金融巷中行宿舍,26.584927,106.731117,
交通设计院宿舍-西北门,26.586017,106.731917,
东山小区,26.585576,106.73759,
达兴花园,26.587608,106.738264,
教师新村,26.583686,106.737515,
豪力新村,26.586725,106.739279,
贵阳市公安局云岩分局中山东路派出所东山小区警务室,26.586241,106.738122,
东山小区-北门,26.586237,106.73724,
东山小区-南门,26.58539,106.738233,
教师新村-4号平安大院,26.584815,106.737442,
贵阳市佳居物业管理有限公司东山小区办公室,26.586162,106.738327,
东山小区-东南门,26.586043,106.738475,
贵阳市二开发物业公司东山小区物管处,26.585532,106.738105,
东山路八十六号院,26.585617,106.737617,
小区烟酒食杂店,26.58558,106.738134,
扶风花园-二期,26.587086,106.736939,
月亮岩路85号院,26.584258,106.736582,
东山半山小区,26.587478,106.740341,
中天半山小区,26.587692,106.740777,
东山壹号,26.587339,106.740967,
东山半山小区（公交站）,26.587322,106.740666,
中天·世纪新城,26.585446,106.746682,
中天.世纪新城-半山居,26.588116,106.744227,
中天世纪新城-11郡,26.586721,106.748497,
富华松竹苑,26.58388,106.75308,
中天世纪佳苑,26.584063,106.758652,
蒙特卡尼,26.588458,106.649338,
蒙特长尼小区,26.58831,106.649865,
贵汽住宅楼,26.588317,106.657691,
三六五一厂小区,26.589963,106.66536,
宏业·康馨园,26.59123,106.667917,
龙福花园,26.588726,106.668311,
林泉电机厂-家属区,26.58898,106.66842,
龙福花园-北区,26.589087,106.668783,
宏业康馨园-二期,26.591181,106.668049,
龙福花园-南区,26.588497,106.668296,
白云小区,26.592458,106.674864,
旺角金座,26.588291,106.675665,
瀑布啤酒二厂宿舍,26.591224,106.674612,
贵州省公路工程总公司宿舍,26.591807,106.674113,
贵州省公路工程总公司宿舍-1栋,26.59174,106.67402,
白云小区-西南门,26.591756,106.67369,
万科云岩大都会,26.590673,106.677379,
东方欣苑,26.588722,106.677045,
圣泉方舟,26.588903,106.678864,
贵龙园,26.590254,106.688057,
黔灵公馆,26.588336,106.686381,
碧云山庄,26.588477,106.689099,
黔灵山国际社区,26.588326,106.686355,
宏福景苑,26.589254,106.696333,
海马小区,26.589899,106.696854,
百灵小区,26.591791,106.696888,
铁二局宿舍,26.592376,106.697879,
贵州省计量测试院宿舍,26.591811,106.695754,
十三中宿舍,26.588323,106.698124,
铁二局宿舍-西门,26.592747,106.697874,
金色家园,26.590609,106.702089,
黄金路125大院,26.589731,106.70076,
黄金路125号小区,26.589934,106.700697,
铁五局宿舍,26.59218,106.699722,
双峰路32号小区,26.59172,106.702127,
粮食机械厂宿舍,26.591557,106.701607,
粮机厂宿舍,26.591391,106.701984,
粮机厂宿舍-东北门,26.591446,106.70207,
粮食机械厂宿舍-东北门,26.591549,106.701817,
铁五局宿舍-东北门,26.592171,106.699891,
北京华联小区-北门,26.591757,106.701226,
贵州铁建小区-南门,26.592184,106.702292,
黄金路125号小区-东南门,26.589812,106.700848,
雄骏国际大厦,26.590465,106.704158,
鸿基馨苑,26.588911,106.704387,
福建大厦,26.591433,106.706892,
盛世明珠,26.588546,106.703558,
鸿基景苑,26.591731,106.704515,
港天大厦,26.590087,106.703281,
布艺大厦,26.589258,106.70713,
延安小区,26.589155,106.706581,
君临天下圣庭苑,26.592225,106.70435,
泰龙小区,26.592102,106.707488,
小区人家餐馆,26.589958,106.706102,
施格小区,26.588446,106.70546,
小资,26.588698,106.704494,
海发紫林苑,26.589563,106.710815,
建和欣苑,26.591616,106.709984,
阳光花园,26.590269,106.708132,
黔贵小区,26.589565,106.70795,
金枫豪庭,26.589931,106.710554,
新联世纪华庭,26.591457,106.707979,
瑞金北路54号院,26.591435,106.711371,
沁园,26.590288,106.710897,
瑞金北路68号院,26.592093,106.711275,
黔贵小区-西门,26.589495,106.707725,
新联华苑,26.591684,106.708189,
瑞金北路小区房,26.590538,106.710787,
威清路统计局宿舍,26.591747,106.70794,
黔贵小区-停车场,26.589479,106.70786,
黔贵小区-北门,26.589891,106.708036,
名门国际,26.592268,106.715319,
瑞源星城,26.590523,106.713086,
凯迪大厦,26.588819,106.716551,
六福居,26.591051,106.713792,
嘉城苑,26.590325,106.715425,
瑞源星城-B栋,26.590321,106.713271,
林业局宿舍,26.591221,106.714016,
龙泉小区-停车场,26.590865,106.715074,
黔灵西路110号院,26.592274,106.713326,
城基路商检局宿舍,26.589354,106.714867,
黔灵西路108号院,26.592243,106.713828,
黔灵西路116号院,26.592325,106.714137,
延中社区,26.591401,106.715664,
合群路一一号院,26.59189,106.715456,
龙泉巷9号院,26.59103,106.715802,
世贸广场-住宅小区,26.588338,106.715393,
贵阳市东欣物业管理有限公司龙泉小区管理处,26.590822,106.715083,
龙泉小区停车场-出入口,26.590828,106.715225,
景·天城,26.590188,106.71696,
公园2008小区,26.588614,106.717097,
天富公寓,26.588862,106.720254,
天泰家园,26.58956,106.720169,
团结社区,26.592188,106.717758,
公园2008小区人防地下停车场,26.588967,106.717211,
富水北路151号院,26.590102,106.720752,
装苑,26.591134,106.72065,
田泰公寓,26.589401,106.719399,
天恒城市花园,26.589873,106.721431,
佳苑福邸,26.591889,106.723483,
宏业阳光佳居,26.588969,106.72426,
天恒大厦,26.589836,106.721373,
华宫新苑,26.590548,106.725272,
翠屏巷7号工行宿舍,26.591728,106.722039,
三民巷1号教委宿舍,26.589846,106.723848,
小康苑,26.589981,106.722695,
翠屏巷41-48号医药公司宿舍,26.592469,106.722683,
三民东路30号大院,26.589712,106.72445,
御景天下,26.591509,106.725393,
文昌商住楼,26.590871,106.723301,
黔东街道陕西路社区,26.592077,106.721811,
无线电一厂宿舍,26.588686,106.725363,
翠屏巷7号工行宿舍-东北门,26.59175,106.722277,
三民东路47号大院,26.589938,106.723307,
果品公司宿舍,26.590509,106.723264,
莲花坡小区-北门,26.588349,106.724704,
华宫巷中中宿舍,26.591144,106.724852,
第二十三网格三民东路28号房管理局宿舍-北门,26.589902,106.724373,
三民北巷30号供销宿舍,26.590811,106.723329,
国土局小区-西门,26.591152,106.725631,
栖霞小区,26.591746,106.73023,
嘉信华庭,26.592464,106.726559,
中央公园,26.590285,106.72775,
师大附中-家属区,26.59162,106.726484,
交通医院宿舍,26.592176,106.726599,
教委宿舍,26.591795,106.729279,
贵州师范大学-第二学生宿舍,26.591432,106.729812,
教室宿舍,26.590111,106.725787,
贵阳市中药厂宿舍,26.58961,106.727374,
贵阳送药厂宿舍,26.58961,106.727374,
教委宿舍-东南门,26.591841,106.729648,
九华路教师宿舍-西门,26.589999,106.725823,
九华路教师宿舍-南门,26.590078,106.727389,
龙砚东山,26.591003,106.734757,
阳明警宛小区,26.58946,106.733732,
向日葵超市(栖霞小区连锁),26.591241,106.73155,
黄焖鸡米饭(栖霞小区店),26.591682,106.730439,
曾味轩炖品坊（栖霞小区）,26.591241,106.73155,
扶风花园,26.589553,106.737343,
东山美庐,26.590329,106.735259,
贵阳二十八中教师公寓,26.588852,106.736409,
扶风老师公寓,26.589756,106.736304,
宏阳商住楼,26.588435,106.73746,
东山怡景苑,26.59126,106.741883,
中天渔安新城老小区,26.590375,106.747461,
中天·世纪新城东城时代,26.588529,106.747234,
中天·渔安新城-A区,26.590339,106.745906,
万科玲珑湾,26.588762,106.751775,
渔安新城b组团,26.5904,106.749108,
中天·渔安新城-B区,26.590659,106.748903,
万科城小区,26.592941,106.616753,
杨惠幸福小区保障房,26.593647,106.62326,
杨惠小区,26.595424,106.621351,
宇虹罗马假日,26.593492,106.649408,
桥梁公司宿舍,26.592882,106.653244,
黔城美景,26.595852,106.671562,
天骄南苑,26.594896,106.678604,
天利花园,26.592918,106.677708,
骐福苑小区,26.595123,106.678475,
印象小区,26.596647,106.680878,
黔春公寓,26.594816,106.690018,
双峰路39号小区,26.593212,106.697401,
铁路小区,26.593692,106.696156,
平安小区,26.593921,106.697489,
双峰路39号小区-东南门,26.593084,106.697543,
铁路局宿舍,26.59328,106.69912,
铁路局宿舍-西南门,26.593166,106.699031,
万科公园-5号,26.593435,106.705598,
君临天下·皇御苑,26.593609,106.706965,
万科公园,26.593868,106.705272,
天华苑小区,26.595189,106.705149,
鸿基君临天下,26.593257,106.704146,
比兰德宏基彩苑,26.594382,106.706408,
北京路241号院,26.595024,106.704429,
北京路社区,26.595262,106.703879,
北新区路160号院,26.595997,106.704353,
天华苑小区-南门,26.594749,106.704869,
北新区路84号院,26.596119,106.706391,
天瑞花园,26.595248,106.709473,
铝镁佳苑,26.596466,106.708685,
新苑小区,26.595429,106.707913,
北京路194号院,26.597038,106.710676,
北新区路2号院,26.594831,106.709932,
环北吉新社区,26.594336,106.708679,
新苑小区-东北门,26.59534,106.70851,
北新区路18号院,26.595118,106.70989,
贵阳市煤气公司宿舍治安值班室,26.59643,106.707848,
贵阳鸿顺燃气设备销售有限公司宿舍,26.596423,106.707724,
北新区路社区261号宿舍区,26.595999,106.709364,
镭美家园小区,26.596594,106.708598,
交通设计院54号宿舍院落-西北门,26.594837,106.71197,
城市之光,26.594875,106.712367,
佳和花园,26.594603,106.715874,
永乐小区,26.596241,106.715269,
合群路小区,26.594093,106.713761,
五中教师宿舍,26.594117,106.713829,
合群路198号小区,26.594933,106.713805,
交通设计院54号宿舍院落,26.594732,106.712102,
永乐路171号院,26.596317,106.713596,
永乐路168号小区,26.595534,106.713729,
合群路5座宿舍-东北门,26.594215,106.713713,
合群路5座宿舍,26.593975,106.713483,
永乐新苑,26.595481,106.714493,
贵州省博物馆家属区,26.597022,106.712593,
城基路中行小区,26.593184,106.712189,
永乐路168号小区(东南门),26.595122,106.714041,
西北新村,26.594254,106.713265,
美佳大厦,26.594263,106.71778,
千禧苑,26.596254,106.718547,
创世纪新城,26.593623,106.719703,
虎门巷小区,26.593822,106.721085,
黔和花园,26.593189,106.720395,
华谊苑,26.595335,106.720934,
陕西路120大院,26.594679,106.720449,
陕西路127号院落,26.595365,106.719442,
陕西路112号院,26.594693,106.720504,
中华北路云岩区机关宿舍,26.596634,106.718526,
贵阳大学生职达公寓,26.59363,106.71773,
余家巷19号院,26.596412,106.720638,
陕西路77号院,26.593032,106.719752,
繁荣花园,26.593451,106.719918,
中环社区白鹦巷1号院落,26.596227,106.718614,
虎门巷小区-西门,26.594331,106.720368,
余家巷小区,26.596295,106.720878,
北横巷4号小区(西门),26.594159,106.717108,
北横巷6号小区-西门,26.594414,106.717138,
和平商住楼,26.594701,106.719879,
壹号仓,26.595762,106.717131,
亨特上城,26.592804,106.723098,
书香门第,26.594446,106.725241,
石油小区,26.593565,106.72385,
翠屏巷小区,26.592759,106.722528,
友谊小区,26.595501,106.723207,
友谊小区-2号门,26.595812,106.722817,
和平公寓,26.594911,106.721645,
友谊路新印厂对面民宅,26.595102,106.722885,
友谊小区-西南1门,26.595118,106.723188,
超奇鲜果(石油小区店),26.593609,106.723457,
石油小区-西门,26.593325,106.723491,
宝山北路农行宿舍,26.596708,106.72464,
石油小区-东门,26.594939,106.724596,
友谊小区-1号门,26.595838,106.722585,
石油小区-停车场,26.593471,106.723562,
友谊路红楼,26.593062,106.723592,
普陀社区余家巷13号大院,26.594412,106.721449,
石油小区社区公园,26.593249,106.723523,
虎门巷小区-南门,26.593281,106.722102,
百灵阳光小区-南门,26.597113,106.722529,
第十五网格农业委宿舍-东门,26.593812,106.72455,
虎门巷小区-东门,26.5957,106.722295,
友谊小区-西南2门,26.595852,106.722937,
虎门巷小区-C号楼,26.593115,106.721376,
虎门巷小区-D号楼,26.593346,106.72139,
吟峰苑,26.593355,106.726224,
贵州师大教师宿舍,26.592964,106.72702,
教职工宿舍,26.595837,106.728124,
贵州师范大学-第五学生宿舍,26.596052,106.730235,
江山公寓,26.597035,106.734372,
省医宿舍,26.593397,106.733733,
民航宿舍,26.594639,106.73201,
贵州师范大学-第十九栋学生宿舍,26.596578,106.730459,
云岩区政府旭东小区治安值班室,26.59409,106.732261,
贵州师大旭东学生公寓,26.595832,106.733337,
贵州师范大学学生第六宿舍,26.594816,106.731437,
云岩区政府旭东小区-西北2门,26.594112,106.732361,
民航宿舍-东南门,26.594485,106.732299,
贵州师范大学-第十二学生宿舍,26.594329,106.731262,
贵州师范大学-第十七学生宿舍,26.59601,106.73242,
旭东路142号小区,26.594951,106.733373,
贵州师范大学-留学生公寓,26.594553,106.731601,
云岩区政府旭东小区-西北1门,26.593596,106.731228,
绿谷超市(扶风住宅小区东),26.596358,106.738516,
优山美诗,26.596523,106.741528,
实验三中教师宿舍地下停车场,26.597147,106.741696,
大转湾安置小区,26.595509,106.798049,
中航城,26.600879,106.619592,
茶园幸福小区,26.59791,106.629251,
小康新苑,26.600131,106.627111,
贵阳市茶园小区,26.59957,106.628237,
贵阳市茶园小区-北门,26.600407,106.628214,
茶园幸福小区-西北门,26.59885,106.628736,
万科悦城,26.599774,106.635351,
贵州橡胶配件厂电大小区,26.601434,106.66122,
鑫园,26.600636,106.66705,
亨特萃山国际,26.601015,106.67875,
天骄北苑,26.597384,106.679527,
黔灵湖滨苑,26.598347,106.690642,
八鸽岩小区,26.599092,106.706573,
天天房开枫园小区,26.599497,106.705856,
八鸽岩天天小区,26.59866,106.706248,
八鸽岩小区-东南门,26.598926,106.707206,
八鸽岩小区-西南门,26.598873,106.706378,
天天房开枫园小区-东南门,26.599046,106.705776,
八鸽岩小区-东门,26.598913,106.707151,
银海元隆广场,26.598583,106.710415,
银海元隆广场-B区,26.597415,106.707979,
地矿小区(黔灵山路),26.598684,106.708967,
煤炭厅宿舍,26.597482,106.710368,
银海元隆广场-A区,26.598181,106.710022,
纪委宿舍,26.601586,106.710022,
规划院宿舍,26.601291,106.711882,
民政厅宿舍楼,26.60138,106.710099,
贵州省文化系统宿舍-西北门,26.601017,106.708075,
纪委宿舍-东南门,26.601707,106.710371,
贵州省文化系统宿舍,26.600967,106.708223,
民政厅,26.60139,106.71015,
规划院宿舍-东门,26.601298,106.711873,
铁路小区-东门,26.600018,106.707565,
地矿小区-西南门,26.598328,106.70862,
地矿小区-西南1门,26.598642,106.708275,
大茂体育(银杏小区南),26.597776,106.71418,
银杏小区,26.598282,106.714442,
环城北路社区,26.597444,106.712853,
民族出版社宿舍,26.597628,106.713927,
贵旅·樟江泊林,26.600714,106.712453,
六广门雅居,26.600049,106.716336,
省政协大院宿舍区-3号门,26.6017,106.716115,
银杏小区-东北门,26.598453,106.714947,
衣苑,26.600448,106.716214,
凤苑,26.600271,106.715885,
变维小区,26.597309,106.721128,
利美康职工宿舍,26.597927,106.717071,
省政协大院宿舍区-4号门,26.601368,106.717409,
红边门西部浴海楼上小区,26.597877,106.720736,
盐务街1号院,26.601644,106.718434,
变维小区-西北门,26.597682,106.720774,
百灵尚品一号,26.597524,106.724246,
百灵阳光小区,26.597624,106.723117,
冠竹苑,26.599662,106.722854,
锦绣苑,26.597468,106.722181,
凯福苑,26.599062,106.723689,
阳光都市商住小区,26.601192,106.723549,
北京路壹号小区,26.598898,106.721237,
凯发家园,26.600764,106.723985,
阳光小区娱乐室,26.601061,106.723516,
百灵阳光小区停车场-出入口,26.59749,106.723211,
新华印刷厂四合院小区-北门,26.597917,106.725363,
新华印刷厂四合院小区,26.597868,106.725511,
贵州日报社糖果厂-宿舍,26.600921,106.725039,
阳光都市商住小区-西北门,26.601136,106.723543,
相宝居委会小区,26.598856,106.72543,
相宝居委会小区-北门,26.599009,106.725409,
百灵阳光小区-停车场,26.597719,106.723051,
阳光都市,26.601669,106.723665,
变维小区-B栋,26.597536,106.7215,
施格名门,26.599441,106.725933,
金狮小区,26.600175,106.733039,
金狮小区-二期,26.600345,106.73298,
扶风住宅小区,26.597518,106.734409,
中国电信(金狮小区营业厅),26.601049,106.732466,
巫峰路27号小区,26.598038,106.733443,
云人轩新黔小区,26.601261,106.731847,
金狮小区-南区,26.600185,106.733007,
金狮小区-停车场,26.600472,106.73412,
金狮-北区,26.601389,106.73293,
扶风住宅小区-西南门,26.597373,106.734284,
巫峰路27号小区-东门,26.597936,106.733614,
金狮小区南区-西北门,26.600569,106.732941,
金狮小区北区-西南门,26.601602,106.731921,
金狮小区-停车场,26.599452,106.735043,
贵州乐业安居物业管理有限公司金狮小区物业服务处,26.599601,106.735195,
紧急避难场所(扶风住宅小区北),26.599468,106.735001,
西瓜村小区,26.600269,106.744176,
野鸭塘幸福里小区,26.601908,106.631014,
龙昌苑,26.605465,106.637432,
龙祥苑,26.604869,106.635607,
世纪城龙翔苑,26.604381,106.635852,
龙泉苑-1幢,26.60639,106.63913,
世纪城h组团,26.602765,106.638663,
龙祥苑-4幢,26.604957,106.635574,
龙泉苑,26.605724,106.642297,
龙泉苑-西区,26.605494,106.640931,
龙泉苑-东区,26.606036,106.643705,
龙泉苑-23幢,26.60461,106.643205,
龙慧苑,26.603377,106.645547,
世纪城龙慈苑,26.605962,106.645503,
水电八局宿舍区,26.606108,106.651439,
水电八局宿舍区,26.60572,106.653369,
水电九局小区,26.605039,106.661433,
水电九局宿舍区,26.603461,106.660609,
光明桂花园,26.602297,106.661611,
罗马假日小区,26.60487,106.664841,
安怀小区,26.602506,106.666582,
九局外区,26.60234,106.665368,
荷塘社区公路公司宿舍院落,26.60456,106.666319,
贵州省经济学校教师宿舍,26.60564,106.66514,
光明桂花鱼小区,26.602954,106.665529,
贵州省经济学校教师宿舍-东北门,26.606321,106.665174,
广信四季家园,26.60205,106.668805,
橙堡小区,26.605664,106.667687,
广信四季家园-二期,26.602141,106.667291,
圣泉流云花园-观云邸,26.605773,106.676313,
碧云山居,26.605687,106.709171,
红盾新寓,26.604046,106.70922,
省发改委宿舍,26.603378,106.709014,
八鸽岩工商局宿舍,26.604142,106.710079,
省政府宿舍-西北门,26.604461,106.711253,
贵州省政府宿舍(八鸽岩路),26.604318,106.711277,
市北路84号院,26.605244,106.714568,
仁达饭店小区-东北门,26.60272,106.714597,
市北路26号院,26.603547,106.715035,
八一大院,26.604067,106.714131,
省政府宿舍-东门,26.602207,106.71523,
市北路15号院,26.604079,106.714436,
省人大机关宿舍,26.602333,106.714869,
贵州省经济贸易委员会宿舍,26.60319,106.713383,
国税局宿舍,26.604034,106.714839,
市北路38号院,26.604091,106.714965,
贵州省经济贸易委员会宿舍-东南门,26.603182,106.713377,
贵州省人大机关-宿舍东北门,26.602442,106.715019,
商专宿舍,26.605726,106.717445,
省政协大院宿舍区,26.602413,106.718051,
新华苑,26.602166,106.71997,
省政协大院宿舍区-7号门,26.602966,106.718022,
荣辉桂园,26.603992,106.718046,
新贵路7号院,26.603415,106.718889,
烟草局小区,26.605796,106.718002,
兴贵路24号院,26.60581,106.721101,
百草巷25号院,26.604521,106.717468,
兴贵路二六号院,26.606242,106.720285,
公安宿舍,26.603642,106.718907,
生活无夏,26.60238,106.718458,
贵阳制药二厂-宿舍,26.602821,106.718145,
贵阳制药二厂宿舍-东北门,26.602913,106.718306,
博泰华庭,26.605181,106.724496,
消防综合大楼,26.602843,106.72419,
贵开花园,26.604873,106.725351,
常立花园,26.606348,106.725469,
麒龙润园小区,26.603917,106.723321,
贵阳市神奇商住楼,26.602868,106.723769,
居易阁-鸿灵现代公寓,26.603377,106.725109,
麒龙润园小区-C栋,26.603929,106.72304,
麒龙润园小区-B栋,26.60389,106.723331,
麒龙润园小区-东南门,26.603655,106.723915,
万东花园,26.603003,106.728558,
紫金庄园,26.605929,106.729809,
东安新苑,26.602891,106.725834,
大营路新华阁,26.604958,106.727996,
友谊花园,26.6045,106.726214,
景藤堡,26.603998,106.725884,
百花小区,26.604021,106.73017,
碧园溪林,26.601923,106.727426,
供电局宿舍(大营路),26.604834,106.728333,
贵乌北路156号苑,26.605547,106.725825,
筑兴社区,26.6038,106.726898,
亚华小区,26.602473,106.72653,
五医宿舍,26.602191,106.726187,
星竹园小区,26.604327,106.727512,
贵乌筑新巷20号院落,26.603819,106.727347,
菜鸟驿站(友谊花园小区速递易),26.605836,106.726523,
供电局宿舍-西南门,26.60523,106.727597,
大营路单元房,26.605046,106.728671,
大营路145号苑,26.605702,106.728059,
开磷筑新商住小区,26.603865,106.729717,
星竹园小区-南门,26.604141,106.727608,
星竹园小区-北门,26.604951,106.727598,
开磷筑新商住小区C座-东南门,26.603744,106.729995,
含香雨露花苑,26.604695,106.728536,
登高小区,26.605271,106.731489,
百花山住宅小区,26.604147,106.733414,
开磷百花小区,26.603322,106.730518,
金狮小区·狮子组团,26.602584,106.730491,
筑兴苑,26.604452,106.730347,
金狮小区-0号室内停车场,26.60369,106.7321,
登高小区-西南门,26.60475,106.731325,
金狮小区-百花苑,26.602394,106.732926,
云岩公安百花山住宅小区-西北门,26.603852,106.732411,
金狮小区百花组团-4栋,26.602917,106.731663,
金狮小区百花组团-21栋,26.602183,106.733138,
山花牛奶(金狮小区分店),26.602494,106.732016,
金狮小区百花组团-5栋,26.602608,106.731738,
百花住宅小区-南门,26.604154,106.732884,
金狮小区-百花组团,26.602602,106.73267,
开磷筑新商住小区(C座),26.603211,106.730429,
贵阳花溪凯宇物业金狮小区工会小组,26.602258,106.732228,
金狮小区百花组团-6栋,26.602272,106.731809,
贵州盛宏物业管理有限公司登高小区管理处,26.605057,106.731055,
金狮小区百花组团-8栋,26.60255,106.732046,
金狮小区百花组团-3栋,26.603195,106.731697,
金狮小区顺海组团-南门,26.602005,106.743887,
金狮小区顺海苑-北门,26.605133,106.743396,
金狮小区顺海苑-西门,26.603493,106.742956,
金狮小区顺海苑-13栋,26.602989,106.743001,
金狮小区顺海苑,26.60375,106.744578,
金狮小区顺海苑6-1栋,26.604216,106.74425,
金狮小区顺海苑6-2栋,26.60455,106.744345,
未来方舟A,26.603273,106.763499,
龙佑苑,26.608796,106.628143,
龙吉苑,26.607024,106.633618,
龙泽苑,26.609053,106.631474,
中渝万熙城,26.60699,106.632239,
龙泽苑-北区,26.610409,106.632634,
龙泽苑-南区,26.60812,106.630767,
龙盛苑,26.6094,106.636927,
龙贤苑-34幢,26.607013,106.639146,
龙贤苑-31幢,26.608437,106.638537,
龙贤苑-O2区,26.608478,106.638726,
龙贤苑,26.610063,106.639427,
龙祺苑,26.6098,106.643062,
观山湖区世纪城社区服务中心,26.608869,106.639783,
龙泉苑-19幢,26.606683,106.642924,
世纪城财智中心写字楼,26.608005,106.640252,
龙贤苑-北区,26.610823,106.639338,
龙贤苑-35幢,26.606835,106.639907,
龙贤苑-南区,26.60764,106.63937,
龙锦苑(龙城庄园东南),26.608791,106.646958,
龙城庄园,26.608837,106.644327,
贵州化工学院宿舍5号楼,26.607475,106.652911,
和盛,26.610394,106.656207,
绿谷超市(黔航小区东),26.608721,106.659201,
黔航小区,26.609664,106.66285,
黔航小区-东南门,26.609507,106.663009,
花溪国际旅行社(黔航小区东北),26.610686,106.664598,
圣泉流云花园,26.608168,106.674947,
熙山郡,26.60688,106.673061,
圣泉流云花园万象城,26.608404,106.675156,
金桂园,26.609369,106.671203,
审计厅宿舍,26.610021,106.711716,
贵州省人民政府宿舍府苑小区,26.607411,106.714123,
烟厂宿舍(盐务街),26.607105,106.71592,
烟厂宿舍-南门,26.60687,106.715994,
贵房宅吉公馆,26.609895,106.714185,
省政府宿舍(中华北路),26.606994,106.714203,
府苑小区-南门,26.606866,106.714187,
贵房宅吉公馆-西区,26.609623,106.714302,
贵房宅吉公馆-东区,26.610345,106.714421,
贵州省政府宿舍-南门,26.606784,106.715118,
宅吉小区,26.606772,106.717889,
中天宅吉大厦,26.607439,106.717647,
中天宅吉碧苑,26.606595,106.717151,
中国邮政储蓄银行(宅吉小区邮局营业部),26.608627,106.720261,
日月圆小区,26.60758,106.721076,
梦想典城-2期,26.610878,106.720377,
宅吉路2号院,26.610167,106.717728,
留一手特色烤鱼(宅吉小区店),26.607494,106.717185,
中国邮政储蓄银行-24小时自助银行(贵阳市宅吉小区支行),26.608694,106.720069,
金仓路6号院,26.606901,106.718164,
贵州省国土厅宿舍,26.606818,106.71813,
吉祥小区,26.606478,106.717773,
宅吉小区学生课外艺术培训中心,26.608717,106.720761,
盐吉区环境管理站宿舍,26.607196,106.716799,
德吉小区,26.607421,106.717959,
裕阳酒店旁宿舍,26.610756,106.717689,
贵州省国土厅宿舍-西北门,26.607056,106.718059,
贵州诚信驾校宅吉小区招生点,26.610068,106.719795,
嘉怡花园,26.608543,106.725137,
宅吉小区,26.607159,106.721678,
宅学,26.606695,106.721785,
顺丰速运(贵阳市云岩区宅吉小区营业点),26.606794,106.721627,
御荣新城,26.607514,106.724851,
半边街电信小区,26.606952,106.722892,
宅吉后花园,26.609636,106.721321,
庆丰路9号院,26.608203,106.723071,
半边街32号院,26.609921,106.724153,
半边街48号楼,26.610573,106.723972,
庆丰小区-西1门,26.607387,106.722502,
博卓蚕丝专卖家纺宅吉小区分店,26.608165,106.722665,
中大国际小区,26.61068,106.726762,
银佳花园,26.608922,106.726959,
锦泰家园,26.606885,106.726414,
中大国际小区-A3栋,26.61063,106.726655,
北城公馆,26.609047,106.728059,
凤冠家园,26.606655,106.728265,
中建华府,26.609513,106.733201,
新联小区,26.607438,106.730331,
民政小区,26.606906,106.733196,
慈庵农科委宿舍,26.61056,106.731317,
民政小区-东北门,26.607247,106.733292,
醉烧烤烤鱼民政小区店,26.607666,106.733267,
民政小区中通快递店,26.607146,106.733534,
阳光金地,26.610438,106.737165,
中天·帝景传说C3-1栋,26.614709,106.621027,
中铁·逸都国际销售中心,26.612148,106.6215,
帝景传说山邸,26.614928,106.62388,
睿力上城,26.614515,106.630005,
龙瑞苑,26.611621,106.628381,
睿力凤凰城,26.614007,106.62879,
龙嘉苑,26.610988,106.63411,
龙兴苑,26.614584,106.633447,
金阳世纪,26.613207,106.633579,
龙禧苑,26.613079,106.636098,
龙城壹号,26.615161,106.63811,
龙福苑,26.613424,106.639763,
沁园,26.612904,106.641118,
龙福苑-北区,26.614728,106.641359,
金阳世纪城龙耀苑,26.614381,106.645411,
贵阳世纪城龙耀苑-东区,26.61372,106.646387,
龙凯苑,26.612224,106.649699,
龙凯苑-23幢,26.61315,106.650644,
龙凯苑-12幢,26.613816,106.649868,
龙凯苑-东区,26.612165,106.65001,
龙凯苑-西区,26.611027,106.648473,
龙凯苑-南区,26.611005,106.648494,
国电金海域小区,26.61375,106.654225,
国电金海域小区-1栋,26.614737,106.655415,
圣泉流云林城国际,26.611515,106.677198,
黔灵半山,26.610962,106.709731,
黔灵小区,26.611678,106.710766,
黔灵文峰苑,26.612052,106.712298,
银通山庄-鸿禧园,26.61433,106.71542,
梦想典城,26.610962,106.7203,
开磷宅吉花园,26.613996,106.719392,
银通山庄,26.612113,106.717816,
贵信花园,26.611399,106.71841,
华联小区,26.6131,106.719888,
旅华苑小区,26.613538,106.720521,
康发小区,26.612653,106.719322,
银通山庄-千禧园,26.613097,106.717312,
贵阳华侨友谊股份有限公司宿舍,26.611048,106.717846,
宅吉花园南苑,26.614062,106.71901,
宅吉太乙巷华盛苑,26.611801,106.720913,
天玺苑,26.61349,106.721162,
康友小区(麻冲路),26.612543,106.719467,
华联小区-1栋,26.612992,106.719726,
华联小区-西北门,26.613217,106.719943,
旅华苑小区-西南门,26.613399,106.720244,
贵阳市烟厂宿舍,26.612542,106.719469,
贵阳华侨友谊股份有限公司宿舍-西南门,26.610998,106.717903,
政协宿舍-1栋,26.612185,106.718746,
政协宿舍-2栋,26.61237,106.718895,
贵州省政协-宿舍西北门,26.612323,106.718686,
旅华苑小区(西北门),26.613471,106.720113,
华联小区-2栋,26.613203,106.720204,
宅吉社区幸福院滋,26.613923,106.720019,
银通花园,26.614139,106.725546,
天玺华庭小区,26.612027,106.722565,
平安小区,26.611331,106.72354,
莹通花园,26.615229,106.725368,
天玺华庭小区-停车场,26.611572,106.722787,
贵州省广播电视局直属台宿舍,26.614213,106.722087,
鹿冲关路215号院,26.613685,106.724359,
沙河小区东北一门,26.613166,106.724463,
天玺华庭小区-东南门,26.611867,106.722997,
沙河小区(东北2门),26.612895,106.724958,
半边街62号院,26.611183,106.722229,
半边街58号楼,26.611605,106.722525,
贵州省广播电视局直属台宿舍-南门,26.614177,106.722315,
平安小区-东门,26.611204,106.724003,
天玺华庭小区-东北门,26.612342,106.722747,
半边街68号楼,26.611517,106.722038,
宅吉永安寺街民宅,26.611424,106.724075,
沙河花园,26.614807,106.727362,
沙河花园-三期,26.612802,106.726767,
万江小区-南门,26.615093,106.728458,
万江小区  绿谷超市,26.615348,106.7283,
中大国际小区-A2栋,26.611031,106.72653,
万江小区-1栋,26.615112,106.728692,
首味鲜烫菜馆(万江小区内),26.615239,106.72829,
金耀华庭,26.611544,106.734095,
向阳公寓,26.612854,106.731219,
向阳路31号院,26.612041,106.732073,
化工路公安局宿舍,26.612459,106.730804,
化工路经房小区,26.611293,106.732492,
向阳公寓-上区,26.613079,106.731611,
向阳路13号大院,26.612182,106.730701,
向阳公寓-下区,26.612748,106.731206,
乌江怡苑,26.615461,106.737739,
汪家湾,26.613616,106.736891,
君竹苑,26.61185,106.738018,
汪家湾七建公司小区,26.61111,106.736306,
紫薇居,26.611916,106.738128,
汪家湾七建公司小区-停车场,26.611259,106.73639,
温泉新城,26.615444,106.763974,
保利·温泉新城丽池浅山区,26.612395,106.764408,
中铁逸都国际,26.615794,106.617879,
昆仑奥林花园,26.617676,106.619444,
昆仑澳韵,26.617728,106.619482,
中天帝景传说,26.615542,106.62524,
景怡西苑,26.618921,106.623129,
中天帝景传说B19栋,26.618742,106.622519,
金阳盆景福华苑,26.617473,106.628963,
中天帝景传说A3-1栋,26.61724,106.62658,
富贵缘,26.617227,106.631353,
观山小区-10栋,26.619119,106.640282,
龙宇苑,26.616066,106.647391,
龙宇苑-西区,26.616542,106.646281,
龙宇苑-东区,26.615702,106.647791,
世纪金源国际财富中心,26.617329,106.648888,
贵阳.佳境天城,26.618801,106.649176,
阳关城市花园,26.616872,106.677837,
贵阳市云岩区雅关小区,26.617344,106.69966,
黔逸花园,26.617116,106.70829,
南馨苑小区,26.618582,106.708305,
省人大宿舍,26.616012,106.708639,
南馨苑小区(东南门),26.618255,106.708448,
海泓兰馨苑,26.6192,106.715559,
小石城,26.61934,106.720925,
世纪园小区,26.618729,106.718809,
约克·城邦,26.617654,106.717059,
兴合家园,26.619983,106.716982,
世纪园小区(蛮坡),26.617012,106.717095,
心怡居,26.61906,106.718063,
缘份天空欣歆园小区,26.619753,106.721866,
欣歆园-10号楼,26.616796,106.722577,
万江小区,26.616321,106.728935,
枫林小区,26.617165,106.727688,
万江小区,26.615914,106.727483,
佳居苑,26.619107,106.729878,
万江小区-北门,26.617424,106.728617,
枫林小区-东门,26.616905,106.72827,
中国农业银行ATM(万江小区),26.6157,106.727549,
长冲小区,26.617742,106.728879,
枫林小区-东南门,26.61695,106.728171,
独味乌江片片鱼系列口味万江小区总店,26.615534,106.728026,
万江小区-西1门,26.616332,106.727983,
万江小区-北1门,26.617366,106.728625,
万江小区-18栋,26.617155,106.728618,
万江小区-23栋,26.615778,106.728488,
万江小区-5栋,26.615509,106.728926,
万江小区-北3门,26.61777,106.729141,
也士煮茶世家（万江小区）,26.61887,106.7291,
万江小区-20栋,26.616565,106.728323,
周四馒头(万江小区店),26.616123,106.727466,
留一手特色烤鱼(万江小区六分店),26.616247,106.727393,
枫林小区文化活动室,26.61865,106.727519,
长冲小区-北门,26.61797,106.729031,
万江小区-24栋,26.615863,106.728033,
万江小区-22栋,26.616157,106.727976,
万江小区-西2门,26.61685,106.728467,
万江小区-北2门,26.617714,106.728664,
万江小区-西北3门,26.617634,106.728728,
万江小区-西北2门,26.616787,106.728497,
黄山冲路12号小区-西北门,26.619692,106.73019,
桂之美化妆品(万江小区二分店),26.618739,106.728992,
曦阳山庄,26.617905,106.732093,
黄山冲小区,26.619254,106.730889,
曦阳公寓,26.618465,106.733078,
长冲农民新村,26.615507,106.730702,
黄山冲路35号院,26.619942,106.731552,
电信宿舍-东南门,26.615915,106.734645,
黄山冲小区-东门,26.619795,106.732121,
黄山冲小区-西北2门,26.620026,106.731302,
黄山冲小区-西北1门,26.619449,106.730879,
王中华骨健康馆(黄山冲小区南),26.618623,106.731626,
电信宿舍,26.616854,106.734821,
贵阳市第二实验中学-1号宿舍楼,26.615878,106.73713,
英格兰庄园,26.615668,106.742932,
保利·温泉新城翰林,26.6188,106.759565,
新天社区,26.616527,106.764637,
保利·温泉新城睿园,26.617219,106.762176,
保利·温泉新城-北区,26.616906,106.767825,
保利·温泉新城-翠岭,26.616502,106.767517,
叶家庄新村苑,26.618834,106.772121,
明诚景怡苑,26.62375,106.631757,
金阳景怡苑7组团,26.621354,106.631763,
金谷苑小区,26.624066,106.639052,
龙潭·春天,26.621468,106.637384,
金谷苑小区-停车场,26.624582,106.638198,
观山小区,26.620637,106.640973,
合力超市(观山小区店),26.623189,106.641283,
观山小区-东北门,26.623721,106.640546,
观山小区,26.623302,106.641689,
观山小区-4栋,26.621998,106.640518,
金谷苑小区-东北门,26.624257,106.639565,
保利·云山国际,26.620819,106.703087,
蛮坡幸福小区,26.62264,106.714283,
丽景阳天,26.621122,106.718035,
碧树云天,26.622687,106.71692,
中国农业银行ATM(鹿冲关路延伸段(蛮坡)小石城小区),26.62017,106.720624,
天阳景苑,26.621485,106.718246,
小石城·北湖,26.624169,106.721255,
万科公园传奇,26.622235,106.722726,
菜鸟驿站(大营坡财院学生宿舍8栋),26.622037,106.728539,
贵州财经大学(北校区)-第7栋公寓,26.623097,106.728833,
贵州财经大学(北校区)-第6栋公寓,26.623254,106.729162,
贵州财经大学(北校区)-第5栋公寓,26.623309,106.729122,
贵州财经大学北区学生公寓-第3栋,26.620185,106.726447,
竹园小区,26.624257,106.734182,
中天花园玉兰园,26.620864,106.737534,
中天花园-茶花园,26.623339,106.73774,
中天花园桃花园,26.623256,106.735341,
中天花园-樱花园,26.622574,106.736547,
中天芙蓉园,26.622209,106.735768,
中天花园-紫薇园,26.624373,106.738455,
中天花园-叠翠谷,26.624137,106.741349,
顺兴花园-兰溪谷,26.621737,106.742018,
峰景时代,26.622921,106.741277,
顺兴花园,26.621426,106.741066,
顺兴花园-一期,26.621501,106.741205,
新添村蔡家寨安置小区,26.622561,106.777673,
贵阳职业技术学院学生宿舍,26.627563,106.60817,
金阳南路景怡东苑,26.625846,106.630746,
汇美超市平价生鲜店景怡苑小区分店,26.625323,106.63113,
阳关小区-南门,26.628815,106.653458,
阳关小区-1栋,26.629129,106.654262,
启林创客小镇,26.626667,106.661869,
天誉城,26.625431,106.706837,
科技学院学生宿舍管理委员会,26.62572,106.71865,
贵州大学科技学院-学生公寓,26.625447,106.719216,
科技学院学生宿舍管理与服务中心,26.62572,106.71865,
黄山冲新村4号楼,26.626627,106.729373,
黄山冲新村51号楼,26.627527,106.728561,
贵州财经大学(北校区)-学生公寓第17栋,26.626069,106.732154,
中天花园-御景湾,26.628055,106.740016,
东东小区,26.626446,106.741682,
中天花园御翠岭,26.625574,106.744481,
大上海,26.625179,106.750536,
上海之春,26.625014,106.749276,
顺海山冲新村,26.628401,106.767221,
保利·春天大道,26.6279,106.791449,
碧海乾图花园,26.630894,106.620762,
碧海社区红湖小区,26.631979,106.616958,
碧海社区商房高第小区,26.630219,106.617505,
小区娱乐室,26.630173,106.61781,
碧海社区商房高第小区,26.630086,106.617478,
碧海社区商房高第小区7-2栋,26.630124,106.617473,
碧海社区商房高第小区7-3栋,26.630197,106.616979,
碧海龙珠,26.633552,106.625537,
阳光香榭花园,26.632246,106.624777,
碧海社区听涛园小区,26.630156,106.62493,
融创名品城,26.632326,106.622763,
听涛园小区业主活动中心,26.630067,106.625246,
碧海社区听涛园小区-南2门,26.630389,106.62536,
碧海花园,26.632517,106.629167,
松景阁小区,26.630045,106.627634,
观山湖区碧海社区服务中心,26.631231,106.626394,
麒龙金翠湾,26.632541,106.629092,
松景阁小区-2号门,26.631038,106.628127,
松景阁小区-西门,26.629244,106.626139,
碧海社区听涛园小区-南1门,26.629216,106.625815,
松景阁小区-东北1门,26.631592,106.627364,
京翠湾,26.632302,106.628092,
松景阁小区-东北2门,26.630292,106.62934,
碧海观山小区,26.633369,106.630229,
远大美域,26.631502,106.64792,
远大·生态风景,26.630089,106.650643,
阳关小区-西门,26.630093,106.652734,
阳关小区,26.630232,106.651558,
阳关小区-5栋,26.629739,106.65215,
阳关小区-16栋,26.630531,106.652562,
阳关小区-15栋,26.630811,106.652882,
阳关小区-10栋,26.629709,106.652731,
阳关小区-4栋,26.629191,106.652226,
阳关小区,26.630046,106.653144,
108小区,26.633194,106.655038,
阳关小区-北门,26.631255,106.653566,
阳关小区-13栋,26.630895,106.65347,
阳关18栋,26.630771,106.65319,
阳关小区-19栋,26.631197,106.65333,
阳关小区-20栋,26.631218,106.654051,
北大资源梦想城,26.629466,106.673646,
城市魔方,26.633375,106.751497,
恒大雅苑,26.631931,106.75189,
恒大大坡项目小区,26.632398,106.755495,
林峰苑,26.632161,106.765783,
锦澳山庄,26.630052,106.770677,
顺海花园,26.629305,106.767624,
颐欣苑,26.632848,106.770991,
温泉花园-西区,26.633508,106.774549,
怡泉居,26.633654,106.775493,
城市·山水公园,26.631653,106.780026,
温泉花园,26.632266,106.775784,
温泉花园-东区,26.633054,106.776356,
顺新公寓,26.632764,106.778024,
城市·山水公园-CDE区,26.631626,106.781227,
城市·山水公园-别墅区,26.630537,106.780688,
黎阳家园,26.636313,106.62081,
碧波苑小区,26.636546,106.617814,
碧波苑小区-南门,26.634692,106.617691,
停车场(碧波苑小区西南),26.637135,106.616585,
中天山水园,26.636278,106.625387,
丽阳天下,26.63642,106.629799,
碧海爱尔园,26.634505,106.625761,
丽阳天下A区-12栋,26.636892,106.6296,
丽阳天下A区-4栋,26.636253,106.628622,
观山湖一号,26.635643,106.633442,
碧海观山小区-东门,26.633871,106.630475,
丽阳天下E区,26.635976,106.630436,
丽阳天下-C区,26.635243,106.63031,
官府一号,26.634777,106.634842,
金华世家,26.634971,106.63593,
远大·生态风景-1期,26.636638,106.65081,
三桥公路公司宿舍,26.637596,106.661048,
蝴蝶泉,26.635531,106.754694,
康城花园,26.634662,106.765239,
松溪园,26.635488,106.765268,
建安小区,26.635666,106.765997,
新天卫城,26.635466,106.769353,
碧水人家,26.634625,106.767581,
卫城水街,26.637119,106.770375,
滨河苑,26.636285,106.767499,
蓝波湾·新天卫城-卫央街区,26.636519,106.768683,
红景街区,26.635919,106.769611,
新添寨粮食局宿舍,26.635637,106.768455,
教育局宿舍,26.63802,106.768057,
滨溪北路2号院,26.636717,106.76719,
百花大院,26.637603,106.768003,
教育局宿舍-东北门,26.638162,106.76815,
东欣苑,26.634509,106.775177,
温馨苑,26.635406,106.774794,
蓝波湾·新天卫城-蓝景街区,26.637956,106.771982,
核工业宿舍,26.636293,106.77536,
乌当水泥厂宿舍,26.635945,106.775326,
贵阳市口腔医院宿舍院,26.638012,106.77455,
新创公寓,26.636307,106.779886,
小康城,26.635907,106.777745,
万江新区,26.635052,106.780291,
安泰小区,26.634943,106.775888,
兴达小区,26.634774,106.77995,
桂苑小区,26.634987,106.778736,
金僖苑,26.635388,106.776563,
心怡小区,26.637436,106.776913,
嘉馨花园,26.636582,106.778223,
天骄瑞园,26.635849,106.77859,
核工1号院,26.634272,106.776964,
核工2号院,26.634304,106.776191,
新添菜场小区,26.637817,106.778282,
万江公寓,26.637818,106.778284,
桂苑小区-西北门,26.635415,106.778878,
兴达小区-西门,26.635083,106.77933,
安泰小区-东北门,26.634812,106.776096,
川香苑,26.635134,106.777956,
涧桥泊林,26.636657,106.780907,
嘉馨苑,26.635638,106.782609,
燕山雅筑,26.638023,106.787003,
乐湾国际关山小区,26.636766,106.831867,
阅山别院(中铁阅山湖销售中心),26.638935,106.605765,
碧波苑小区-北门,26.638461,106.619499,
金海苑,26.638441,106.621857,
金蝶苑,26.63967,106.625397,
馨怡园,26.638805,106.625209,
碧水云天,26.638662,106.628464,
中天·会展城A1,26.641265,106.649633,
中天会展城金阳,26.642694,106.653191,
大唐·东原财富广场-1号栋,26.641941,106.655435,
水锦花都,26.639492,106.764224,
凤来仪小区,26.640881,106.767382,
金僖家园,26.639283,106.767161,
凤来仪-一期,26.640836,106.76775,
凤来仪-二期,26.640739,106.767473,
凤来仪(东区),26.640745,106.767802,
环溪社区,26.640929,106.767011,
悦景新城,26.640508,106.772608,
聚林苑,26.640625,106.771688,
环溪园,26.638718,106.771773,
105地质队宿舍,26.638294,106.775048,
新添寨北衙路送水站,26.639128,106.771986,
福源综合楼,26.63991,106.771916,
天骄豪园,26.638455,106.779608,
新添寨105地质大队对面小区,26.639309,106.778346,
贵州省地矿局一一七地质队小区,26.641095,106.77766,
乌当二中宿舍楼,26.640346,106.779362,
贵州省地矿局一0五地质队五号楼,26.63903,106.777638,
一〇五地质大队小区,26.638976,106.776033,
贵州省地矿局一一七地质队小区-东1门,26.641228,106.777907,
贵州省地矿局一一七地质队小区-东2门,26.640756,106.778314,
金田家园,26.641948,106.783897,
天馨家园,26.639399,106.784003,
汇景城,26.64184,106.780855,
天馨家园-三期,26.639416,106.782576,
臣功新天地,26.64091,106.785403,
新康小区·1禾苑,26.639697,106.788363,
新天寨新康小区,26.639468,106.788546,
新康小区·1禾苑-南门,26.63948,106.7885,
阅山湖,26.643169,106.614273,
十二滩,26.642864,106.614351,
金元国际新城,26.644435,106.632756,
印象纳雍滋味烙锅,26.645569,106.631876,
金元国际新城-南区,26.644519,106.631783,
金元国际新城-北区,26.647133,106.631433,
中天会展城-A区,26.642909,106.65125,
中天会展城,26.643352,106.652057,
中天会展A9,26.643273,106.649652,
中天会展城A2-1栋,26.644559,106.653481,
中天会展城A1-5栋,26.644678,106.653999,
美的林城时代,26.646707,106.657763,
贵阳美的林城美福苑公寓(会展城店),26.645504,106.658215,
美的.林城时代南区,26.643293,106.658318,
美的·林城时代美居苑,26.644359,106.661393,
美的·林城时代美福苑,26.646077,106.658229,
贵州先捷员工宿舍,26.645355,106.662604,
尚善·御景,26.642873,106.774426,
501厂宿舍区,26.644366,106.773525,
金江苑社区,26.64408,106.772247,
金江公寓,26.645289,106.772777,
501厂宿舍区(招呼站),26.645395,106.773891,
五〇一厂宿舍区,26.643435,106.773194,
泉天下,26.642998,106.779689,
泉城首府,26.643177,106.78264,
新都花园,26.645012,106.782492,
银泰花园,26.646463,106.782415,
新云小区,26.646754,106.784231,
中国建设银行24小时自助银行(新云小区西北),26.647326,106.783551,
福安康大药房(新云小区分店),26.646726,106.783541,
停车场(新云小区东北),26.647305,106.784544,
新云小区-西门,26.646994,106.78366,
昆仑好客便利店(新云小区南),26.645889,106.78355,
新天太阳城,26.646717,106.785709,
阳晨美林,26.645868,106.794872,
新庄幸福小区,26.644665,106.800914,
新庄幸福小区(西北门),26.645606,106.800137,
圣地庄园,26.642993,106.836689,
正汇国际,26.6494,106.627719,
群升融鑫广场,26.648521,106.626497,
金华园南园A区A-2栋,26.651527,106.640894,
美的.林城时代-北区,26.647414,106.658971,
大关城市花园,26.647936,106.674737,
盐沙线雅关村安置房,26.648434,106.71084,
白鹭洲,26.650341,106.769143,
保利紫薇郡,26.651547,106.772272,
金锐花园,26.647357,106.773242,
雅旭园,26.649496,106.78239,
新星园,26.649506,106.784422,
瑞华园,26.648164,106.782719,
雅旭园-北区,26.650519,106.782164,
恒大都会广场,26.647577,106.787155,
贵州师范学院-求真苑,26.647423,106.801747,
绿洲湾小区,26.652305,106.608891,
金麦花园-1组团,26.656355,106.615987,
绿地·联盛国际,26.652924,106.626242,
绿地.联盛国际-4号楼,26.652696,106.626546,
烈变国际广场,26.655756,106.631593,
金华园,26.656286,106.639241,
金华园-B区,26.656257,106.639248,
金华园-A3栋,26.652041,106.639696,
金华园南园A区A-5栋,26.652458,106.640067,
金华园南园A区A-4栋,26.65211,106.641124,
金华园南园A区A-13栋,26.654109,106.640089,
中国工商银行银亭式自助银行(贵州分行营业部金阳支行金华苑小区金华苑),26.654221,106.641616,
金华园南园A区A-12栋,26.65368,106.641096,
金华园南园A区A-6栋,26.65251,106.641095,
中天会展城B区金融商务区,26.653569,106.657328,
中天会展城B区金融商务区-北区,26.655944,106.657269,
中天.会展城B4组团-B区,26.654624,106.658656,
保利公园,26.652422,106.770521,
桃花岛老年公寓,26.6536,106.76943,
保利香槟花园,26.65318,106.771627,
天赐红树城,26.653624,106.773649,
汤泉HOUSE,26.652944,106.778478,
菜鸟驿站(测绘院小区速递易),26.656002,106.77651,
绿洲湾,26.657519,106.606344,
绿洲湾小区-北门,26.65954,106.605509,
金麦花园-2组团,26.656896,106.615674,
远大小区水果店,26.657976,106.615298,
金麦花园-3组团,26.65723,106.615826,
金麦花园-5组团,26.658002,106.616352,
金麦花园,26.657405,106.616806,
金麦花园-9组团,26.658084,106.617603,
金麦花园-10组团,26.658039,106.618138,
金麦花园-7组团,26.658255,106.616969,
金麦花园-12组团,26.657035,106.618072,
金麦花园-13组团,26.657118,106.61765,
金龙国际花园,26.657698,106.632268,
金华园-D区,26.657403,106.636836,
中天·铭廷,26.656604,106.651136,
会展城B5,26.656448,106.659734,
中天会展城B8组团-B区,26.656874,106.661666,
中天会展城B8组团-12栋,26.656484,106.661946,
中天会展城B8组团-7栋,26.657136,106.661965,
保利·公园2010-丽池,26.659792,106.765088,
乌当区幸福里小区,26.658926,106.786791,
幸福里-2期,26.658491,106.786703,
幸福里公租房小区绿丝带志愿服务站,26.658081,106.787697,
山临境,26.66468,106.626098,
水临境,26.662067,106.625986,
金阳新世界翰临境,26.664135,106.630136,
电建地产观府壹号,26.662575,106.633429,
观府壹号观璟组团,26.665295,106.634631,
中渝第一城2期,26.66379,106.655072,
动车所单身宿舍,26.661858,106.701633,
云锦尚城,26.663594,106.815801,
金阳新世界珑玥,26.668852,106.629404,
新世界花园碧潭园,26.667738,106.626122,
新世界碧潭园-2D区,26.668575,106.625989,
黑土坝花园,26.667129,106.641353,
上寨村花鱼井组h区44号楼,26.669064,106.645841,
上寨村花鱼井组c区183号楼,26.6688,106.644057,
上寨村花鱼井组H区21号楼,26.669229,106.644765,
金阳新区上寨村花鱼井组h区32号楼,26.669067,106.645333,
上寨村花鱼井组H区24号楼,26.669258,106.644675,
上寨村花鱼井组c区245号楼,26.669984,106.644406,
上寨村花鱼井组H区20号楼,26.669311,106.644864,
上寨村花鱼井组c区219号楼,26.669948,106.643908,
上寨村花鱼井组h区78号楼,26.668394,106.645821,
上寨村花鱼井组h区85号楼,26.668332,106.646359,
上寨村花鱼井组H区26号楼,26.669096,106.644496,
上寨村花鱼井组h区183号楼,26.667956,106.647325,
吉庆住宅小区,26.6688,106.665375,
吉庆住宅小区-东门,26.668841,106.665541,
恒大绿洲-17栋,26.674535,106.613702,
澜岸-南区,26.674373,106.621675,
上寨村花鱼井组D区24号楼,26.672146,106.643769,
上寨村花鱼井组c区221号楼,26.670113,106.643539,
上寨村花鱼井组g区44号楼,26.67034,106.64623,
上寨村花鱼井组f区106号楼,26.671169,106.644775,
上寨村花鱼井组G区22号楼,26.670391,106.645592,
上寨村花鱼井组f区85号楼,26.670495,106.645184,
上寨村花鱼井组e区78号楼,26.671334,106.645124,
上寨村花鱼井组f区105号楼,26.670933,106.645024,
上寨村花鱼井组G区23号楼,26.67029,106.645552,
上寨村花鱼井组G区20号楼,26.670611,106.645622,
上寨村花鱼井组f区88号楼,26.670711,106.644905,
鑫佳园门窗有限公司,26.674166,106.668833,
恒大绿洲,26.676781,106.613914,
恒大绿洲-35栋,26.67542,106.613191,
恒大绿洲-37栋,26.675996,106.612649,
恒大绿洲-41栋,26.677559,106.613301,
恒大绿洲-23栋,26.676453,106.613852,
恒大绿洲-15栋,26.675217,106.614514,
恒大绿洲-22栋,26.675983,106.613872,
恒大绿洲-31栋,26.678778,106.613391,
恒大绿洲-45栋,26.678142,106.612157,
恒大绿洲-20栋,26.675463,106.613872,
恒大绿洲-8栋,26.676232,106.615045,
恒大绿洲-18栋,26.675025,106.613692,
恒大绿洲-4栋,26.677283,106.614895,
澜岸-北区,26.67547,106.61964,
华颐蓝天,26.678841,106.631669,
红云社区八十五号小区,26.679089,106.633491,
金晟·长山丽景,26.678876,106.636345,
中航标小区,26.676538,106.640225,
中航标小区-停车场,26.677439,106.641616,
中航标小区-208号,26.675459,106.640788,
中航标小区-303号,26.677103,106.64017,
中航标小区-301号楼,26.676842,106.64014,
中航标小区-311号楼,26.678046,106.640799,
中航标小区-216号楼,26.675926,106.641317,
中航标小区-228号楼,26.675796,106.639572,
中航标小区-东南门,26.67646,106.642043,
中航标小区-218号,26.675685,106.641227,
中航标小区-307号楼,26.677623,106.64018,
中航标小区-308号,26.675761,106.64004,
中航标小区-201号楼,26.676221,106.640908,
中航标小区-204号楼,26.675729,106.640748,
中航标小区-202号楼,26.675979,106.640778,
中航标小区-205号楼,26.677061,106.640898,
中航标小区-215号楼,26.676712,106.6414,
中航标小区-304号楼,26.676289,106.640003,
中航标小区-214号楼,26.676171,106.641358,
中航标小区-203号楼,26.67678,106.640868,
中航标小区-229号楼,26.676626,106.639582,
中航标小区-306号楼,26.676016,106.640065,
福鑫华庭,26.679069,106.651463,
园外园,26.678429,106.649893,
园林居,26.678038,106.651004,
云山小区,26.678026,106.651178,
利宾便利店(小区西北),26.678326,106.651281,
恒大绿洲-51栋,26.679315,106.612789,
恒大绿洲-53栋,26.679329,106.613361,
怡馨新寓,26.681064,106.62332,
华颐春天,26.679527,106.62973,
御园小区,26.681226,106.629241,
南窗雅舍,26.682973,106.626422,
南湖丽水铭苑-别墅区,26.681256,106.626044,
红云社区八十五号小区-北门,26.679479,106.633239,
白云步行街小区,26.682682,106.639135,
泰和广场,26.680042,106.637661,
时代新居,26.682169,106.635366,
建设小区,26.681504,106.636635,
艳金花园,26.683231,106.637365,
三矿家属区,26.67934,106.637362,
建设小区-东南门,26.681316,106.637243,
圣龙华府,26.679284,106.63962,
阳光花园,26.68193,106.643076,
泰和大厦商住楼,26.681192,106.6437,
长山小区,26.683026,106.639958,
泰和花园香樟苑,26.681661,106.64066,
白云南路地下商业步行街,26.682927,106.642777,
长山小区-东南门,26.682891,106.640116,
健康心家园(白云中心店),26.681883,106.640744,
圣龙世纪苑,26.681552,106.646443,
君临天下,26.67929,106.650402,
云城尚品,26.681777,106.656504,
都溪林场住宅小区,26.679559,106.688227,
都溪林场住宅小区-西北门,26.6793,106.687863,
优品城邦,26.68747,106.616118,
中天·英伦77,26.685473,106.619333,
利海·米兰春天,26.687804,106.622779,
南湖郡,26.684698,106.623855,
云祥山庄,26.686294,106.624546,
南湖郡-二期,26.683963,106.623705,
天林花园-二期,26.687954,106.628128,
岭秀阳光,26.686053,106.628149,
南湖观邸,26.684514,106.628343,
盛世公寓,26.684096,106.626486,
岭秀阳光-9号楼,26.686276,106.628726,
南湖岭秀阳光-二期,26.687968,106.629224,
天林花园-西区,26.687965,106.62923,
天林花园,26.68579,106.630574,
天林花园-东区,26.685886,106.630539,
尖山小区,26.685605,106.635418,
蓝钻名贵花园,26.683999,106.636923,
温州城,26.687592,106.639275,
尖山小区-东门,26.685198,106.636494,
绝味鸭脖(尖山小区店),26.684814,106.63616,
云康小区,26.686697,106.63703,
尖山小区-3号楼,26.685364,106.636445,
新星小区-东北门,26.684132,106.635466,
同心西路小区,26.687532,106.640788,
贵铝住宅,26.688051,106.64691,
七彩湖花园,26.687341,106.64924,
蓝天白云社区,26.685911,106.649593,
虹祥蓝天白云,26.685927,106.649497,
同心西路340号院,26.687691,106.652093,
铝建路小区,26.686152,106.651123,
贵州铝厂后勤中心单身宿舍管理站,26.686699,106.667913,
优品新城,26.688586,106.616632,
利海·米兰春天-2期,26.689792,106.624808,
米兰春天二期-B区,26.689771,106.626273,
朝晖花园,26.688396,106.633296,
帝璟佳苑,26.688319,106.637112,
白云大厦,26.68841,106.638476,
朝晖星城,26.691623,106.635316,
凯维小区,26.689763,106.637095,
邮政宿舍,26.689712,106.637375,
白沙关雅居小区,26.6885,106.637507,
女生宿舍,26.69165,106.637002,
凯维小区-西北门,26.689887,106.636723,
学习家园,26.688764,106.639041,
同心丽景,26.689182,106.646168,
同心小区,26.688558,106.647733,
同心小区-17号宅,26.688991,106.648055,
同心小区-19号宅,26.689012,106.648292,
同心小区-15号宅,26.68897,106.647742,
同心小区-13号宅,26.688954,106.647498,
同心小区-11号宅,26.688931,106.647251,
同心小区-21号宅,26.689026,106.64853,
佳艳地,26.689012,106.649894,
云康新城,26.689144,106.656113,
铝兴社区,26.688434,106.663198,
青阳小区,26.692656,106.665925,
和谐大院,26.689392,106.663034,
和美四院,26.689243,106.664306,
贵阳农村商业银行白云支行职工宿舍,26.689284,106.662536,
铝兴和美大院,26.6892,106.664378,
金东花园小区,26.692308,106.667006,
砵榜布依寨,26.689491,106.666703,
恒大城-9栋,26.694673,106.625581,
恒大城-4栋,26.696024,106.624489,
恒大城,26.696863,106.626988,
恒大城-15栋,26.695513,106.62707,
恒大城-31栋,26.696683,106.628049,
恒大城-24栋,26.696203,106.627989,
恒大城-21栋,26.696342,106.627039,
恒大城-22栋,26.695833,106.627619,
恒大城-23栋,26.696093,106.627859,
恒大城-30栋,26.696933,106.627759,
瀚琳景致,26.693745,106.633594,
新安小区,26.696227,106.63455,
新安小区-北门,26.696439,106.634503,
新安小区-便利店,26.696385,106.634294,
新怡小区,26.694223,106.637226,
白云区龚家寨小区,26.694082,106.657029,
杨柳雅居小区,26.696708,106.655757,
杨柳商住楼,26.696067,106.654976,
杨柳雅居小区-北门,26.697162,106.655499,
幸福大院,26.694246,106.664016,
铝兴和合大院,26.693043,106.664971,
青龙小区养老院,26.695694,106.66679,
北尚华城,26.698006,106.623636,
大山洞村委会(新安小区西),26.699838,106.628806,
易捷便利店(新安小区西北),26.698086,106.632158,
中共大山洞村支部委员会(新安小区西),26.697477,106.631523,
中铝贵州分公司(杨柳雅居小区西),26.697644,106.652008,
白沙关小区,26.699309,106.658153,
白沙关小区-南门,26.698403,106.65973,
刘庄小区,26.70092,106.663078,
艳山红幸福小区,26.702977,106.659842,
绿地伊顿公馆,26.706627,106.613982,
麦架幸福花园,26.71429,106.612968,
绿地新都会,26.713078,106.666464,
幸福家园,26.717411,106.627344,
文华路15号院,26.716671,106.628289,
白云尚苑,26.716331,106.630339,
新园小区,26.718459,106.632494,
美乐汇小区-东门,26.719447,106.6755,
