贵州城市职业学院,26.371939,106.645614
贵州城市职业学院南区,26.373218,106.646002
南溪学校,26.370794,106.675344
贵州民族大学人文科技学院大学(城校区),26.375726,106.640462
贵州民族大学(新校区),26.380753,106.626312
贵州医科大学(Apple授权经销商),26.382644,106.638553
贵州医科大学花溪校区医鉴楼,26.38343,106.63671
贵州医科大学(花溪校区)东区,26.382335,106.64192
贵州医科大学(花溪校区)东区-广德楼,26.382959,106.641484
贵州医科大学(花溪校区)东区-九思楼,26.382891,106.643137
贵州医科大学-7号教学楼,26.383245,106.643562
贵阳医学院-4号教学楼,26.383209,106.643183
贵州医科大学-基础医学院,26.383179,106.639763
贵州医科大学-基础医学研究中心,26.38318,106.639763
贵州财经大学花溪校区笃行楼-A栋,26.38276,106.646788
贵州财经大学花溪校区-笃行楼,26.382767,106.646984
贵州医科大学(花溪校区)东区-明理楼,26.382966,106.644045
贵州财经大学花溪校区-修德楼,26.380968,106.647125
贵州财经大学花溪校区笃行楼-A楼,26.382785,106.646462
贵州财经大学花溪校区-志学楼,26.382035,106.647685
贵州财经大学花溪校区笃行楼-B栋,26.381903,106.646804
贵州财经大学(花溪校区)-外国语学院,26.382268,106.648056
贵州财经大学(花溪校区)-工商管理学院,26.382268,106.648055
贵州财经大学花溪校区-实验教学部,26.382024,106.646451
贵州财经大学花溪校区-进德楼,26.38314,106.648967
贵州财经大学花溪校区竹香园,26.37986,106.648609
贵阳中医学院花溪校区男生宿舍J1楼,26.387865,106.629295
贵阳中医学院花溪新校区南区-四号教学楼,26.387204,106.627505
贵州医科大学宏远楼,26.386432,106.632669
贵州医科大学(花溪校区)西区,26.384485,106.635331
贵州师范大学新校区-外国语学院,26.387439,106.63803
贵州师范大学新校区-国际旅游文化学院,26.387663,106.638099
贵州师范大学新校区-历史与政治学院,26.387178,106.638679
贵州师范大学新校区大学(外语教学部),26.386952,106.639116
贵州医科大学(花溪校区)西区-酬勤楼,26.383897,106.635406
贵州师范大学物理与电子科学学院,26.386338,106.641321
贵州师范大学新校区-生命科学学院,26.386388,106.642687
贵州师范大学花溪校区-材料与建筑工程学院,26.387207,106.642565
贵州师范大学花溪校区-教育科学学院,26.387172,106.641459
贵州师范大学花溪校区-地理与环境科学学院,26.386648,106.639865
贵州医科大学-6号教学楼,26.384131,106.643491
贵阳医学院-5号教学楼,26.384129,106.643204
贵州师范大学花溪校区-马克思主义学院,26.386697,106.639337
贵州医科大学(花溪校区)-东区格物楼,26.383879,106.643127
贵州医科大学(花溪校区)东区-博雅楼,26.383932,106.643512
贵州师范大学花溪校区网络与信息中心,26.387967,106.641442
贵州医科大学-厚德楼,26.384304,106.641937
贵州师范大学花溪校区-理科综合实验楼,26.386867,106.644599
贵州师范大学花溪校区-化学与材料科学学院,26.386392,106.643871
贵州财经大学花溪校区-崇德楼,26.384597,106.647144
贵州师范大学新校区-机械与电气工程学院,26.387786,106.644608
贵州师范大学新校区-职业技术学院,26.387223,106.643859
贵州财经大学花溪校区-明德楼,26.383736,106.6471
贵州财经大学(花溪校区),26.384099,106.648746
贵州财经大学花溪校区-乐学楼,26.386859,106.650922
贵州财经大学花溪校区-励学楼,26.386871,106.650548
贵州财经大学花溪校区-文德楼,26.386058,106.65104
贵州财经大学花溪校区-力行楼,26.383889,106.650949
花溪民族中学,26.387341,106.687238
党武中学,26.389209,106.602409
贵阳中医学院(花溪新校区),26.38931,106.62639
贵州轻工职业技术学院-第二教学楼,26.391524,106.6297
贵阳中医学院花溪新校区-B5教学楼,26.388596,106.626524
贵阳中医学院花溪新校区-A1教学楼,26.389803,106.626433
贵州轻工职业技术学院-第四教学楼,26.391746,106.630143
贵州轻工职业技术学院-第五教学楼,26.39222,106.630143
贵州轻工职业技术学院-第三教学楼,26.391301,106.630153
贵阳中医学院花溪新校区南区-B1科教楼,26.388918,106.626791
贵阳中医学院花溪新校区南区-二号教学楼,26.388256,106.627077
贵州轻工职业技术学院,26.392307,106.632488
贵州轻工职业技术学院-艺术设计系,26.390248,106.631772
贵州轻工职业技术学院-第一教学楼,26.389642,106.631757
贵州师范大学研究生学院,26.389702,106.638221
贵州师范大学(花溪校区),26.389193,106.642337
贵州师范大学花溪校区公共教学楼,26.39015,106.642056
学生事物服务中心(贵州师范大学新校区),26.391831,106.64219
贵州师范大学-致贤楼,26.390776,106.641146
贵州师范大学-烛物楼,26.390306,106.640396
贵州师范大学-御物楼,26.390294,106.640236
贵州师范大学-致远楼,26.390511,106.640775
贵州师范大学-格物楼,26.389615,106.641089
贵州师范大学-致著楼,26.39117,106.640713
中共贵州师范大学委员会,26.39162,106.644835
贵州师范大学花溪校区-行政楼,26.391309,106.644597
贵州师范大学花溪校区-经济与管理学院,26.389323,106.645591
贵州财经大学花溪校区兰香园,26.390089,106.651713
贵州行政学院,26.388566,106.68392
花溪碧桂园国际学校,26.389629,106.734429
贵阳市花溪区碧桂园国际学校-幼儿园,26.389171,106.734845
快乐宝贝双语幼儿园,26.390968,106.751763
贵阳品华中学,26.390785,106.754708
涟江小学,26.390785,106.754708
国营涟江化工厂子弟学校,26.390492,106.754922
贵安新区金莺双语艺术幼儿园,26.393762,106.603936
花溪大学城管委会,26.394184,106.631955
贵州轻工职业技术学院-第六教学楼,26.392678,106.630232
电子科技大学贵州函授站,26.395093,106.671968
中国工商银行离行式自助银行(贵州分行营业部花溪支行田园中路花溪电子工业学校),26.395142,106.672497
中国工商银行银亭式自助银行(贵州分行营业部花溪支行电子工业学校内电子工业学校),26.395283,106.672488
贵州省电子工业学校-东门,26.395122,106.672402
龙里县水场中学,26.395132,106.786032
贵州大学明德学院教学楼,26.401205,106.637686
扬中小学,26.401475,106.71578
IB国际学校,26.398679,106.735868
贵州城市职业学院,26.40471,106.673163
实验实训大楼,26.405132,106.672689
贵州大学农业生物技术校内实习基地,26.406965,106.683948
磊庄小学,26.415264,106.581752
贵阳市花溪区职业技术学校,26.41507,106.582188
金太阳幼儿园,26.414556,106.581542
托尼盖职业学校,26.415129,106.581423
贵阳市花溪区职业技术学校-西门,26.414899,106.581442
贵阳市花溪区党武乡民族小学,26.41339,106.603354
党武乡民族小学农民文化技术学校,26.413016,106.603513
董萌幼儿园,26.411993,106.674273
云上之星幼儿园,26.412378,106.678694
贵阳市花溪区阳光小学,26.413646,106.684771
花溪区阳光小学家长学校,26.413871,106.685118
奇蕾第三幼儿园,26.415083,106.75192
孟关汽车城幼儿园,26.410717,106.752982
快乐屋艺术幼儿园,26.419055,106.656123
花溪二小保利溪湖校区,26.415836,106.666086
花溪第三小学,26.419035,106.677131
杨中幼儿园,26.418517,106.721743
孟关乡中心完小,26.416213,106.755142
孟关乡幼儿园,26.417232,106.756842
孟关苗族布依族乡中心幼儿园,26.416243,106.755132
文杰补习学校,26.418031,106.755455
外婆家幼儿园,26.423151,106.57545
溪湖国际幼儿园,26.420283,106.664791
金鑫幼儿园,26.42424,106.665866
清溪学校,26.420538,106.683295
兰馨桂馥艺术幼儿园,26.421879,106.681111
清溪学校-东北门,26.420494,106.683265
红阳幼儿园,26.422353,106.684915
把伙小学,26.423771,106.705282
贵阳市花溪第五中学,26.420362,106.754536
中共孟关民族乡孟关中学支部委员会,26.420339,106.755112
贵筑办事处马洞小学,26.426344,106.626364
贵阳市神农医药职业技术学校,26.427798,106.664123
贵州大学(花溪南校区),26.427995,106.678321
贵州大学-农学院,26.428795,106.677759
贵州大学(南校区)-逸夫楼,26.428776,106.679274
贵州大学-农学生物楼,26.428941,106.67774
贵州大学(南校区)-同德楼,26.428322,106.677812
贵州大学(南校区)-林学楼,26.428548,106.677156
林学院实验楼,26.428363,106.677937
贵州大学-同心楼,26.428307,106.678829
贵州大学-喀斯特生态环境研究中心,26.428363,106.677936
贵州大学-风景园林规划设计研究中心,26.428363,106.677937
贵阳市花溪区遥知萌幼儿园,26.427047,106.683527
贵阳博思计算机学校,26.42868,106.683147
贵阳博思计算机学校-北门,26.428968,106.683157
花溪区第二中学,26.425761,106.685242
明珠中英文幼儿园,26.4268,106.687032
贵州省旅游学校,26.432724,106.666293
贵州省旅游学校-西南门,26.432738,106.665872
金筑工业学校培训中心,26.43232,106.666868
马路关幼儿园,26.429872,106.671521
贵州大学-致知楼,26.429717,106.677207
北京大风车双语幼儿园(花溪祥盛园),26.432895,106.68004
贵州大学(南校区)-动物科学学院,26.432132,106.678986
贵州大学(花溪南校区)-动物科学楼,26.429008,106.678825
贵州大学-林学院,26.432113,106.678923
贵州大学-培训接待中心,26.432613,106.677918
贵州大学生物学博士后科研流动站,26.432393,106.677878
贵州大学(南校区)-茶学专业实验室,26.43001,106.678945
贵州大学-笃实楼,26.429256,106.677073
贵州大学南校区-综合实验楼,26.430425,106.678457
贵州大学-烟草科学研究中心,26.430221,106.678965
花溪一中,26.431335,106.682552
花溪区第三幼儿园,26.430063,106.681438
小太阳双语幼儿园(徐家冲南路),26.433097,106.684276
花溪区第二幼儿园,26.429866,106.68079
花二幼,26.430255,106.680795
睿思幼儿园,26.430681,106.683157
紫贝贝围棋学校,26.43349,106.681977
贵州佳强教育学校,26.432092,106.682109
中共花溪区第三中学支部委员会,26.432384,106.68571
花溪区职成教中心,26.432835,106.68583
花溪区法制教育学校,26.43282,106.686004
花溪区教师进修学校,26.432835,106.68583
花溪大寨村民主幼儿园,26.435924,106.670895
花溪第二小学,26.435858,106.680015
纽绅教育·花溪南苑中英文幼儿园,26.433746,106.677955
贵阳华溪学校,26.435411,106.677619
贵阳纽绅外国语学校,26.433894,106.678964
七彩虹午托园,26.434476,106.679301
爱之家午托园,26.43463,106.678905
花溪第二小学-家长学校,26.435919,106.680135
童溪少儿午托园,26.434378,106.679359
贵阳宇华外语学校,26.437791,106.683954
思迈尔外语学校,26.436141,106.682663
华宇双语幼儿园,26.436415,106.686459
中国工商银行贵州省分行干部学校,26.435584,106.68537
中国工商银行贵州金融培训学校,26.435082,106.685374
欣荣幼儿园,26.436,106.735572
贵阳市花溪英豪学校,26.442338,106.668073
吉林幼儿园,26.441879,106.670523
贵阳市花溪小学,26.440919,106.674775
贵阳市花溪区溪北小学,26.439896,106.671978
溪北街道办事处-中心完小,26.439959,106.672426
中共花溪小学支部委员会,26.441489,106.674921
溪北街道办事处-农民文化技术学校,26.43987,106.67225
贵阳市花溪区华艺学校,26.440104,106.681412
花溪幼儿园,26.440055,106.682218
花溪区第四幼儿园,26.440283,106.681323
清华中学,26.440579,106.685982
贵阳市花溪区石板镇芦荻小学,26.442998,106.57209
石板镇芦荻村农民文化技术学校,26.442921,106.572226
花溪区贵筑办事处天鹅小学,26.44437,106.613258
金鹰卡通幼儿园,26.443619,106.668542
贵州大学西校区-学务中心,26.446545,106.671111
贵州大学-西校区工程训练中心,26.446965,106.668271
纽绅教育北苑中英文幼儿园,26.446202,106.682367
马利芭蕾舞学校,26.444171,106.683609
贵州大学-材料与冶金学院,26.447637,106.665928
贵州大学-矿业学院,26.448666,106.666585
贵州大学西校区-资源与环境工程学院,26.449998,106.665814
贵州大学-酿酒与食品工程学院,26.447637,106.665928
贵州大学-东楼,26.448694,106.668043
贵州大学-西楼,26.448502,106.667233
贵州大学-电气工程学院,26.448575,106.670042
贵州大学西校区-土木工程学院,26.447775,106.670183
贵州大学西校区-化学与化工学院,26.448111,106.666594
贵州大学-矿业学院,26.448666,106.666585
贵州大学西校区-机械工程学院,26.448818,106.670689
贵州大学-化工及环境研究测试中心,26.448577,106.666605
贵州大学-西实验楼,26.44788,106.667622
贵州大学-科技园,26.44923,106.670284
贵州大学(花溪北校区),26.450442,106.678823
贵州大学-博学楼,26.449193,106.67953
贵州大学-外国语学院,26.449797,106.678551
贵州大学-管理学院,26.45147,106.67903
贵州大学-研究生院,26.448706,106.680082
贵州大学-慎思楼,26.450554,106.679136
贵州大学-MBA教育中心,26.450614,106.679045
贵州大学-人文学院,26.451516,106.680049
贵州大学-学生资助管理中心,26.448878,106.680215
贵州大学-法学楼,26.450274,106.679246
贵州大学网络与信息化管理中心,26.449822,106.678654
贵州大学-本专科招生办公室,26.450103,106.6793
贵州大学理化实验楼,26.448915,106.677878
贵州大学Bookstore,26.450697,106.678613
贵州大学-国际教育学院,26.448395,106.67993
贵州大学-人文楼,26.451476,106.680006
贵州大学-致远楼,26.451617,106.679061
贵州大学-一号教学实验楼,26.449204,106.679571
贵州大学旅游与文化产业学院,26.451516,106.680049
贵州大学-汉语考试考点,26.448222,106.679529
贵州大学-图书与信息中心,26.450779,106.679295
贵州大学-国际交流与合作处,26.448222,106.679529
贵州大学图书中心,26.450697,106.678613
贵州大学-港澳台办公室,26.448222,106.679529
贵州大学-教育教学评估中心,26.448222,106.679529
花溪海洋学校,26.447291,106.676668
中国贵州大学国际教育学院越南河静中专职职业学校汉语培训基地,26.448222,106.679529
贵州大学-贵州文化研究中心,26.451482,106.67973
贵州大学子弟学校,26.450128,106.682734
贵州大学公共管理学院-社会工作专业实践基地,26.449102,106.68102
贵州大学堂,26.449051,106.681129
贵州大学社会治安综合治理委员会办公室,26.448855,106.682457
摆项小学,26.452859,106.582279
上海外国语大学贵阳外国语实验学校,26.45298,106.656775
贵大附中,26.454284,106.658346
青苹果幼儿园,26.453072,106.658444
贵州大学(西校区),26.452025,106.66594
贵州大学崇文楼,26.455277,106.663275
贵州大学西校区崇学楼,26.455668,106.668892
贵州大学(北校区)-逸夫综合教学楼,26.452181,106.680043
贵州大学体质健康测试中心,26.451956,106.676901
贵州大学-青年研究与发展中心,26.45402,106.679181
贵州大学贵州医科大学合作共建应用心理学教学实习基地,26.45402,106.679181
贵州大学-心理健康咨询中心,26.454269,106.679018
贵州大学-法学院,26.452239,106.680722
指尖大学校园微创业贵大体验店,26.452704,106.680952
贵州大学教工住宅-35幢,26.451757,106.681614
贵州大学法律服务中心,26.452049,106.680741
贵州省高等学校人文社会科学研究基地马克思主义经济学发展与应用研究中心,26.452239,106.680722
改毛小学,26.455239,106.754006
小孟园区第一小学,26.460458,106.716549
华阳小学分校,26.459544,106.716386
花溪第四中学,26.465028,106.606224
贵州民族大学-子弟学校,26.463375,106.676085
贵州民族大学附属学校,26.462659,106.678537
贵州民族大学幼儿园,26.463199,106.67825
贵州民族大学新校区管理委员会,26.464896,106.677531
贵州民族大学后勤处(集团)交通运输服务中心,26.461992,106.678388
贵州川达挖掘机培训学校,26.462794,106.677229
溜溜堂室内设计培训学校,26.464439,106.677577
民望中学,26.461583,106.731681
小河区第十二小学,26.461495,106.731641
花溪石板英华学校,26.469009,106.614743
云凹花园幼儿园,26.46857,106.627176
贵州民族大学-研究生楼,26.46729,106.674615
共青团贵州民校大学委员会,26.469839,106.673748
贵州民族大学-三号办公楼,26.467685,106.675548
贵州民族大学-研究生院,26.467067,106.674354
贵州民族大学-3号教学楼,26.468516,106.675459
贵州民族大学-14号教学楼,26.467065,106.674782
贵州民族大学-民族学与社会学学院,26.468769,106.675471
贵州民族大学-10号教学楼,26.46955,106.673697
贵州民族大学-体育学院,26.46964,106.67379
贵州民族大学-体育与健康学院,26.469628,106.673712
贵州民族大学-数字化校园服务中心,26.469315,106.675378
贵州民族大学-教育评估中心,26.467067,106.674354
贵州民族大学-校园安全监控中心,26.469471,106.675612
贵州民族大学-聚香苑,26.467274,106.673436
大学生综合服务中心,26.469839,106.673748
全国体育传统项目学校体育师资培训基地,26.469628,106.673712
贵州民族大学-民族文化产业研究中心,26.468724,106.675551
贵州民族大学-十五号综合教学楼,26.46823,106.676238
贵州民族大学-民族医药学院,26.468233,106.67604
中共贵州民族大学委员会,26.469269,106.676528
贵州民族大学-继续教育学院,26.469806,106.677624
西南大学-现代远程教育贵州民族大学校外学习中心,26.469785,106.677588
贵州民族大学-8号教学楼,26.469631,106.677722
贵州民族学院-成人教育学院,26.469801,106.677614
贵州民族大学物理实验教学示范中心,26.469705,106.676266
贵州民族学院-高等职业技术教育学院,26.469705,106.677626
中国工商银行银亭式自助银行(贵州分行营业部花溪支行贵州民族学院),26.469196,106.676483
贵州省自学考试委员会贵州民族大学-直属考点,26.469518,106.677652
贵阳鑫鑫驾驶学校,26.467458,106.677574
贵州民族大学-学术交流中心,26.466313,106.681317
贵阳鑫鑫驾驶学校,26.468639,106.69132
牛郎关天使幼儿园,26.467035,106.752554
贵州民族大学-6号教学楼,26.471278,106.675253
贵州民族大学-2号教学楼,26.470853,106.675464
贵州民族大学-传媒学院,26.471554,106.674979
贵州民族大学-法学院,26.470415,106.675627
中共贵州民族大学委员会党校法学院分校,26.470329,106.67554
贵州民族学院-理学院,26.471554,106.674979
贵州民族大学-1号教学楼,26.470243,106.675454
贵州民族大学-学生浴楼,26.470117,106.673762
大学生创新创业指导中心创客中心,26.471128,106.674125
贵州民族大学,26.470687,106.676709
贵州民族学院-美术学院,26.471587,106.676546
贵州民族大学-13号教学楼,26.470142,106.675959
贵州民族学院-预科教育学院,26.471745,106.676306
贵州民族大学-5号教学楼,26.470165,106.676328
贵州民族大学-12号教学楼,26.471156,106.676188
贵州民族大学-9号教学楼,26.47171,106.676634
贵州民族大学-化学与环境科学学院,26.470929,106.676205
贵州民族学院-中专部,26.471772,106.676324
贵州民族大学-4号教学楼,26.470891,106.676298
贵州民族大学-7号教学楼,26.471746,106.676306
贵州民族大学-新媒体中心,26.470042,106.677833
贵州民族大学媒体设计与应用大学生创新创业训练中心,26.471229,106.676327
浙江大学孔学堂国学研究中心,26.470788,106.684638
合朋小学,26.478697,106.638058
花溪七星幼儿园,26.478543,106.63955
贵州民族大学人文科技学院-西区,26.475435,106.675577
贵州民族大学-人文科技学院,26.475041,106.677211
贵州民族大学人文科技学院西区-3号教学楼,26.474553,106.677764
贵州民族大学人文科技学院西区-1号教学楼B区,26.475032,106.677282
人文科技学院学生治安服务队办公室,26.474799,106.677445
贵州民族大学人文科技学院西区-1号教学楼,26.474864,106.67723
贵州民族大学人文科技学院西区-2号教学楼,26.475178,106.677956
康寨小学,26.481585,106.576208
康贝怡幼儿园,26.479822,106.640504
花溪民族小学,26.482349,106.672924
童艺苑中英幼儿园,26.479635,106.675439
中共花溪民族小学支部委员会,26.4823,106.672973
贵航新技校,26.483371,106.714507
南明区摆郎小学,26.482313,106.744244
贵阳中医学院-时珍学院,26.483418,106.752751
贵州警官职业学院中专部-实训综合楼,26.483323,106.752434
贵阳中医学院南校区第3教学楼,26.483348,106.752823
贵阳市中山科技学校-图书馆,26.483357,106.752594
谷立小学,26.479271,106.785372
博雅国际双语幼儿园,26.482964,106.835955
合朋金石幼儿园,26.485607,106.64286
贵阳市人民警察学校,26.487431,106.654944
竹林幼儿园,26.483953,106.671573
贵阳市交通技工学校教学区,26.484516,106.678371
贵航高级技工学校,26.48396,106.713959
贵州警官职业学校中专部,26.48398,106.752744
贵州警官职业学院中专部-第一教学楼,26.484835,106.752098
贵州警官职业学院中专部-第一实验楼,26.484611,106.752246
贵州环亚民族职业技术学校,26.486481,106.751743
贵州省贵阳市中山科技学校,26.484506,106.753735
贵龙新苑-龙腾幼儿园,26.484052,106.84033
花溪区石板镇羊龙小学,26.489258,106.628941
烂泥沟中学,26.490735,106.655285
贵州贵阳经济技术学校,26.49076,106.657046
贵阳第七中学分校,26.49191,106.655932
中共贵阳经济技术学校支部委员会,26.491848,106.65615
贵阳经济技术学校汽修实习车间,26.491524,106.655828
贵阳经济技术学校招生就业办,26.491524,106.655828
贵阳经济技术学校汽车结构实训室,26.491524,106.655828
花溪区第二实验幼儿园,26.491589,106.665636
小河区第一实验幼儿园,26.491534,106.665243
贵阳市小河区第十五小学,26.491781,106.718906
贵阳市花溪区第二实验学校,26.490874,106.719601
红林公司-幼儿园,26.489842,106.720989
贵阳市花溪第五幼儿园,26.491793,106.71893
欣芽艺术幼儿园,26.49245,106.722315
贵阳市工读学校,26.492788,106.653682
金竹镇中汇幼儿园,26.494906,106.65511
贵阳市未成年人法制教育学校,26.492938,106.653712
贵阳市工读学校-西北门,26.492978,106.653773
旺明学校,26.495498,106.675843
贵州林城职业技术学校-东南门,26.495955,106.680821
贵阳金筑职业培训学校-西南门,26.496565,106.704987
贵阳金筑职业培训学校,26.496947,106.706597
贵阳市花溪区小河经开区王武幼儿园,26.494665,106.721211
蓝馨幼儿园,26.494766,106.721268
小太阳幼儿园,26.492682,106.747872
贵阳复兴外国语中学,26.494136,106.747027
上海市大同中学国际部贵阳分校,26.494215,106.747205
大风车中英文幼儿园,26.4964,106.747168
贵阳市美加国际学校-西南门,26.49412,106.746915
贵阳市美加国际学校,26.493992,106.748941
久安乡打通小学,26.500385,106.601925
小河区金竹童心幼儿园,26.49768,106.661657
锦绣艺术幼儿园,26.498043,106.65881
启智文化艺术培训学校,26.497474,106.661702
贵阳市花溪区金竹民族学校,26.497991,106.663678
七色花双语幼儿园,26.498075,106.662306
贵阳市花溪区金竹民族学校(西南门),26.497755,106.66302
贵阳经济技术中专,26.499455,106.666971
贵州林城职业技术学校(甲秀南路),26.499635,106.670339
贵州贵阳经济技术学校-西北门,26.500729,106.666808
贵州林城职业技术学校-东南门,26.499561,106.670886
贵阳市铁二局技工学校,26.501656,106.741037
贵阳市铁二局职业技术学校-东南门,26.50158,106.740807
南明区八公里小学,26.499843,106.744091
贵阳市第二十六中学,26.499524,106.744314
贵阳市第十五幼儿园,26.499122,106.744384
贵阳市南明区翠云社区市民学校,26.49945,106.744867
末来星幼儿园,26.501083,106.808802
麦坪乡戈寨小学,26.504356,106.569652
戈寨村农民文化技术学校,26.504308,106.569863
贵州省农科院附属中学,26.505813,106.66393
云上之星幼儿园,26.502073,106.662977
学术交流中心,26.505307,106.665573
贵州省农业科学院,26.502543,106.666829
亲亲宝贝幼儿园,26.506182,106.683183
贵阳市第三十六中学,26.505903,106.687189
贵阳航天幼儿园,26.50585,106.703654
友谊双语幼儿园,26.50513,106.705088
遵义市新世纪外国语学校贵阳航天教学区,26.50622,106.706877
景景舞蹈学校,26.505294,106.706377
黔雅思幼儿园,26.504793,106.720051
贵阳市花溪区东方文武学校,26.503524,106.724852
贵阳铁路司机学校,26.505896,106.74177
贵阳职业技术学院中等职业教育部,26.505943,106.741826
贵铁分局职工学校,26.505944,106.742033
贵阳市铁二局职业技术学校,26.502354,106.740148
贵阳市第一高级技工学校-东门,26.505964,106.742051
中铁五局集团建筑工程有限责任公司贵阳市高级技工学校改扩建工程一期一标段项目经理部,26.505821,106.741593
贝乐迪幼儿园,26.503087,106.744251
花溪区十三小,26.509488,106.65531
贵州省农业科学院院士工作站草业院士分站,26.50704,106.665946
贵阳市林城苗苗学校,26.507888,106.666726
贵州省农科院幼儿园,26.507411,106.667338
红星小学,26.508148,106.683935
贵阳市花溪区第七小学,26.50681,106.686809
育蕾小学,26.508584,106.686598
馨苑幼儿园,26.509943,106.686095
东方小区幼儿园,26.5102,106.685482
花积木幼儿园,26.507109,106.686378
贵阳市小河区兴黔小学家长学校,26.508281,106.686297
贵阳经济技术中专,26.506407,106.691396
贵矿幼儿园,26.510469,106.69339
贵州强力挖掘机培训学校,26.506412,106.692496
育强中学,26.508102,106.696395
亚华外国语中学,26.509378,106.700988
小博士幼儿园,26.51035,106.701815
大拇指双语幼儿园,26.509373,106.712474
贵阳市第三十八中学,26.510171,106.717258
小河区第九小学,26.506614,106.717709
枫阳幼儿园,26.507526,106.717475
小碧小学,26.507868,106.768076
小碧幼儿园,26.508434,106.77277
小河区第三实验学校,26.511163,106.685225
聪贝贝双语幼儿园,26.514203,106.686198
北门居委会市民学校,26.513917,106.697695
北京舞蹈学院中国舞考级点,26.515202,106.701184
贵阳市小河区西工幼儿园,26.515388,106.705463
晶晶艺术幼儿园,26.510971,106.703613
金贝双语幼儿园,26.514959,106.703638
金宸第三幼儿园,26.511125,106.704957
贵州省家庭教育研究会西工幼儿园家长学校,26.515391,106.704932
贵阳市第三十四中学,26.512801,106.708231
小河区第四小学,26.513707,106.708506
贵阳市南欣中学,26.514682,106.711982
贵州西南工具集团有限公司职业技术学校,26.514682,106.711981
贵阳市花溪区第四小学城市学校少年宫,26.513866,106.708557
贵阳市西工职业技术培训学校,26.514709,106.712038
贵州西南工具集团有限公司职业技术学校-东北门,26.514514,106.711957
长沙理工大学贵州函授站,26.513707,106.717392
贵州省机械工业学校,26.512876,106.739295
贵阳市第三十九中学,26.515386,106.741525
二戈寨小学,26.513795,106.739623
贵州省物资学校,26.511029,106.741172
贵阳市南明区二戈寨小学家长学校,26.513574,106.739666
小红帽幼儿园,26.511081,106.742485
南明区二戈寨松花社区市民学校,26.515168,106.740921
贵州省机械工程学校东校,26.513857,106.74002
贵州省物资学校-工会委员会,26.511167,106.741322
贵阳市三十九中家长学校,26.515168,106.740921
贵州省物资学校-东北门,26.511338,106.741918
贵州省机械工业学校-东北门,26.513856,106.739805
贵州省物资学校-纪律检查委员会,26.511167,106.741323
贵阳市南明区二戈寨小学计算机工程学校,26.513574,106.739666
贵阳新东方烹饪学院-行知楼,26.519539,106.682034
花溪区第四实验学校,26.516242,106.681572
贵州黔乐艺术学校,26.516286,106.68322
阳光宝贝·至德国学幼儿园,26.517622,106.682061
贵阳市新东方烹饪中等职业学校-北门,26.51959,106.682591
兴隆苑幼儿园,26.516562,106.696712
贵阳市花溪区漓江小学,26.515538,106.70098
贵阳市小河区第三学区一小校区,26.516045,106.701124
艾迪儿国际幼儿园,26.519629,106.702252
书馨贝儿幼儿园,26.516482,106.700342
小河少林武术学校,26.519612,106.702372
小白兔中英文幼儿园,26.519225,106.705189
CC英语学校,26.516173,106.703791
安博尔幼儿园,26.518642,106.711077
红黄蓝幼儿园,26.515862,106.709384
蓝天启航艺术幼儿园,26.515862,106.710812
小河区永红艺术幼儿园,26.516493,106.70807
小河童心艺术学校,26.515813,106.709351
华阳幼儿园,26.517738,106.713688
中兴世家幼儿园,26.51591,106.714425
童乐幼儿园,26.517931,106.717891
大兴星城幼儿园,26.519175,106.72177
八里屯中小学,26.517334,106.739079
启智幼儿园,26.518885,106.739185
大风车礼仪幼儿园,26.51549,106.737942
南明区第二实验小学,26.51757,106.741493
贵阳市第十幼儿园,26.517531,106.742454
乐佳双语幼儿园,26.51627,106.739435
贵阳市兴宇中小学,26.518742,106.744326
贵州青少年武术训练基地,26.518839,106.744521
贵阳市体校兴甫武术学校-西北门,26.518404,106.744117
久安中心小学,26.520605,106.59789
贵州新世纪中专挖掘机学校,26.521217,106.665559
贵州新世纪中专挖掘机学校-北门,26.521136,106.66547
贵阳市第二十二中学,26.523128,106.684718
贵阳市英语实验学校,26.523875,106.694986
贵阳市英语实验学校-中学部,26.523336,106.696128
音缘艺术培训学校,26.52181,106.702197
永红小学,26.523262,106.705539
溪源学校,26.523427,106.705314
贵州财经大学小河函授站,26.522157,106.707488
贵州新世纪中专挖掘机学校,26.52174,106.707493
贵阳市花溪区蓝贝儿艺术学校,26.524104,106.70723
贵阳贵州大学计算机培训中心,26.521826,106.70693
贵阳市小河区杜荣和文化艺术培训学校,26.524128,106.70634
贵阳市凯信驾驶培训学校小河第一报名点,26.522757,106.707199
红杉树智能英语学校,26.524353,106.707512
小河区第三小学,26.523873,106.713826
浦江小学,26.523841,106.713849
奥运幼儿园,26.52066,106.715572
瑞和幼儿园,26.522765,106.722114
万科大都会学校地下停车场一号出入口,26.524336,106.723469
久安中学,26.525611,106.595692
小河区第十四小学,26.528145,106.662179
贵阳市南明区文晟小学,26.528882,106.683023
花儿幼儿园,26.528914,106.683032
南明甘荫塘小学,26.528815,106.686098
南明区甘萌塘小学,26.528419,106.686355
春芽幼儿园,26.526706,106.687177
七彩阳光艺术中心,26.526041,106.693699
甲秀小学第一分校-山水小学,26.526697,106.695918
甲秀小学分校,26.527034,106.695419
贵阳市乒乓球协会甲秀小学训练基地,26.526697,106.695507
朗奥实验幼儿园,26.528526,106.702283
金太阳国学双语幼儿园,26.527303,106.701525
贵阳市花溪区第五小学,26.52476,106.705445
香江艺术幼儿园,26.52679,106.703935
大坡幼儿园,26.525584,106.704659
海信希望小学,26.524756,106.705629
贵阳市花溪区飞扬文化培训学校,26.52679,106.703935
爱尔外国语幼儿园,26.527087,106.710148
碧园花城双语幼儿园,26.527326,106.709644
彩虹音乐学校,26.525261,106.70819
贵阳市第二十五中学,26.527229,106.71222
贵阳市花溪区盘江小学,26.524762,106.713549
华烽幼儿园,26.528669,106.714193
小天使幼儿园,26.525962,106.716327
花溪区实验中学,26.524565,106.716649
cea双语幼儿园,26.526999,106.722009
花溪区第一实验学校万科分校-东北门,26.528263,106.726497
精贝贝双语幼儿园,26.526687,106.739563
贵阳市南明区小碧中学,26.527909,106.78509
小碧乡中心完小,26.524701,106.822696
贵阳市南明区天宇学校,26.531589,106.682201
贵阳市南明区天宇学校警务室,26.531589,106.682201
贵阳市南明区四喜巷小学,26.529672,106.687511
贵阳南明区长征小学,26.529291,106.685144
艺竹幼儿园,26.532953,106.685019
小骑士幼儿园,26.530135,106.703123
花溪区第一实验幼儿园,26.530045,106.712025
花溪区第一实验学校,26.53173,106.710825
小河区第一实验学校-东门,26.530541,106.711072
飞舞艺术培训学校,26.530594,106.711514
阳光英语培训学校,26.52987,106.708783
花溪区第一实验学校城市少年宫,26.530615,106.711134
欣乐幼儿园,26.530756,106.715123
长江居委会老年学校,26.531048,106.714356
花溪区第六小学,26.532546,106.719013
贵阳市小河区纽绅教育兴隆珠江湾畔幼儿园,26.5331,106.718002
瑞馨幼儿园,26.532082,106.717976
海伦娜幼儿园,26.532708,106.719144
鑫贝贝双语幼儿园,26.531508,106.718534
杰汇·华府幼儿园,26.52918,106.723595
贵阳市新城职业学校,26.531454,106.782992
南明区小碧乡营盘小学,26.533088,106.782856
贵阳市南明区云盘小学,26.531524,106.782937
贵阳市南明区小碧小学,26.531524,106.782937
贵州吉源驾驶培训学校,26.532678,106.784236
甘庄小学,26.529794,106.79808
二堡幼儿园,26.53298,106.823607
南明区小碧乡中心幼儿园,26.533321,106.823678
星潼幼儿园,26.536473,106.692738
贵阳市南明区卓立学校,26.537333,106.695765
硕果幼儿园(四方河路),26.534546,106.698915
黔汇幼儿园,26.533746,106.711796
精英幼儿园,26.534999,106.711198
贵阳市交通技工学校,26.537473,106.731679
北京交通大学贵阳交通教学中心,26.53683,106.732214
贵阳广播电视大学交校教学点,26.53683,106.732214
贵阳市交通技工学校-西门,26.536826,106.731746
阳光宝贝至德国学幼儿园,26.542347,106.692247
馨雅幼儿园,26.539218,106.689769
贵州天河驾驶培训学校报名处,26.540334,106.690849
贵州天河驾校培训学校,26.540334,106.690849
华烽第二幼儿园,26.538237,106.701841
东方艺术幼儿园,26.540579,106.716192
贵阳市南明区乾松学校,26.542204,106.713062
万和童心幼儿园,26.541152,106.721268
南明爱佳幼儿园,26.539941,106.741061
阳光宝贝幼儿园,26.540304,106.741718
贵阳市南华学校,26.545287,106.68123
贵阳市南明区振华小学,26.546082,106.702955
北京天使之翼幼儿园,26.54463,106.70222
稚雅幼儿园,26.546815,106.707188
立德学校,26.545731,106.709219
宏成中学,26.545804,106.709177
新村学校,26.544314,106.716545
南明区慧心幼儿园,26.545382,106.715919
贵阳市经济贸易中等专业学校,26.546965,106.713178
蒲公英幼儿园,26.543501,106.719575
振馨幼儿园,26.544217,106.716625
南明区雄飞幼儿园,26.544389,106.719247
贵阳南明区宏宇小学,26.543252,106.723405
南明区景文学校,26.543468,106.732025
嘉润学校,26.544217,106.736417
贵阳兴华小学,26.543382,106.741912
利国小学,26.545038,106.743456
南明区童欣幼儿园小学,26.544592,106.798698
贵阳市南明实验幼儿园(国际城分院),26.549395,106.686881
贵阳市南明区英才文武学校,26.547466,106.692514
贵阳市南明区英才文武学校-东南门,26.547576,106.692509
中共英才文武学校支部委员会,26.547486,106.692491
南明区博欣学校,26.54778,106.693893
甜石榴幼儿园,26.547858,106.702825
恒元学校,26.550816,106.710908
晨光幼儿园,26.550816,106.710908
恒元学校-东北门,26.551005,106.710912
贵阳市南明区绿苑小学,26.548052,106.713636
绿苑中学,26.547676,106.713674
建材小学,26.550226,106.713672
贵阳市公安局南明分局沙冲南路派出所绿苑中学警务室,26.548006,106.713701
绿苑阳光幼儿园,26.549432,106.712309
中国共产党贵阳市南明区绿苑中学支部委员会,26.548006,106.713701
贵阳市信息技术技工学校,26.548286,106.713191
贵阳市南明区卡梦艺术培训中心,26.548008,106.713637
贵阳市望成学校,26.549476,106.721118
雨露中小学(麒龙快乐家园西南),26.548532,106.717742
益智幼儿园,26.549346,106.717405
贵阳市南明区雨露学校,26.548688,106.717743
爱心幼儿园(望城路),26.551431,106.720138
后巢双语幼儿园,26.548753,106.725689
致远中学,26.547484,106.727701
新世纪小学,26.551237,106.729992
致远学校(一校区),26.549397,106.729393
贵阳市三十二中学,26.548752,106.743483
贵阳市南明区龙家寨小学家长学校,26.547766,106.743414
南明区博宇幼儿园,26.549761,106.742572
贵阳市十八中(第二校区),26.551106,106.745048
贵阳经济贸易中等专业学校(北门),26.551172,106.784722
贵州服务外包学院,26.551328,106.788825
华中师范大学贵阳经贸学校网络学习中心,26.551338,106.788914
贵阳市经济贸易中等专业学校(东北门),26.551131,106.789128
贵阳经济贸易中等专业学校(西北门),26.550228,106.786411
金阳新区冒沙学校,26.554483,106.56809
北京第二实验小学(贵阳分校),26.555212,106.689152
精灵果幼儿园,26.555788,106.688534
贵阳市第三十三中学,26.553786,106.690452
北京实验二小贵阳分校,26.554669,106.690351
贵阳市南明区行知学校,26.553025,106.693156
光明画室(光明培训学校),26.553203,106.693075
贵阳市至善实验幼儿园,26.554389,106.70684
贵阳宏成学校,26.552685,106.707152
河北廊坊卫生学校(贵州校区),26.555668,106.705235
贵州新兴中等职业技术学校(贵铁康馨物业军体校小区西),26.55565,106.704972
贵阳幼师附属实验幼儿园,26.554369,106.706679
贵州新兴中等职业技术学校篮球场,26.556249,106.705855
贵州新兴中等职业技术学校(西门),26.556238,106.706855
贵州省军事体育运动学校-游泳池,26.555836,106.705667
贵州新兴中等职业技术学校-东北门,26.556234,106.706396
贵州新兴中等职业技术学校篮球场-西南门,26.556046,106.705802
河北廊坊卫生学校(贵州校区)-西门,26.556238,106.706864
贵州大学(沙冲校区),26.554106,106.708573
贵阳市南明区兴关小学,26.55555,106.709104
贵阳电子职业学校,26.555673,106.708607
华日幼儿园,26.555766,106.70828
兴关小学家长学校,26.555699,106.709319
锦泰幼儿园,26.556124,106.708323
华中师范大学现代远程教育贵阳学习中心,26.554397,106.709015
贵州大学-培训中心,26.554277,106.709651
湖南中医药大学贵州函授站,26.556091,106.708738
贵州鸿皓科技职业学校,26.554292,106.709397
贵阳汇天职业培训学校,26.554397,106.709015
朝阳学校-西南门,26.552664,106.712006
贵州寰宇职业技术学校,26.554397,106.709015
朝阳中学,26.552205,106.712256
朝阳学校,26.552879,106.71214
精英第三幼儿园,26.552427,106.715389
星语双语幼儿园,26.552268,106.712091
贵阳建材厂幼儿园,26.55416,106.715585
晟谊幼儿园,26.553215,106.713642
贵阳市公安局南明分局沙南派出所朝阳学校警务室,26.552798,106.712081
贵阳市笔山小学,26.552611,106.718433
笔山艺术幼儿园,26.552498,106.718874
鑫鑫幼儿园,26.552062,106.72008
贵州警官职业学院实验中心,26.556055,106.782995
贵阳金筑中学,26.552075,106.788592
翁井小学,26.559307,106.570531
弘汶学校,26.558179,106.665301
佳佳双语幼儿园,26.560338,106.665845
贵阳南明区花果园常春藤幼儿园,26.557889,106.676595
青山小学,26.560073,106.68845
天海青城幼儿园,26.558081,106.686534
青山小学家长学校,26.560011,106.688289
北京舞蹈学院中国舞考级点,26.560761,106.688776
青山青少年足球学校,26.560011,106.688289
南明区自强学校-东门,26.559459,106.685155
贵阳市博雅第一幼儿园,26.558461,106.693169
贵州警官职业学校长安驾校,26.558406,106.692186
沙弗英语学校,26.558988,106.690021
我家宝贝幼儿园,26.556571,106.695092
北京红樱幼儿园(太慈桥分园),26.556644,106.6953
贵州新华电脑学院,26.557067,106.700532
贵阳市南明区桃园小学,26.557413,106.699252
贵阳市第七幼儿园,26.557505,106.69901
贵阳市南明区桃园小学-家长学校,26.557497,106.699118
贵阳和平学校,26.560825,106.707161
和平幼儿园中小学,26.56081,106.707351
南明区和平双语幼儿园,26.560811,106.707322
贵阳市南明区民办学校教育协会,26.560825,106.707161
贵阳和平学校-西南门,26.560786,106.707071
贵阳市第二十九中学,26.556712,106.711333
贵阳市第四十一中学,26.556761,106.708703
新光双语幼儿园,26.558735,106.710969
远憬幼儿园,26.557614,106.70915
中铁五局二中,26.557027,106.708621
南明启航幼儿园,26.556651,106.71042
贵阳第二十七中学职高部,26.557018,106.708606
贵阳市第四十一中学综合教学楼改扩建工程,26.55713,106.708014
南明区行政学校,26.559911,106.708349
中共贵阳市省党校贵州省行政学院管理学院南明站,26.559965,106.708079
大理路小学,26.55754,106.715166
贵阳美吉智双语幼儿园,26.556128,106.714714
化工学校职工宿舍,26.557414,106.71576
化工学校职工宿舍-南门,26.557277,106.715875
贵阳市南明区营盘小学,26.56032,106.717164
育才小学,26.556774,106.717636
贵阳市宏志中学,26.560408,106.750741
贵阳社会主义学院,26.557971,106.77423
贵州警官职业学院-南区,26.557814,106.781847
贵州警官职业学院-教学楼,26.560263,106.784297
贵州警官职业学院计算机中心远程教育机房,26.560301,106.78243
中国农业银行ATM(龙洞堡警官学校),26.560225,106.783858
中国移动(龙洞堡警官学校指定专营店),26.560248,106.78224
长安驾驶培训学校,26.559405,106.780752
贵州警官职业学院-北区,26.559205,106.783155
贵州省社会主义学院,26.557212,106.785976
贵州中华文化学院,26.557119,106.785476
四川外国语大学贵阳外国语学校,26.557338,106.785537
贵阳市诚兴学校,26.561665,106.619932
贵州理工学院-后勤处,26.564528,106.662574
贵州理工学院-研究生综合楼,26.564862,106.662548
贵州理工学院校区-幼儿园,26.56459,106.662264
贵州理工学院职业技术师范学院,26.564889,106.662797
中国电信贵州理工学院校园网服务中心,26.56218,106.666241
贵州理工学院综合治理办公室,26.562133,106.666452
七彩幼儿园,26.565113,106.670813
e智星幼儿园,26.565434,106.670112
贵州理工学院易班发现中心,26.562368,106.667878
贵州理工学院师生事物服务中心(3楼),26.562368,106.667878
共青团贵州理工学院委员会,26.562361,106.66789
兰妮花果园幼儿园,26.562688,106.676775
军嫂幼儿园,26.56482,106.677287
花果园第三小学,26.562884,106.687023
腾远幼儿园,26.560939,106.690142
贵阳市第十二中学校,26.564764,106.69774
贵州省艺术学校,26.563884,106.69682
贵州大学-艺术学院,26.564465,106.696049
贵阳食里飘香小吃培训学校,26.562185,106.695604
贵州大学艺术学院-B楼,26.564022,106.696646
贵州大学艺术学院-D楼,26.563744,106.696192
贵州大学艺术学院-C楼,26.564263,106.696278
贵阳启明外语学校,26.562114,106.695581
贵阳市金苹果双语艺术学校,26.562796,106.7028
贵阳市第十一幼儿园分园,26.565091,106.70632
贵阳南明实验三小,26.564878,106.712651
贵阳市南明区第三实验小学,26.56508,106.712915
晨曦双语幼儿园,26.563713,106.713013
美新世纪幼儿园(八达巷),26.564111,106.713821
中国共产党贵阳市晨曦幼儿园支部委员会,26.563794,106.71298
南明区二七社区市民学校,26.564878,106.712651
贵阳尚食膳小吃培训学校,26.563007,106.716033
南明区雨露艺术幼儿园,26.563678,106.718819
中国共产党贵阳市南明区宏志学校支部委员会,26.564851,106.723435
贵阳市宏志学校-东北门,26.564797,106.723549
星竹幼儿园,26.564806,106.729896
贵阳四方学校,26.563861,106.732111
贵阳南明区四方学校-东南门,26.564414,106.731097
南明实验小学二校,26.565445,106.740951
林苑学校,26.564905,106.751079
好花红艺术学校,26.56461,106.74952
希望学校,26.564368,106.75142
黔材之星小学,26.562649,106.754983
教师教育学校,26.561975,106.778327
贵州省民族学院中专部成教院长城职校教学点,26.56545,106.77974
贵阳市高级技工学校(阳明西路),26.562243,106.77978
武警指挥学校,26.565447,106.776496
中共贵州教师教育学校委员会,26.563047,106.778755
贵阳市公安局高等院校治安管理办公室(阳明西路),26.562171,106.780026
贵阳学院,26.563337,106.784323
贵阳学院-博远楼,26.56189,106.781639
贵阳学院-博雅楼,26.562678,106.782542
贵阳学院-继教教育学院,26.561979,106.781568
贵阳学院-文化传媒学院,26.562901,106.783599
贵阳学院-第一教学楼,26.56248,106.780521
贵阳学院-综合教学楼,26.562901,106.783599
贵阳学院-实验楼,26.562804,106.781628
贵阳学院-经济管理学院,26.562901,106.783599
贵阳学院-教育科学学院,26.561973,106.781596
贵阳学院-博新楼,26.562536,106.780493
贵阳学院-逸夫教学楼,26.56216,106.782255
贵阳学院-明理楼,26.562858,106.781422
贵阳学院-计算机科学系,26.562481,106.780522
贵阳学院-社会管理学院,26.562901,106.783599
贵阳学院-教育系,26.561969,106.781576
贵州省高等学校人文社会科学研究基地阳明学与地方文化研究中心,26.563409,106.782224
贵阳学院汽车驾驶培训学校,26.563197,106.781059
贵阳学院-大学科技产业园,26.564081,106.786249
贵阳学院-博技楼,26.563991,106.787225
贵阳学院-体育学院,26.563338,106.786267
贵阳学校博艺楼,26.563368,106.786262
贵阳学院-金工实验室,26.563062,106.784914
贵阳学院-实验大楼,26.563976,106.787017
贵阳学院-美术学院,26.564467,106.786647
贵阳学院-音乐学院,26.56498,106.786317
贵阳学院-博达楼,26.564504,106.78731
贵阳学院-音乐系,26.564762,106.786338
贵阳学院-行健馆,26.562505,106.786258
贵阳市四十二中,26.567123,106.660477
贵阳市第二十四中学,26.566463,106.661296
贵阳市蔡家关幼儿园,26.568359,106.661617
贵州大学附属中学(蔡家关校区),26.567146,106.661055
玺娇阳艺术幼儿园,26.565782,106.658369
贵州理工学院-信息工程学院,26.565675,106.662004
贵阳市云岩区宏声幼儿园,26.567749,106.659582
贵州理工学院-信息中心,26.566141,106.661893
贵州理工学院(蔡家关校区)-5号教学楼,26.56583,106.660776
贵州理工学院-综合楼,26.566545,106.661923
金成乐乐幼儿园,26.567829,106.661411
贵州理工学院(蔡家关校区)-第四教学楼,26.566128,106.661202
东方鑫钰凤凰艺术幼儿园,26.568205,106.660946
凯信驾驶学校,26.569349,106.660598
蔡家关派出所四十二中学校警务室,26.566911,106.661293
贵州理工学院,26.56597,106.665625
贵州理工学院(蔡家关校区)-第一教学楼,26.565769,106.662885
贵州理工学院-工设楼,26.568037,106.663406
贵州大学(蔡家关校区)-第三教学楼,26.567679,106.663189
贵州理工学院-第二教学楼,26.567221,106.66306
贵州大学(蔡家关校区)-2号教学楼,26.565782,106.662993
逸夫学术中心,26.568611,106.663289
贵州理工学院土木工程学院-实验中心,26.568121,106.663636
贵州理工学院-1号实验楼,26.567514,106.664376
贵州理工学院-第三实验楼,26.569048,106.664039
贵州理工学院-采矿楼,26.567079,106.664317
贵州理工学院-2号实验楼,26.567713,106.664252
贵州理工学院-第一实验楼,26.565671,106.664069
机械工程学院梦想魔方,26.568934,106.663704
贵州理工学院-工艺设计楼,26.567929,106.663497
贵州理工学院-CAD楼,26.5672,106.662039
贵大驾驶培训学校,26.568254,106.664095
贵州大学生物科学学院实习基地,26.567292,106.670742
贵阳市德芬高考补习学校(蔡家关分校),26.56797,106.670984
智慧树世纪幼儿园,26.568254,106.679758
梦之航国际幼儿园,26.565539,106.678397
慧凡双语第二幼儿园,26.568792,106.680437
贵阳市南明区第一实验中学,26.567379,106.686296
乐童双语幼儿园,26.566929,106.68658
贵阳舞愿舞蹈学校花果园第二分校,26.567117,106.687747
七彩花幼儿园,26.565972,106.691274
贵阳新月室内设计培训学校,26.569229,106.693227
阳光昱翔幼儿园,26.566011,106.69569
贵阳市第十三幼儿园,26.568773,106.702397
黔品厨艺学校,26.569664,106.698662
贵州桃李厨艺厨师培训学校,26.569955,106.699235
新中华厨师培训学校,26.569441,106.698632
贵阳市职工中等专业学校,26.568708,106.698798
贵阳市第十四中学,26.569268,106.703284
泡泡秀体育幼儿园,26.568807,106.706154
贵州省体育运动学校,26.565993,106.707688
东丽艺术学校,26.567026,106.710542
贵州省体育运动学校-东门,26.56624,106.707832
贵阳第二十七中学,26.56614,106.714589
贵阳财智会计学校(遵义路店),26.567555,106.713081
建达学校,26.565712,106.720697
贵棉幼儿园,26.569148,106.71878
贵州博才广育职业培训学校,26.565716,106.720694
大糖果美术学校,26.566371,106.718465
贵阳市第十六中学,26.568906,106.724481
贵阳市南明区环南小学,26.568087,106.723139
南明区环南社区市民学校,26.568513,106.722803
贵阳市第四职业学校-北门,26.568764,106.724272
贵阳市南明区市南小学,26.569193,106.727095
贵州平安驾驶培训学校,26.566759,106.72991
多彩贵州艺术学校,26.569899,106.726262
南明写作书画学校,26.568655,106.726747
贵阳市天翔学校,26.56791,106.734159
起点艺术幼儿园,26.566831,106.730989
好娃优幼儿园,26.566244,106.732229
贵阳市第十五中学,26.569085,106.7414
贵阳南明实验小学,26.567232,106.740351
南郊小学,26.565507,106.741122
贵阳广播电视大学-综合楼,26.567305,106.740115
贵阳市第十五中学-和睦楼,26.569113,106.741575
贵阳首贵幼儿园,26.567366,106.741322
心爱幼儿园,26.5674,106.740339
TBO英语学校,26.566343,106.740348
小海贝艺术幼儿园,26.567457,106.744788
南明区锦绣家园金童幼儿园教学区,26.565757,106.745296
贵州师大附中新校区,26.566194,106.776432
贵阳医科大学神奇民族医药学院,26.56793,106.78818
中共贵州医科大学神奇民族医药学院委员会,26.567125,106.787931
春华楼D栋,26.568209,106.788986
贵阳市大坪小学,26.572253,106.6316
启智艺术双语幼儿园,26.5715,106.63049
金童双语幼儿园,26.57296,106.63208
贵阳金关童馨幼儿园,26.570839,106.651837
雅淇艺术幼儿园,26.570743,106.66004
兴黔学校,26.570221,106.661526
翔宇学校,26.570323,106.659971
云岩区和谐创新幼儿园,26.57021,106.660498
艺萌妮可艺术培训学校,26.571876,106.66108
贵州工大驾驶培训学校报名处,26.570875,106.661737
贵阳市云岩区五一学校,26.574304,106.662923
贵阳市南明区苗苗实验学校,26.572983,106.676504
威斯顿国际幼儿园,26.570128,106.680889
北京八中(贵阳分校),26.572232,106.687383
北海幼儿园,26.571927,106.688418
贵阳市南明区建中学校,26.573828,106.685592
贵阳市立创职业技术学校-东门,26.57383,106.685601
黔程音乐教育(花果园总店),26.572151,106.689441
亿婴天使幼儿园,26.570052,106.694209
南明区贵惠路小学,26.571684,106.701015
智慧之星幼儿园,26.572144,106.701928
明星博艺幼儿园,26.574789,106.702801
南明区市府学区第三校区,26.57189,106.701456
贵州省电子商务学校,26.573426,106.700243
贵州省商业学校-东北门,26.573576,106.700414
花果园商业学校宿舍,26.570072,106.699513
贵州省电子商务学校-东南门,26.572928,106.700284
贵阳市第二幼儿园解放解放桥小学,26.570517,106.70416
贵阳市第二幼儿园,26.570706,106.704003
贵州核心代理,26.573937,106.70513
贵州省实验中学,26.573588,106.715425
贵阳市尚义小学,26.571257,106.717184
贵阳市第十一幼儿园,26.573692,106.720119
尚义幼儿园,26.570766,106.716919
亿欣幼儿园,26.5707,106.718814
春雷思维培训学校,26.572399,106.716724
新华路小学,26.573836,106.724066
贵阳市田家炳中学,26.573489,106.724931
南明幼儿园,26.573518,106.724864
新东方(君悦华庭校区),26.571043,106.724295
新东方教育培训学校纪念塔校区,26.571065,106.724129
陕西省科技卫生学校教学实习基地,26.574137,106.724735
黔龙跆拳道学校(纪念塔店),26.571113,106.723994
贵州新星电脑学校,26.573748,106.721723
贵州新星电脑学校-西北门,26.573646,106.721793
贵阳市第九中学,26.573524,106.726468
省委机关幼儿园,26.573869,106.730539
南明实验幼儿园,26.57372,106.730442
满天星幼儿园,26.5725,106.736558
童心幼儿园(东新区路),26.570657,106.740276
贵阳市南明区文秀小学,26.572277,106.7436
贵州省师德教育中心(贵州省荣誉军人康复医院东),26.573883,106.742446
贵阳华海中等职业学校-东北门,26.570086,106.741161
图云关小学,26.571742,106.759857
云关民族小学,26.570097,106.780708
金银花幼儿园,26.571487,106.78966
贵阳市金关小学,26.578251,106.650942
金贝贝幼儿园,26.577844,106.649633
晨辉幼儿园,26.577501,106.652598
金关艺术幼儿园,26.576779,106.649069
童欣幼儿园,26.578912,106.652354
吉源驾驶培训学校报名处,26.575641,106.65112
贵阳市民办教育促进会云岩区三马片区民办学校联合会,26.576072,106.650016
小博士幼儿园,26.577219,106.661606
馨馨幼儿园,26.578385,106.663052
云岩区枫丹白露小学,26.575778,106.666948
贵阳市枫丹小学,26.57579,106.667048
纽绅教育·枫丹白鹭中英文幼儿园,26.577132,106.668519
未来学校,26.577776,106.67125
未来幼儿园,26.577775,106.67125
艾蓓尔生态幼儿园,26.57903,106.679722
贵阳南明区精灵果幼儿园,26.576307,106.693825
慧凡双语幼儿园,26.575278,106.691822
贵阳市城乡建设学校,26.577716,106.696681
花果园一期双语幼儿园,26.576873,106.69396
中音艺培,26.57655,106.697483
贵阳微拉职业培训学校,26.575863,106.697478
贵阳市城乡建设学校-西南门,26.577674,106.696691
贵阳名家美术培训学校,26.57613,106.696911
贵阳振华艺术师范学校-西南门,26.57773,106.696611
快乐魔方作文培训学校,26.57613,106.696911
贵阳市七彩中学(狮峰路),26.578631,106.701863
南明区花果园第一小学家长学校,26.577457,106.701453
贵阳市南明区启梵幼儿园,26.578527,106.701843
贵州建设广播电视大学,26.57531,106.702775
贵阳医学院附属南华医院-血液透析中心,26.578078,106.700468
贵阳市城乡建设学校-东门,26.578718,106.6988
南明区狮峰路学校(东门),26.577897,106.7007
贵州省高等医学院校临床教学基地,26.578415,106.700708
拾光音乐乐器教室,26.574829,106.703832
贵州省贸易经济学校,26.575717,106.707156
贵州省贸易经济学校-职工宿舍生活区,26.575762,106.707219
中国共产党贵阳省易经济学校委员会,26.575556,106.706877
九吉音乐艺术学校,26.576071,106.704309
贵州省贸易经济学校职工宿舍生活区-西北门,26.575749,106.706989
中共贵州财经大学委员会(贵惠路社区卫生服务站东北),26.575332,106.709325
贵阳直通车学校,26.578316,106.71125
贵州财经大学-成人教育学院,26.575692,106.708586
贵阳贝贝外语学校,26.578316,106.71125
贵阳直通车学校-教学大楼,26.578169,106.711674
贵州省总工会-干部学校,26.578206,106.710632
中国政法大学贵州教学中心,26.578985,106.711672
熹逸书法,26.578302,106.711668
贵阳育才会计学校,26.575372,106.709832
华音堂艺术培训学校,26.575709,106.708848
贵阳直通车学校-北门,26.578206,106.711594
教育部西部地区中小学校长国家级培训基地,26.575512,106.713661
成人高等教育,26.576826,106.712448
贵阳市九思中学,26.575814,106.71402
贵阳学院-教师教育学院,26.577527,106.712532
贵阳市德芬高考补习学校,26.576869,106.712388
贵州师范学院关心下一代工作委员会办公室,26.57638,106.713543
新华电脑学院咨询报名中心,26.576707,106.712731
贵阳会计专业学校,26.57686,106.712402
贵阳市好花红艺术学校,26.575687,106.714411
贵阳市都市路小学,26.578092,106.717703
贵阳市苗苗实验学校,26.574835,106.719601
都市路小学家长学校,26.578206,106.717655
苗苗实验学校-市民学校,26.574882,106.719624
南明区都司西路社区市民学校,26.578206,106.717655
贵阳市苗苗实验学校-西北门,26.574984,106.719651
电力科研楼,26.577805,106.724659
九天文化艺术学校,26.577758,106.721609
罗萧跆拳道学校,26.579087,106.722119
贵阳财智会计学校(钻石广场店),26.577586,106.72184
元记忆培训学校,26.577808,106.723233
贵阳市甲秀小学,26.57587,106.727147
贵阳花蕊午休园,26.577069,106.728342
贵阳市第十八中学,26.576547,106.733367
中共新世纪幼儿园支部委员会,26.578169,106.732641
福宝贝幼儿园,26.578319,106.736077
大彩童综艺幼儿园,26.575127,106.739213
环宇阳光幼儿园,26.575093,106.735746
开智数学学校,26.576791,106.734859
华英小学,26.575421,106.742397
贵阳市南明区晨晨小学,26.576819,106.758602
笔山小学,26.577109,106.758811
罗吏小学,26.575321,106.817178
璨星幼儿园,26.580519,106.568368
贵阳市观山湖区国林学校,26.580862,106.573079
圣玛丽幼稚园,26.58314,106.653476
晨阳幼儿园,26.582099,106.656123
贵阳市云岩区关心小学,26.579845,106.661315
好孩子博乐幼儿园,26.580112,106.661266
贵阳市百花坪小学,26.583442,106.662973
未来星幼儿园,26.5794,106.662042
云岩区金色童年幼儿园,26.582855,106.663356
金关派出所贵阳市百花坪小学警务室,26.583429,106.663041
博林南亚学校,26.5794,106.662042
贵阳市百花坪小学-家长学校,26.583501,106.663115
西南通讯手机商城(博林学校东南),26.579295,106.6624
兄弟炒鸡(博林学校东南),26.579295,106.6624
阳光宝贝幼儿园,26.579321,106.670589
世纪飞扬幼儿园,26.580116,106.670685
改茶小学,26.580812,106.672731
赛文学校,26.581101,106.674251
改茶金童幼儿园,26.580512,106.672205
诚智学前班,26.580194,106.672041
贵阳市改茶小学-家长学校,26.580896,106.673035
贝地e智幼儿园,26.582593,106.683483
金星幼儿园,26.582523,106.686288
精果果幼儿园,26.582236,106.686832
金顶山幼儿园,26.581189,106.700325
贵阳市第三实验小学,26.581352,106.699999
智慧树幼儿园,26.580004,106.699172
萌正幼儿园,26.580758,106.702961
贵州大学罗汉营校区-第三教学楼,26.583543,106.702639
贵州大学(罗汉营校区)-综合楼,26.583393,106.703169
e智星福儿建构幼儿园,26.583416,106.705265
贵州大学继续教育学院-考试管理中心,26.583385,106.703503
贵大成教学楼,26.583242,106.70562
亚洲及太平洋地区大学-联盟中国教育中心,26.583385,106.703503
全国高等教育自学考试主考院校,26.583534,106.703251
贵阳财智会计学校(浣纱桥店),26.582182,106.704386
贵阳科信电脑学校,26.583522,106.704927
贵阳市华文实验中学,26.581041,106.708002
贵阳市南明区贵溪小学,26.58051,106.709717
贵阳市第十二幼儿园,26.58053,106.708085
京思教育,26.57939,106.711125
枫叶国际学校,26.579261,106.711687
佳艺音乐学校,26.57939,106.711125
贵阳市CC英语学校,26.579519,106.711817
小玩家幼儿园,26.579894,106.714135
西南财经大学高管中心emba贵阳办公室,26.582988,106.714284
一对一音乐学校,26.582966,106.713812
六·一全日制学前班蒙班,26.583115,106.716232
米欧科语言学校,26.579246,106.715061
友仁钢琴电子琴学校,26.582988,106.714284
郑桂荣文化艺术学校,26.582104,106.715138
贵阳华亿汇美艺术学校,26.582865,106.713336
贵阳市南明区卓悦教育培训学校,26.581502,106.712829
佳音英语学校,26.57966,106.715913
郑桂荣文化艺术学校-西北门,26.582089,106.71518
新芽思维训练学校,26.579824,106.715397
贵阳中财会计培训学校,26.58329,106.716952
达德学校旧址,26.581975,106.719194
达德学校旧址,26.581235,106.719029
尚秀国际化妆造型学校贵阳小区,26.58133,106.718595
贵阳市达德学校旧址陈列馆,26.581927,106.719423
中国粉钻国际舞蹈培训学校,26.583034,106.716894
贵州保利文物古建有限公司达德学校旧址修缮工程项目部,26.581948,106.719159
达德学校旧址-西门,26.581879,106.719092
中共贵州教师教育学校离退休支部委员会,26.580638,106.717959
贵州教师教育学校离退休教师活动中心,26.580649,106.718367
斯坦特外语学校,26.581161,106.720792
贵阳市第二十一中学,26.581892,106.723742
贵阳市南明区富水路小学,26.582255,106.722146
贵阳市六一幼儿园,26.582993,106.723185
贵阳市达德学校家长学校,26.582583,106.722102
南明区护国路幼儿园,26.582379,106.724003
中共贵阳市六一幼儿园支部委员会,26.583075,106.722929
新东方(凯宾斯基留学考试中心),26.581472,106.724494
南明尚武社区市民学校,26.582782,106.725409
贵阳市达德学校二校区-北门,26.5825,106.721934
海露写作学校(文昌校区),26.583468,106.725284
贵阳市达德学校二校区-南门,26.581954,106.722042
贵阳学为贵雅思托福SAT培训学校,26.581489,106.724672
顺利舞蹈学校,26.581881,106.723853
贵阳金太阳艺术学校,26.581668,106.724034
振华培训学校,26.583587,106.723655
贵阳市云岩区大洋外国语学校(云岩校区),26.583406,106.725387
北京角色彩妆摄影艺术学校,26.582731,106.721222
贵阳天翼美术学校,26.581668,106.724034
贵阳中医学院,26.579902,106.730163
贵州省社会科学院,26.579812,106.726658
黄家井小学,26.580467,106.727912
南明区环东小学,26.582463,106.726654
贵阳中医学院-教学楼,26.57971,106.729606
爱乐贝贝幼儿园,26.579353,106.726393
贵州省社会科学院-科研楼,26.580064,106.726496
贵阳中医学院-第一实验楼,26.58044,106.7299
百灵企业集团制药股份有限公司技术中心,26.580502,106.729909
华悦而音艺术中心,26.581719,106.726674
贵阳市公安局高等院校治安管理办公室(都司高架桥路),26.58088,106.729928
贵州省水利电力学校,26.579701,106.734721
北京邮电大学继续教育学院云贵两省招生办公室,26.580693,106.733568
贵州行知培训学校,26.580585,106.733347
南明区蟠桃宫小学,26.583323,106.739294
e智幼儿园(蟠桃宫园),26.581957,106.736172
贵州省水利电力学校-西门,26.579775,106.734997
水口寺小学,26.579409,106.742254
南明区红岩小学,26.57946,106.742623
贵阳市南明区中信学校,26.582565,106.74035
贵阳市南明区晒田坝学校,26.579518,106.739956
贵阳南明区凯航学校,26.579518,106.739956
中国少年先锋队贵阳市南明区晒田坝学校大队委员会,26.579518,106.739956
贵阳市南明区晒田坝学校-学生会,26.579475,106.7398
贵阳市南明区晒田坝学校-东北门,26.579571,106.739861
共青团晒田坝学校支部委员会,26.579518,106.739956
贵州省文化厅幼儿园,26.5796,106.747465
千禧幼儿园,26.579945,106.748504
七彩梦幼儿园,26.58253,106.832919
贵阳市观山湖区何关小学,26.586597,106.569031
观山湖区金华镇老年学校-西南门,26.585251,106.580111
童心幼儿园,26.587595,106.582226
玉豆幼儿园,26.587478,106.582044
观山湖区金华镇老年学校,26.585386,106.580466
大凹双语幼儿园,26.584132,106.634798
贵阳市林木小学,26.588025,106.65108
贵阳市旅游学校,26.585094,106.652267
智慧树幼儿园,26.585606,106.65035
贵阳职业技术学院(中职部),26.585384,106.652615
贵轮幼儿园,26.584171,106.651791
北京实美职业学校,26.585094,106.652267
贵阳市金马街小学,26.587212,106.656982
贵阳市云岩区金风小学,26.586056,106.657729
果宝双语幼儿园,26.586123,106.658556
新建汽制厂幼儿园,26.58552,106.657834
贵阳市朗朗英语学校,26.583898,106.660176
贵阳三十中,26.58774,106.664416
贵州兴筑职业技术学校,26.587437,106.663649
贵阳市第一幼儿园,26.587429,106.663583
加油站(贵州兴筑职业技术学校东南),26.586341,106.664557
贵州兴筑职业技术学校-北门,26.58741,106.663637
玉竹幼稚园,26.586589,106.670295
贵阳市黄花街小学,26.584571,106.672905
小天使幼儿园,26.584666,106.679618
我家宝贝幼儿园,26.584672,106.679999
童的梦幼儿园,26.584821,106.68477
华厦馨园幼儿园,26.58571,106.684936
贵州省机电学校,26.584459,106.696927
贝世康幼儿园,26.587502,106.698048
贵州省机电学校-停车场,26.584117,106.697207
贵州省机电学校停车场-出入口,26.584083,106.697672
贵州省机电学校(东南门),26.584106,106.697576
贵阳十三中,26.585956,106.699711
向日葵二幼双语艺术幼儿园,26.584194,106.700754
中共贵阳市云岩区向日葵幼儿园党支部,26.584184,106.700584
金苹果幼儿园,26.585317,106.698557
贵州农业职业学院,26.587555,106.701586
金阳街学校,26.585857,106.700511
贵州大学罗汉营校区-第二教学楼,26.583877,106.702961
贵阳市女子职业学校罗汉营校区(西南门),26.586046,106.702041
曹琼美妆学校,26.587846,106.701625
贵州大学(罗汉营校区),26.583719,106.70344
咿等爱早教幼儿园,26.587731,106.705686
贵阳市第八中学,26.585017,106.710388
贵阳市新建小学,26.585145,106.709516
贵阳市海文小学,26.583838,106.711314
前进教育,26.587612,106.71167
笃信楼,26.58542,106.711314
小天使幼儿园(平安巷),26.586754,106.709651
罗萧教育跆拳道搏击学校(第五校区),26.587361,106.711575
六·一文化艺术培训学校,26.585355,106.711701
杨蔓君跆拳道学校,26.587291,106.711264
阳生音乐培训学校,26.584919,106.711762
贵州树人职业培训学校,26.587945,106.710056
郑桂荣文化艺术学校报名处,26.585544,106.711661
贵阳第二十四中学,26.585328,106.715106
环西小学,26.585552,106.712324
贵阳市岳英小学,26.586745,106.714953
贵阳市24中学,26.58566,106.714982
开智培训学校,26.583869,106.715147
新世纪幼儿园(飞山横街),26.584986,106.71508
云岩公安分局市西路派出所环西小学警务室,26.585431,106.712303
胸痛中心,26.585933,106.713909
北京舞蹈学院贵州省中国舞考级中心(总部),26.583754,106.71538
协合会计学校,26.583792,106.715559
阿斯顿英语,26.585749,106.712875
东明语言培训学校,26.58374,106.71596
好花红艺术学校,26.583739,106.71596
岸津书法学校,26.58374,106.71596
贵阳市第一幼儿园,26.587582,106.718165
华西医科大学校友总会口腔系七九级贵阳分会,26.587846,106.71767
色妆化妆造型摄影培训学校,26.58797,106.718581
贵阳天籁艺术学校,26.585818,106.718742
贵阳肖邦钢琴艺术学校,26.584982,106.720952
贵阳康田家政职业技术学校,26.587684,106.718627
卡农音乐学校,26.587117,106.719672
风铃艺术学校,26.587117,106.719672
阳光(钢琴)艺术学校,26.585313,106.720568
东方人英语学校,26.587117,106.719672
贵阳情景英语学校,26.587117,106.719672
贵阳市a+英语学校,26.587672,106.71933
力山甘泉跆拳道学校,26.587672,106.71933
贵阳二中,26.58564,106.724467
贵阳市云岩区志道小学,26.584425,106.725046
贵阳幼儿师范学校,26.587396,106.723866
兰妮文昌幼儿园,26.585007,106.725171
贵阳市中等师范函授广播学校,26.586256,106.724743
贵阳职业技术学院(华家阁校区),26.586952,106.725003
贵阳幼儿师范学校-南门,26.587163,106.723599
贵州省妇女干部学校,26.586838,106.723234
贵阳克莱克培训学校,26.583803,106.722199
蕾蕾音乐艺术学校,26.586601,106.723294
贵阳市金童音乐艺术学校,26.586819,106.723256
贵阳第十中学,26.584433,106.729109
贵阳市东山小学,26.587288,106.729659
贵阳市体育中学,26.585774,106.728099
贵阳市第二十中学,26.586285,106.727622
贵阳市中心试验幼儿园,26.588181,106.729085
昱瑞午休班全托班,26.583904,106.728518
贵阳市兴甫武术学校报名处,26.585495,106.72982
贵龙驾使培训学校顺海分校招生报名点,26.587109,106.729676
泡泡秀幼儿园,26.586145,106.732549
省医幼儿园,26.584021,106.731913
星辰儿童美术学校(东山巷校区),26.586235,106.733279
中东十五幼儿园,26.585902,106.738163
先锋学校学前班,26.58613,106.738314
贵阳美艺美容美发职业培训学校,26.584531,106.739867
贵阳市华麟学校,26.585513,106.745974
蒙台梭利实验幼儿园,26.584273,106.751768
金华中学,26.591746,106.582071
贵阳市观山湖区金华小学,26.59003,106.58068
中国共产党贵阳市观山湖区金华小学支部,26.589903,106.580727
观山湖区金华小学乡村学校少年宫,26.589903,106.580727
贵阳红黄蓝万科城幼儿园,26.59272,106.615048
贵阳市杨惠小学,26.592489,106.622807
贵阳市野鸭中学,26.591146,106.648148
野鸭中学（公交站）,26.590229,106.648222
贵州省广播电影电视学校,26.588971,106.651458
龙港学校,26.590842,106.651997
乐贝尔生态幼儿园,26.590882,106.651861
春晖学校,26.591033,106.651974
七色花幼儿园,26.592066,106.65224
艾贝儿幼儿园,26.588372,106.652106
启慧幼儿园,26.588209,106.649178
金阳学校,26.590351,106.655611
宝贝计划幼儿园,26.591218,106.657394
大风车幼儿园,26.591482,106.655634
金色摇篮欢乐园,26.591771,106.655503
贵阳市女子职业学校招生办,26.588206,106.654062
贵阳智慧双语幼儿园,26.59123,106.657683
未来之星幼儿园,26.588829,106.661443
林泉小学,26.590536,106.667408
小天梯双语幼儿园,26.588431,106.669301
福娃双语幼儿园,26.590237,106.668192
康贝尔林泉幼儿园,26.589788,106.666822
贵阳汽车工业技术学校,26.589393,106.668071
贵阳职业技术学校教学点,26.589788,106.668259
星宇幼儿园,26.590624,106.674484
华思贝尔幼儿园,26.590941,106.673862
贵阳云岩区前进小学,26.591557,106.672203
贵阳市三桥小学,26.589973,106.675832
启明小学,26.590703,106.676057
贝莹双语幼儿园,26.588421,106.676858
贵阳市云岩区春风学校,26.591068,106.697935
贵阳普众幼儿园,26.591361,106.69732
贵州省计量测试院实验楼,26.592651,106.695238
北京师范大学贵安新区附属学校,26.590289,106.696381
黔灵镇市民文明学校,26.590214,106.698179
贵阳市第三十七中学,26.59273,106.700512
贵阳市头桥小学,26.588956,106.701095
贵阳市双语实验小学,26.592423,106.700442
启育小学,26.589445,106.699981
俊英学校,26.591,106.699062
贵阳市新星小学,26.591036,106.699036
中铁五局幼儿园,26.591965,106.701267
黄金路双语幼儿园,26.590106,106.700322
富康明星第一幼儿园,26.591003,106.699385
贵阳市头桥小学-家长学校,26.589273,106.70081
贵阳汽车工业技术学校,26.589367,106.703402
贵州罗萧教育搏击学校,26.59145,106.706827
启航英语培训学校,26.592403,106.709971
云岩中学,26.591978,106.712373
贵阳市第五幼儿园,26.592257,106.716518
贵阳市小太阳艺术幼儿园,26.592683,106.712865
自来水公司幼儿园,26.588606,106.714171
自来水公司双语幼儿园,26.588257,106.714661
菲斯特外语学校,26.591125,106.716143
林城艺术学校,26.590846,106.716152
贵州惠智职业培训学校,26.591136,106.716053
贵阳市龙井小学,26.590714,106.717547
贵州科学院,26.591322,106.720545
贵州穗港(美容美发纹绣)职业技术学校,26.588913,106.71674
贵州省贵阳财智会计学校,26.589264,106.719274
以诺外语学校,26.590733,106.717429
爱乐钢琴培教学校,26.592024,106.720434
贵阳贡天会计培训学校,26.588239,106.718103
巴哈音乐学校,26.589925,106.717329
贵州商贸学校管理中心,26.592037,106.718994
童星围棋学校,26.590929,106.718584
贵阳十九中,26.58927,106.722865
贵阳市省府路小学,26.588924,106.721808
黔灵小学,26.592666,106.722164
贵阳市第八幼儿园,26.590647,106.723107
贵阳环球雅思直营校全致好学师大校区,26.591678,106.724817
安信璞教育(庆伟真帐会计培训学校),26.59041,106.721265
阳光喔语培训学校,26.590877,106.721946
中经会计培训中心·亚太会计学校,26.59046,106.721256
贵阳翰飞会计培训学校,26.590842,106.724307
贵阳林城之星艺术学校,26.590842,106.721807
巴斯蒂安钢琴培训学校,26.591141,106.721204
贵州名川调酒师培训学校,26.591141,106.721204
贵州师大附中,26.591061,106.726648
贵阳市市东小学,26.590303,106.726858
贵州师范大学-社会科学处,26.592644,106.72803
贵州师范大学-招生与就业指导中心,26.592367,106.727928
贵州师大-产业科技大楼,26.592053,106.727873
科技与产业发展中心,26.592363,106.727373
招生与就业指导处,26.592534,106.72783
贵阳市博时培训学校,26.592266,106.726713
状元府学校,26.592265,106.726714
共青团贵州师范大学业余团校,26.592425,106.727938
学院派教育辅导中心,26.590884,106.730848
一川育国际舞蹈艺术学校,26.590211,106.731773
龙砚东山幼儿园,26.590651,106.736405
贵阳市云岩区育华学校,26.588654,106.740151
贵阳市云岩区育华小学,26.588613,106.740118
白天鹅学校,26.591836,106.740861
第一幼教集团多彩童年幼儿园,26.588257,106.740153
知恩学堂,26.588613,106.740118
精美美术学校,26.588426,106.743777
贵阳市云岩区达兴学校,26.590572,106.745001
苹果树幼儿园,26.592337,106.744125
贵阳市云岩区达兴学校家长学校,26.590632,106.744997
贵阳市安井学校,26.592159,106.752215
渔安亲子早教幼儿园,26.590502,106.749897
快乐国学幼儿园,26.59167,106.748878
贵州省扶贫开发生物技术基地,26.592051,106.833717
贵阳市观山湖区金华幼儿园,26.594255,106.588049
红苹果幼儿园,26.595061,106.594443
德馨舞蹈跆拳道培训学校(万科城),26.593078,106.617314
贵阳市云岩区筑城学校,26.595805,106.63411
育童实验幼儿园,26.59597,106.632378
孝廉国学启蒙幼儿园,26.595394,106.633601
云岩区童乐智能幼儿园,26.595956,106.634771
贵州交通职业技术学院,26.594817,106.649226
汇源小学,26.594177,106.651302
贵州省公路职工安全技术培训中心,26.594507,106.649164
贵州公路成人中专学校-西南门,26.594844,106.649956
合江成人技术学校贵阳分校-东南门,26.594766,106.651555
贵州省交通运输学校-西南门,26.594847,106.64996
贵州省交通运输学校,26.594929,106.650506
金鸭小学,26.594165,106.659986
精英金龙星岛幼儿园,26.597025,106.658382
贵阳铁路工程学校,26.597089,106.667496
贵阳铁路工程学校&贵阳铁路高级技工学校实习工厂,26.596805,106.667706
贵阳铁路高级技工学校-东南门,26.597076,106.667365
云岩圣泉小学,26.593155,106.678875
鸿淞幼儿园,26.593576,106.677604
贵阳市实验三幼,26.595288,106.706059
贵阳市第三实验幼儿园,26.595287,106.70588
小天使托儿所,26.595425,106.706166
贵阳市云岩区惠智学校,26.594876,106.70729
贵州省文艺支教示范学校,26.594876,106.70729
贵阳市城西小学,26.593081,106.709526
云岩区中心幼儿园,26.59428,106.708268
贵阳阶梯快乐儿童英语学校,26.596892,106.709057
贵阳市第五中学,26.593426,106.712879
贵阳市毓秀路小学,26.595504,106.715863
贵阳市第五中学北京徐悲鸿中学艺术教育手拉手学校,26.593987,106.712928
河北美术学院实验学校贵阳生源基地,26.593987,106.712928
贵州省艺术特色学校,26.593987,106.712928
环北街道办事处科普学校协会,26.596734,106.712846
贵阳市第九幼儿园,26.595208,106.72025
贵阳市第六幼儿园,26.593593,106.720571
贵阳市云岩区六建幼儿园,26.596363,106.720528
普陀社区家长学校,26.596274,106.720797
贵州出版集团智慧教育艺术文化学校,26.594716,106.718625
铭门学府培训学校,26.593748,106.717233
贵阳海贝英语学校,26.593673,106.717989
学海教育培训学校,26.595187,106.717498
新东门小学,26.594322,106.723871
云岩区教师进修学校,26.595274,106.721786
德芬学校(师大分校),26.594537,106.725132
贵阳盲聋哑学校,26.596974,106.725531
金榜补习学校,26.594279,106.725082
黔龙跆拳道学校(友谊路店),26.596912,106.722809
贵州师范大学,26.594005,106.728547
贵州师大-田家炳教育书院,26.595146,106.72958
贵州师大-第九教学楼,26.593084,106.728106
贵州师范大学-文学院,26.595148,106.730222
数学与计算机科学系,26.5933,106.727322
贵州师范大学-文科大楼,26.595224,106.729482
贵州师范大学-音乐学院,26.593431,106.730042
贵州师大-继续教育学院,26.593544,106.729743
贵州师大-第六教学楼,26.593098,106.726732
贵州师范大学-生地楼,26.594222,106.729635
贵州师大-外国语学院,26.595146,106.729581
贵州师范大学-收发科,26.59342,106.728414
中科院国家天文台·贵州师范大学天文研究与教育中心,26.593725,106.729128
中共贵州师范大学委员会,26.593487,106.72805
共青团贵州师范大学委员会,26.5951,106.729492
贵州师范大学-分析测试中心,26.594034,106.729712
贵州师范大学-研究生院,26.59286,106.727898
贵州师大教育服务中心,26.594207,106.726592
贵州师范大学-教育科学学院,26.595146,106.72958
贵州师范大学-实验综合楼,26.594034,106.729712
贵州师范大学-马克思主义学院,26.593544,106.729741
贵州师范大学-体育学院,26.593521,106.729261
贵州师大-第八教学楼,26.593533,106.729209
贵州师大-第五教学楼,26.592825,106.726944
贵州师范大学-物理与电子科学学院,26.593774,106.729309
贵州师大-物理实验楼,26.593748,106.729382
贵州师范大学-综合教学楼,26.593385,106.729662
贵州师大-毕节开发扶贫生态建设试验区研究中心,26.593012,106.726974
贵州师范大学-高等教育自学考试辅导中心,26.593544,106.729741
贵州师大-音乐艺术实训教学中心,26.593384,106.729662
贵州师范大学-网络与信息中心,26.595146,106.729581
中华全国学生联合会贵州师范大学-学生会,26.595101,106.729492
贵州师范大学-民族和谐语言研究与应用中心,26.595147,106.730223
阳明学堂,26.59288,106.726392
贵州师范大学-学生勤工助学服务部,26.593083,106.728506
贵州师大地理与环境科学学院,26.59435,106.730058
师大子弟学校,26.593809,106.725809
贵龙驾驶培训学校顺海分校先生报名点,26.594408,106.727628
师大子弟学校-东南门,26.593735,106.72599
贵州师大-天然药物质量控制研究中心,26.594034,106.729712
贵州师范大学-应对气候变化及低碳发展研究中心,26.594608,106.730224
贵州师大-两湖一库治理科技攻关研究中心,26.594034,106.729712
贵州师范大学-美术大楼,26.596,106.73098
贵州师范大学-美术学院,26.595902,106.731037
富康明星第二连锁幼儿园,26.596612,106.733604
贵州师范大学-法学院,26.595988,106.730839
贵州师大-化学与材料科学学院,26.594266,106.730614
美术学院动画实训场,26.596023,106.731295
贵州师范大学-知识产权中心,26.595967,106.730894
云岩区职工财会学校-北门,26.595127,106.733658
北京电影学院中国动画研究院西南研究中心,26.595978,106.730986
旭东小学,26.593551,106.734825
贵阳东方艺术二幼,26.594983,106.735306
金松果幼儿园,26.596358,106.738516
佳艺幼儿园,26.59521,106.734889
新东方道德艺术幼儿园,26.594978,106.735475
东山艺术幼儿园,26.595512,106.739104
博雅童欣幼儿园,26.595902,106.738781
贵阳新跃辅导学校,26.593672,106.736839
贵阳实验三中,26.594986,106.73939
东新小学,26.594668,106.742421
欣欣幼儿园,26.594784,106.743349
云岩公安局贵阳市公安局渔安派出所读书郎幼儿园执勤点,26.596031,106.740402
渔安新城幼儿园,26.592871,106.748754
未来方舟H2组团幼儿园(贵阳五幼一分园),26.594832,106.756544
E9中学,26.595988,106.766848
观山二小,26.601036,106.627971
观山湖二中,26.601036,106.627971
新智幼儿园,26.598824,106.631116
贵阳市云岩区永垣学校,26.600106,106.631505
贵阳永恒学校中学教学区,26.599443,106.630246
贵阳市云岩区振华中学,26.600465,106.662668
七巧板幼儿园,26.600679,106.663078
贵阳市云岩区育才学校,26.60043,106.662555
贵阳铁路高级技工学校,26.597747,106.667213
广信双语幼儿园,26.601595,106.668288
白云双语幼儿园,26.599814,106.668291
贵阳市女子中等专业学校,26.597775,106.676014
贵阳市第十七中学,26.600304,106.708176
贵州电大,26.599128,106.708347
北京路派出所云岩小学警务室,26.599559,106.708364
珠海外经贸学院贵州办事处,26.600523,106.711858
贵阳市第十七中学教学综合楼,26.600508,106.708134
贵阳市向上助学培训学校,26.599794,106.707932
贵州省邮电学校,26.600669,106.71213
贵阳市实验幼儿园,26.601834,106.716095
永欣学校,26.601504,106.712186
贵州省邮电学校-培训楼,26.60073,106.712078
贵州省邮电学校-东门,26.600634,106.71218
贵州省邮电学校-东北门,26.600673,106.712145
樱花培训学校,26.598033,106.716466
贵阳市海露写作学校(北京路校区),26.598547,106.712246
贵阳医学院附属医院-贵州省放射治疗中心,26.600709,106.720543
贵阳医学院附属医院-肿瘤生物治疗中心,26.599281,106.721056
贵州搜狐装修大学,26.597816,106.717744
贵阳医学院附属医院PETCT中心,26.600155,106.720739
贵阳医学院-临床教学楼,26.600943,106.720974
贵阳医学院-医学检验系,26.600942,106.720975
贵州医科大学附属医院-医保办公室,26.600085,106.719475
贵阳医学院-医学影像系,26.600942,106.720975
贵州云岩区贺加贝化妆美容摄影学校,26.597642,106.71735
贵州利美康光彩职业技工学校,26.597982,106.717029
贵阳读书廊补习学校,26.599909,106.717037
贝斯特幼儿园,26.598398,106.723752
向日葵一幼,26.600718,106.722511
贵阳医学院-第一临床医学院,26.601516,106.721204
天一补习学校,26.598676,106.72174
贵阳大兴中学,26.600957,106.733551
照壁幼儿园,26.598398,106.733225
巫峰幼儿园,26.599715,106.733946
金狮幼儿园,26.60156,106.732817
贵州弘扬中医按摩职业技术学校,26.600045,106.7311
文星小学,26.598878,106.737285
贵州省卫生干部进修学校,26.598679,106.738596
贵州省卫生干部进修学校-西南门,26.598955,106.738475
贵阳市云岩区西瓜村学校,26.5981,106.743209
贵阳市云岩区扶风小学,26.600152,106.740715
曙光小学,26.601059,106.745406
向阳实验小学,26.599216,106.765079
贵州平川职业培训学校实训基地,26.604013,106.605032
观山湖区第二小学,26.60378,106.613595
观山二小,26.603503,106.614128
贵阳市观山湖区第二中学,26.603486,106.613903
贵阳市云岩区普天幼儿园,26.603405,106.626148
贵阳市野鸭小学,26.602997,106.6305
红黄蓝贵州贵阳金源幼儿园,26.604969,106.63192
新东方(观山湖教学中心),26.604735,106.63214
新东方教育培训学校金阳校区,26.604447,106.632152
世纪城现代幼儿园,26.604959,106.634956
青蓝幼儿园,26.604667,106.637414
贵阳市第一实验中学,26.603329,106.640318
观山湖区第一高级中学,26.602885,106.64275
贵阳市观山湖区第六中学,26.60582,106.652883
贵州省交通运输学校,26.605634,106.655526
贵阳市第四十中学,26.60365,106.663254
贵阳市云岩区青青小学,26.604973,106.666264
贵阳市云岩区书锦中学,26.604939,106.666463
星蓝幼儿园,26.603086,106.664636
贵州省经济学校教师宿舍,26.60564,106.66514
贵州中艺书画学校,26.604862,106.666296
贵州省经济学校教师宿舍-东北门,26.606321,106.665174
欣森幼儿园,26.60506,106.666678
贵阳市云岩区清华贝贝幼儿园,26.602943,106.666755
贵阳市云岩区聪贝幼儿园,26.602504,106.667302
贵阳黔贵交通职业培训学校,26.605383,106.675506
贵州省人民政府-机关幼儿园,26.602166,106.711933
贵阳东方幼儿园,26.604066,106.71089
晓雯音乐学校,26.605713,106.709313
贵阳市第六中学,26.604814,106.715717
贵阳实验小学,26.602682,106.716259
挪亚方舟学校,26.601873,106.715904
雅风文化艺术学校,26.601873,106.715904
贵州医科大学院护理学院,26.604066,106.720692
小儿廊乐园,26.603495,106.717924
贵州医科大学-第一教学楼,26.604044,106.720545
贵州医科大学生物医学工程学院实训基地,26.603396,106.72014
共青团贵州医科大学委员会,26.602064,106.720467
贵阳医学院招生考试办公室,26.604022,106.720357
计算机教育与信息技术中心,26.604544,106.72062
贵州医科大学学生公寓管理中心,26.603432,106.719643
贵州医科大学组织工程与干细胞实验中心,26.603508,106.720868
贵州商业高等专科学校-东北门,26.605644,106.717596
贵州医科大学,26.604248,106.721792
贵州医科大学-药学楼,26.604752,106.721271
贵州医科大学-口腔医学院,26.604833,106.721474
贵州医科大学-法医司法鉴定中心,26.602094,106.722871
贵州医科大学-学术交流中心,26.602226,106.722059
贵州医科大学临床技能中心,26.603015,106.722545
贵州医科大学-科技楼,26.604319,106.72121
贵州医科大学研究生院,26.604833,106.721474
贵州医科大学-基础医学二号楼,26.603524,106.72201
贵州医科大学-综合楼,26.603902,106.721434
贵州医科大学-人体解剖学教研室,26.604096,106.722066
贵州医科大学-6号普通教室,26.605378,106.721565
贵阳医学院-药学院,26.604786,106.721354
贵州医科大学-法医学系,26.603979,106.722369
贵州医科大学-临床医学技能实验中心,26.604135,106.722173
贵阳医学院基础医学院,26.603597,106.721867
贵阳医学院-实验楼,26.602927,106.721275
贵州医科大学-学生野外生存生活训练指导中心,26.604818,106.723081
贵州医科大学分子病理曁基因检测中心,26.604556,106.721769
朗文外国语学校,26.604886,106.724576
瑞安医疗卫生保健职业培训学校,26.603398,106.725069
云岩一小,26.605021,106.728677
馨玥艺术幼儿园,26.605488,106.728546
新世纪幼儿园(友谊花园东),26.605331,106.726232
cc英语学校,26.604994,106.729594
莱贝湾艺术智能幼儿园,26.604167,106.732306
贵阳市筑东学校,26.604705,106.73698
航楷双语幼儿园,26.605204,106.735711
贵阳市启航英语培训学校(百花巷),26.604784,106.737154
云岩区金色童年幼教机构梦之星幼儿园,26.603671,106.743164
贵阳e智星福儿生态幼儿园,26.602363,106.744314
贵州省幼师学校,26.602341,106.757681
LFL国际钢琴学校,26.605533,106.760237
贵阳市实验幼儿园分园,26.604573,106.765839
观山湖区逸都国际学校,26.610692,106.614742
汇佳龙泽苑幼儿园,26.608989,106.629659
好老师培训学校,26.606846,106.629441
天天艺术学校,26.608668,106.629708
伊之宝幼儿园,26.608747,106.637519
红黄蓝幼儿园贵州贵阳金源园,26.606587,106.641304
贵阳市观山湖区红黄蓝金源幼儿园,26.606624,106.64107
军嫂幼儿园,26.606805,106.64347
博观幼儿园,26.60951,106.643987
贵州工业职业技术学院,26.61065,106.65422
贵州省化工学校第三教学楼,26.609409,106.654425
贵州交通职业技术学院,26.607763,106.656598
贵州省化工学校,26.609825,106.654175
重庆交通学院贵州函授点,26.609314,106.655948
北京化工大学贵州函授站,26.61081,106.654061
贵州交通职业技术学院-教学楼,26.608494,106.65603
贵州交通职业技术学院南院-建筑工程系,26.607556,106.655934
贵州交通职业技术学院-实验楼,26.608431,106.654734
贵州工业职业技术学院-第二教学楼,26.60982,106.653901
第一教学楼,26.610863,106.653528
贵州交通职业技术学院-汽车驾驶技工学校,26.608854,106.656422
中国共产党贵州省交通学校委员会,26.609326,106.656009
贵州省经济学校,26.607163,106.664027
贵州省经济学校茶校,26.608231,106.664354
阳关幼儿园,26.609522,106.663694
贵州省茶技术茶文化中等专业学校,26.607577,106.664768
阳光幼儿园,26.609569,106.663981
贵州省经济学校-茶校实训楼,26.60772,106.664705
云岩公安分局荷塘派出所贵州省经济学校茶校警务室,26.607591,106.664818
阳光跆拳道学校,26.609595,106.663631
云岩区公安分局荷塘派出所鹏程学校执勤点,26.610132,106.664131
贵州省茶技术茶文化中等专业学校-东北门,26.607597,106.664773
普林斯国际幼儿园,26.610059,106.710493
贵阳第四实验小学,26.610159,106.71344
百灵幼儿园,26.606982,106.714594
星海二幼,26.609922,106.714697
贵阳市第二实验中学,26.60833,106.718915
贵阳第二实验小学,26.60936,106.72005
贵阳金狮恒凯学校,26.610512,106.717274
新东方(宅吉精英学习中心),26.607436,106.717648
贵阳市第二实验幼儿园,26.608706,106.719874
开智学校,26.610884,106.719908
创新午托幼儿园,26.609235,106.71965
东方美术学校,26.60731,106.718681
贵州震华职业技术学校(宅吉路),26.608006,106.716718
绿叶英语培训学校,26.610488,106.71729
贵阳金狮恒凯学校-东门,26.610516,106.71735
贵阳思通数学培训学校,26.610488,106.71729
贵阳市星光双语学校,26.610518,106.722665
大洋外国语学校(宅吉校区),26.606692,106.722016
华兴幼儿园(永安寺街),26.610225,106.722697
开智数学学校,26.608792,106.723798
贵阳二十三中,26.606733,106.727626
贵州潇洒职业技术学校,26.60702,106.728369
贵州新时代化妆学校,26.607059,106.728375
贵州潇洒职业技术学校-东门,26.607136,106.728349
贵阳云岩区黔新小学,26.608501,106.734803
贵阳市云岩区青青生态幼儿园,26.607086,106.733508
贵阳市云岩区建中学校,26.609342,106.735834
利民民族小学,26.608023,106.736422
百花学校,26.610193,106.735612
贵阳中天中学(方舟校区),26.609951,106.761915
中天北京小学,26.608169,106.764531
贵阳市第八幼儿园分园,26.609235,106.768613
贵州职业技术学院(新校区),26.611903,106.610098
贵州职业技术学院新校区-信息系,26.611044,106.611959
贵州职业技术学院新校区-商贸系,26.611044,106.611959
贵州职业技术学院新校区-艺术系,26.611005,106.611999
贵州职业技术学院新校区-工程系,26.611044,106.611959
贵州职业技术学院新校区-能源系,26.611005,106.611999
中共贵州广播电视大学委员会(云潭南路),26.61131,106.613422
星海琴行艺术学校(中铁逸都校区),26.61135,106.616393
贵州职业技术学院-奥鹏商学院,26.611198,106.612855
诺贝尔国际幼儿园,26.611863,106.619795
贝洛国际幼儿园,26.612211,106.61746
中天北京学校,26.615423,106.623143
中天帝景A区幼儿园,26.613116,106.62548
康美乐幼儿园,26.614323,106.629398
贵阳市第一实验小学,26.613945,106.632344
可儿(国际)幼儿园世纪城校区,26.614764,106.633906
思维特国际双语幼儿园,26.611426,106.641041
中国福利会幼儿园姐妹园,26.611386,106.64071
智慧树外语幼儿园,26.614625,106.639463
贵州职业技术学院中等职业技术学校实训基地,26.611386,106.64071
贵州省建筑职业学校,26.613876,106.646424
观山湖区世纪城小学,26.615307,106.650838
北京第二实验小学集团校,26.614534,106.651096
伊仕顿外国语幼儿园,26.614699,106.648627
龙之梦国学幼儿园,26.61231,106.6485
中共世纪城小学支部委员会,26.614571,106.651034
贵阳市观山湖区树才学校,26.611275,106.656167
书锦学校,26.610987,106.665135
贵州交通技师学院北区,26.611428,106.665132
贵阳市云岩区鹏程学校,26.611033,106.66476
小童星双语幼儿园,26.613247,106.66504
贵州省商业学校联办室,26.611012,106.66565
高山汽车快修交通职业技术学院人才培训中心,26.612172,106.665794
贵州省交通运输学校,26.611683,106.665117
贵州交通职业技术学院,26.613736,106.668087
贵州交通职业技术学院北院-教学大楼,26.613902,106.667472
贵州交通职业技术学院北院-教学科研楼,26.611775,106.667174
贵州交通职业技术学院-汽车工程系,26.615175,106.668227
贵州交通职业技术学院-建筑工程系,26.612557,106.66677
贵州交通职业技术学院-管理工程系,26.615193,106.668237
贵州交通职业技术学院北院-管理工程系,26.615103,106.668374
贵州交通职业技术学院-北院道路与桥梁工程系,26.612552,106.666809
贵州交通职业技术学院试验检测中心,26.612465,106.666748
贵州交通职业技术学院驾驶技工学校实训中心,26.612465,106.666748
贵州交通职业技术学院护校队值班室,26.614441,106.667173
中国农业银行ATM(科技工程学校),26.615113,106.668453
中国建设银行ATM(贵州省驾驶技工学校西),26.614451,106.667158
贵州省中等职业学校,26.613036,106.667375
贵州省职业院校汽车专业师资培训基地,26.612465,106.666748
观山湖区第八小学,26.615341,106.677827
宅吉小学,26.611891,106.72093
实验二小(宅吉校区),26.611702,106.720662
精英第二外国语幼儿园,26.613643,106.717224
创新宝贝幼儿园,26.614989,106.719214
贵阳市云岩区晨虹幼儿园,26.614959,106.719943
萌迪幼儿园,26.612239,106.72315
美福儿·经欣幼稚园,26.611613,106.724161
天玺华庭幼儿园,26.611744,106.722934
开心仔托儿所,26.612418,106.723772
贵阳市云岩区黔云学校,26.612348,106.721884
贵阳市行知学校,26.613241,106.727839
培基学校,26.613787,106.729028
贵阳市云岩区成才学校,26.613235,106.729676
金摇篮幼儿园(沙河花园东),26.614714,106.727626
三叶草幼儿园,26.615195,106.737523
靖辉幼儿园,26.611646,106.736212
北京大学宗教文化研究院丧葬与文明研究中心,26.614914,106.744835
珠海蓝天·小耶鲁国际幼稚园,26.614966,106.767961
小箐学校,26.615716,106.590355
贵阳护理职业学院(金阳校区),26.619107,106.611523
贵阳护理职业学院-行政楼,26.619412,106.60905
贵阳护理职业学院金阳校区-实验楼,26.618672,106.610477
贵阳护理职业学院金阳校区-教学楼,26.619393,106.608971
贵阳护理职业学院医学基础部,26.619514,106.61107
贵阳护理职业学院卫生管理系,26.619514,106.61107
贵阳市卫生学校,26.619492,106.612189
蒙式幼儿园,26.617752,106.61647
中共贵阳护理职业学院委员会(云潭南路),26.619621,106.612235
纽绅教育.中铁逸都国际幼儿园,26.617859,106.617679
云上居委会老年学校,26.616689,106.619099
中天帝景B区幼儿园,26.616874,106.623142
母亲大学,26.618724,106.654493
贵阳市人民警察学校,26.615631,106.658089
贵阳市人民警察学校-北门,26.616618,106.658191
贵州省财政学校,26.617108,106.707192
贵州省财政学校-东南门,26.617144,106.707462
吉源驾驶员培训学校(西南门),26.617378,106.705497
华宇幼儿园,26.619091,106.709186
贵州省财政学校就业创业中心,26.61807,106.707789
贵州省财政学校关心下一代工作委员会,26.618034,106.708217
春光学校招生办公室,26.618611,106.714351
光明小学,26.61755,106.715444
童梦实验艺术幼儿园,26.618538,106.714342
春光学校报名咨询处,26.618247,106.714504
世纪园小学,26.619864,106.718841
瑞华学校,26.615694,106.717756
贵阳市云岩区世纪双语幼儿园,26.617322,106.720184
华兴学校,26.616523,106.723855
贵州财经大学-招生就业处,26.618562,106.725638
欣歆幼儿园,26.618656,106.721923
贵州财经大学-工商管理学院,26.618944,106.72482
共青团贵州财经大学委员会,26.618562,106.725638
贵州财经大学(北校区),26.619721,106.726718
贵州财经大学-实验楼,26.61981,106.726877
枫林幼儿园,26.617187,106.728152
中共贵州财经大学商务学院委员会,26.617789,106.728475
中国共产主义青年团贵州财经大学商务学院委员会,26.618446,106.725724
贵阳大数据金融学院实验中心,26.619614,106.727314
贵州财经大学商务学院-1号门,26.618479,106.728651
贵州财经大学-商务学院-1号门南,26.617549,106.728498
贵州财经大学商务学院-网球中心,26.617981,106.726782
东奥会计学校,26.618153,106.728574
贵阳市茶店小学,26.618652,106.737499
贵阳市第二实验中学,26.617021,106.737357
贵阳市盛世中学,26.619808,106.738458
爱迪星幼儿园,26.61665,106.737954
星天幼儿园,26.619109,106.738036
贵阳市财经学校-西南门,26.616132,106.736571
云岩区行政学校,26.616145,106.737034
贵阳市公安局云岩分局黔灵派出所贵州高等专科学校北校区警务室,26.619968,106.738871
贵阳为明国际学校(保利温泉校区),26.618539,106.760808
为明学校,26.61918,106.761606
贵阳市高级技工学校,26.623498,106.611679
贵阳职业技术学院-第二教学区,26.622882,106.611298
贵阳职业技术学院-城乡规划建设分院,26.622452,106.611318
贵阳职业技术学院-7号楼,26.622741,106.611197
贵阳职业技术学院-艺术系,26.622297,106.610717
贵阳乐才数学培训学校,26.623872,106.632079
亚泰职业学院中专部网络教室,26.621006,106.660206
金宝国际幼儿园,26.620169,106.704272
嘉华树人幼儿园,26.622559,106.717388
成长之翼幼儿园,26.620685,106.7171
贵州财经大学国际学院,26.624426,106.730147
贵州财经大学(北校区)-第二教学楼,26.620887,106.72874
贵州财经大学-教学楼,26.621021,106.728477
贵州财经大学-MBA中心,26.620396,106.727254
贵州震华职业技术学校(佳居苑西北),26.621194,106.726581
贵阳大数据金融学院,26.620338,106.727287
贵州财经大学-马克思主义学院,26.624186,106.730205
财经大学校园网络服务中心,26.624499,106.73
贵州财经大学综合教学楼-东区教室,26.621434,106.728759
贵州财经大学心理健康教育中心,26.621003,106.728614
贵阳市茶店幼儿园,26.622138,106.734362
贵州财经大学-会计学院,26.624269,106.731273
博雅锦华幼儿园,26.620146,106.731237
会计学校手工会计模拟实验室,26.624279,106.731233
创艺家园,26.62321,106.736281
中天社区老年学校,26.622599,106.737062
中天北京学校-南1门,26.621218,106.737154
中天北京学校-南2门,26.62188,106.736975
贵州工业大学(茶店校区),26.622505,106.742578
贵州大学明德学院,26.62235,106.744837
贵州大学明德学院-第二教学楼,26.622878,106.743959
贵州大学明德学院-第1号教学楼,26.623384,106.745172
贵州省高等学校-辅导培训中心,26.623247,106.744593
贵州省贸易经济技工学校,26.620457,106.752446
贵州省贸易经济学校北校,26.622046,106.753456
贵州省贸易经济学校-北校西北门,26.62194,106.753382
学校超市,26.624335,106.759033
贵阳职业技术学院,26.624664,106.610155
贵阳职业技术学院-5号楼,26.625328,106.613049
贵阳市第一中学,26.628248,106.633297
华科教育培训学校,26.625801,106.630553
读书廊补习学校,26.62547,106.632583
贵阳国办职业学校,26.625902,106.636497
贵州省建设学校(南校区),26.627736,106.6636
贵州特殊教育中等职业技术学校,26.62801,106.66343
贵州省建设学校-西南门,26.626727,106.662865
三桥派出所驻省建材工业学校治安办公室,26.626956,106.663332
中国共产党贵州省建设学校委员会,26.626951,106.663323
天誉城美艺幼儿园,26.624758,106.706287
贵州大学(小关校区),26.625636,106.717523
南亚学校,26.625622,106.716735
科技学院学生思想政治教育办公室,26.62572,106.71865
科技学院学生宿舍管理与服务中心,26.62572,106.71865
贵州大学科技学院,26.628327,106.721453
贵州大学科技学院-教学楼,26.628728,106.722382
百花幼儿园,26.628096,106.72723
贵阳雅思贝尔幼儿园,26.628251,106.727981
中共贵州财经大学商务学院总支委员会,26.625337,106.730193
贵州财经大学-第一教学楼,26.624606,106.729493
贵州财经大学商务学院-商务学院,26.624729,106.730757
贵州财经大学学术交流中心,26.62616,106.733233
贵州财经大学学校医院,26.625915,106.731334
贵阳中天中学,26.626209,106.73878
中天幼儿园御景湾园,26.625382,106.740681
贵阳新天驾驶学校(北门),26.628723,106.755846
贵阳市乌当区顺海小学,26.627574,106.769367
中共顺海小学支部委员会,26.627537,106.769566
顺欣艺术幼儿园,26.628356,106.76688
顺海村农民文化技术学校,26.627708,106.769718
兴农中学(乌当校区),26.628315,106.771885
贵阳市书锦学校,26.63265,106.601708
贵阳市观山湖区华兴学校,26.633382,106.602736
贵阳市观山湖区永川学校-西1门,26.633022,106.601986
贵阳市观山湖区永川学校-西北门,26.632759,106.60184
贵阳市观山湖区华兴学校-东北门,26.633501,106.602955
贵阳市师范学校附属实验小学-西区,26.631696,106.622056
贵阳市师范学校附属实验小学,26.632216,106.621955
阳光宝贝亲子幼儿园,26.633258,106.625188
罗萧跆拳道学校,26.632183,106.623191
贵阳市师范学校附属实验小学-东区,26.632585,106.627399
贵阳市附属实验小学,26.632156,106.627196
精英国际幼稚园,26.631857,106.6268
贵阳市师范学校附属实验小学-1号门,26.632127,106.627227
贵阳市师范学校附属实验小学-南门,26.632127,106.627227
贵阳市师范学校附属实验小学-2号门,26.632468,106.627567
金阳新区第一小学,26.633681,106.632163
松树国际幼儿园,26.633447,106.633929
观山湖精英幼儿园,26.633576,106.632814
贵阳市观山湖区第一小学城市学校-少年宫,26.633513,106.632544
启明星幼儿园,26.63,106.652533
贵阳市观山湖区心愿幼儿园,26.633601,106.659354
贵州新兴中等职业学校,26.633242,106.675214
大关双语幼儿园,26.630295,106.688818
贵州幼师学校,26.629907,106.709177
贵州大学科技学院-实验楼,26.630359,106.720533
贵州大学科技学院-实验楼B幢,26.630434,106.721806
全国科普教育基地,26.631594,106.730576
贵阳市乌当区新天幼儿园,26.632159,106.766157
金色摇篮幼儿园,26.631938,106.77088
贵阳市兴甫武术学校,26.631676,106.770546
贵州现代幼教集团-温泉花园科技英语幼儿园,26.632494,106.775701
贵阳为明实验小学,26.632535,106.784614
庆龄幼儿园,26.632406,106.780652
为明国际学校(贵阳保利春天校区),26.63281,106.78441
中科幼教童书钢琴幼儿园,26.629184,106.789832
中国中铁置业中加国际学校,26.636268,106.599916
阳光花园幼儿园,26.638144,106.623807
黎阳家园双语幼儿园,26.636663,106.621208
贵阳市第三中学,26.637316,106.626683
奥尔夫金宸幼儿园,26.634918,106.626857
向日葵艺术学校,26.634768,106.627529
北京舞蹈学院舞蹈考级贵州省考级点,26.633881,106.63373
慧聪贝贝幼儿园,26.634403,106.649772
远大风景睿智林幼儿园,26.634262,106.649332
观山湖立新学校医务室,26.635842,106.66025
观山湖区大关小学,26.634555,106.674692
贵州省广播电视学校,26.633693,106.674812
大关小学乡村学校少年宫,26.634519,106.674652
贵阳市乌当中学,26.63723,106.764562
乌当实验小学,26.635073,106.764344
贵阳市乌当区特殊教育学校,26.635053,106.765061
戴氏高考中考培训学校,26.634831,106.765865
贵阳市乌当区新九学校,26.633791,106.770692
精英教育机构第十六外语幼儿园,26.637457,106.770017
贵阳市乌当区新天九年制学校,26.634345,106.770669
洪坤培训学校,26.637421,106.770759
贵阳市乌当区红蜻蜓幼儿园,26.637758,106.774902
贵阳市幼幼堂二幼,26.634476,106.776429
贵阳星甫幼儿园,26.636675,106.778562
五彩艺术幼儿园,26.635962,106.775822
宝贝计划幼儿园(乌当区区医院店),26.635381,106.779069
快乐宝贝幼儿园,26.634721,106.777305
贵州科迪纳教育信息咨询有限公司,26.634768,106.777649
贵阳市乌当区红星小学,26.636412,106.784774
苗苗双语幼儿园,26.636285,106.784076
幼幼堂,26.636695,106.783541
高新路街道办事处新添村老年学校,26.635999,106.785002
高新路街道办事处新添村老年学校-东南门,26.63597,106.785268
贵州全林职业技术学校,26.638076,106.830261
贵阳市金阳新区童心学校,26.642743,106.623654
金阳实验幼儿园-家长学校,26.639433,106.627332
金元国际东方艺术幼儿园,26.641444,106.634486
观山湖一小元龙校区,26.64073,106.635153
贵阳市观山湖区卡酷七色光国际艺术幼儿园,26.642645,106.651468
贵阳市观山湖区美的幼儿园,26.641799,106.660094
贵阳市观山湖区第五中学,26.638952,106.662106
贵阳市观山湖区实验学校,26.638872,106.662072
贵阳市雅关学校,26.641755,106.708019
贵阳市第三实验幼儿园(雅关分园),26.6418,106.708436
贵阳市云岩第二幼儿园,26.641768,106.708407
水锦花都中英文幼儿园,26.639047,106.76223
贵阳市乌当区幼儿园,26.638435,106.768512
阳光起点幼儿园,26.640381,106.766764
乌当区顺新社区服务中心市民学校,26.640133,106.76752
洋洋双语学前班,26.640965,106.766943
新筑幼儿园,26.639683,106.775421
乌当区多彩宝贝幼儿园,26.63939,106.771974
贵阳市乌当区第二中学,26.641394,106.778977
贵阳市乌当区新天一小,26.639351,106.776494
中国共产党贵阳市乌当区第二中学支部委员会,26.640479,106.778944
红星幼儿园,26.639256,106.776951
贵阳市乌当区新天一小城市学校少年宫,26.639256,106.776951
春晖学校,26.63873,106.783203
新天三小,26.638946,106.788261
精英十八幼儿园,26.639724,106.785487
贵阳学院附属普通中专,26.642186,106.797653
贵阳市乌当区职业技术教育中心,26.642311,106.798138
贵阳市兴筑工业学校,26.64218,106.79764
贵州科学院水煤浆清洁能源研发中心,26.639012,106.797221
贵阳市第五职业学校-南门,26.642114,106.798329
贵州商贸学校,26.642193,106.798562
乌当区头堡小学,26.638921,106.836342
头堡村早教幼儿园,26.6389,106.836672
毕节挖掘机学校,26.638777,106.835281
启步教育,26.643936,106.623831
观山湖区行政学校,26.646433,106.62424
贵阳市妇女儿童活动中心幼儿园,26.643893,106.623957
华夏爱婴幼儿园,26.64468,106.632574
贵阳市观山湖区会展城小学,26.644036,106.650503
中天会展二号幼儿园,26.644058,106.650434
中天·会展城A区中学,26.644351,106.65426
会展城第一中学,26.644709,106.653101
贵阳学前教育学校,26.64298,106.675141
贵阳市乌当区教师进修学校,26.645927,106.774381
乌当区金江花蕾幼儿园,26.645927,106.772447
智育星幼儿园,26.645856,106.781383
金色花实验幼儿园,26.647332,106.785894
贵阳市第五职业学校,26.643368,106.797992
贵阳学院继续教育学院教学点,26.643429,106.798053
贵州师范学院-格致楼,26.64728,106.801405
贵州师范学院-云计算机中心,26.647151,106.801783
贵阳市第五职业学校-东南门,26.643345,106.798599
贵州师范学院-文韬苑,26.646839,106.804661
贵州师范学院-致远楼,26.646796,106.803172
贵州师范学院-明理楼,26.646839,106.804661
贵州师范学院-明义楼,26.647127,106.803622
贵州师范学院-文学院,26.646488,106.803918
贵州师范学院-明德楼,26.646737,106.803531
乌当小学,26.645133,106.825424
乌当未来星幼儿园,26.645303,106.824118
东风镇博雅幼儿园,26.645531,106.821753
贵阳乐湾国际实验学校,26.646202,106.828245
贵阳乐湾国际实验学校(东门),26.646574,106.830051
麦乃小学,26.650849,106.568655
贵阳一中普瑞国际学校,26.651776,106.578015
观山湖区第九小学,26.649153,106.675634
贵阳铁路工程学校,26.649183,106.672305
贵州省建设学校北校区-南门,26.649432,106.672359
点晨双语艺术幼儿园,26.650229,106.760046
贵阳市工业职业学校-南门,26.649211,106.762012
贵州万里圣驾驶培训学校,26.648924,106.766298
新天二小,26.649168,106.773852
思维起点双语幼儿园,26.647553,106.774938
乐高之星幼儿园,26.650605,106.771785
兴华小学,26.650439,106.783239
贵阳市第二十七中学校分校,26.650762,106.783346
花蕾幼儿园,26.651816,106.784438
青苹果幼儿园,26.650026,106.782847
炫舞世界拉丁舞蹈培训中心,26.650821,106.783187
贵阳市乌当区新天学校-家长学校,26.649019,106.786062
振华幼教中心,26.651172,106.786126
贵州财经大学乌当函授站,26.649126,106.786435
乌当区新天学校北门,26.648892,106.785198
中国共产党贵阳市乌当区新天学校总支部委员会,26.649331,106.78619
贵州师范学院-继续教育学院,26.647385,106.802813
贵阳师范学院-教育科学学院,26.647743,106.802243
贵州师范学院-艺术学院,26.648506,106.802794
贵州师范学院-毅园培训中心,26.650085,106.802645
贵州师范学院-化学与生命科学学院,26.647395,106.802813
贵阳师范学院-心理健康教育与咨询中心,26.647744,106.802242
贵州师范学院-大学生事务中心,26.650541,106.802596
贵州师范学院-地理与旅游学院,26.647395,106.802803
贵州师范学院,26.649105,106.803788
贵州师范学院宝珠山-听松亭,26.649028,106.804294
贵州省教育大数据技术与教育数学院士工作站,26.648617,106.804197
贵阳震宇电脑学校,26.65026,106.804494
贵州平安驾驶培训学校,26.64792,106.807621
贵州平安驾驶培训学校,26.65134,106.82156
东风中学,26.648392,106.82684
观山湖区第四小学,26.655764,106.607089
北京师范大学贵阳附属小学,26.65503,106.640744
孟之邻国际幼儿园,26.656345,106.657713
观山湖区会展城第二中学,26.656071,106.662712
猫分田金宝贝幼儿园,26.655097,106.750168
新天四小,26.656269,106.754545
金果果幼儿园,26.651892,106.783889
大地幼儿园,26.657326,106.617141
北京师大贵阳附属中学,26.656908,106.634765
星海琴行艺术学校(观山湖校区),26.659739,106.650455
文雅艺术幼儿园,26.659472,106.687823
幸福里幼儿园,26.6582,106.787667
窦官小学,26.662423,106.579362
美好童年幼儿园,26.662619,106.583123
贵阳一中新世界国际学校,26.664303,106.62868
贵阳一中新世界国际学校-南门,26.662914,106.628702
贵阳一中新世界国际学校-东门,26.664047,106.629346
贵阳一中新世界国际学校-西南门,26.663845,106.628146
贵阳一中新世界国际学校-北门,26.664948,106.629518
贵阳一中新世界国际学校-东1门,26.665024,106.629502
加美幼儿园,26.661836,106.636392
中国共产党贵阳市德华学校支部委员会,26.665412,106.638949
北京外国语大学附属贵阳学校,26.66512,106.649009
观山湖小精灵幼儿园苹果分园,26.664599,106.666228
新星双语艺术幼儿园,26.663457,106.666417
上寨村青青双语艺术幼儿园,26.665343,106.664071
中国共产党贵阳市东升学校党支部,26.664605,106.664625
金阳小精灵艺术幼儿园,26.661405,106.670014
贵州省畜牧兽医学校,26.663339,106.809531
贵州省农村妇女技术学校,26.66333,106.809516
畜牧学校,26.663133,106.809356
贵阳市观山湖区外国语实验中学,26.668361,106.619728
贵阳中加新世界国际学校,26.666912,106.619663
贵阳中加新世界国际学校-东门,26.666798,106.620169
贵州省消防学校,26.669715,106.638404
今朝幼儿园,26.667089,106.640537
北京师范大学老教授协会实验幼儿园,26.666858,106.639446
万里圣驾驶培训学校,26.66796,106.640084
白云区第四小学,26.667227,106.667984
洛湾中学,26.666989,106.823524
观山湖区外国语实验小学,26.670835,106.62844
外国语学校,26.670081,106.630973
展鹏学校,26.670919,106.63997
万龙学校,26.673842,106.641087
东升源学前班,26.670214,106.642103
花鱼井七彩阳光幼儿园,26.670956,106.639997
贵州省轻工业学校,26.673211,106.642652
星光幼儿园,26.670277,106.641822
花鱼井艺术幼儿园,26.671553,106.642921
鸿鹄艺术学校,26.670789,106.642633
今朝艺术双语幼儿园,26.673044,106.643709
贵阳市白云区职业技术学校-西南门,26.673155,106.642725
白云区职业技术学校,26.673788,106.644136
贵阳市博达小学,26.671899,106.645531
电子科技学校,26.67317,106.644905
中航国际新理念幼儿园,26.670815,106.645502
世纪摇篮双语幼儿园,26.672174,106.643888
贵州电子科技学校电子电器维修中心,26.672426,106.644129
北京红缨幸福里国际幼儿园,26.674512,106.66063
贵阳市神农职业技术学校贵阳安华校区-东北门,26.674607,106.659629
贵阳航洋动漫学校,26.672411,106.66361
贵阳市白云区都拉民族乡都溪小学,26.674179,106.702436
智慧星幼儿园,26.674847,106.605206
贵阳市南湖实验中学,26.677978,106.609271
贵阳市白云第五中学,26.678296,106.610053
贵阳市白云区第五中学,26.677075,106.638667
共大学校,26.677778,106.637923
共大贝贝幼儿园,26.679004,106.637002
爱迪剑桥中英文幼儿园,26.678948,106.639105
金华学校,26.675821,106.63681
小天使中双语学前班,26.675607,106.636609
白云艺术学校附属幼儿园,26.677985,106.641309
白云艺术学校,26.678729,106.649314
贵阳护理职业学院教学实训基地,26.676068,106.650395
贵阳市白云区艳山红镇艳山红小学,26.6785,106.660375
永茂中学,26.681651,106.618778
白云七中,26.680633,106.639077
白云区建设路幼儿园,26.683598,106.637874
中国有色七冶小学,26.681239,106.638836
白云区第九小学,26.680358,106.64212
有色七冶建设公司第一子弟小学,26.680453,106.641557
爱迪幼儿园,26.680339,106.641071
白云区第九小学-家长学校,26.680417,106.64228
橡树宝宝幼儿园,26.680426,106.64305
思迪外语学校,26.68264,106.643589
白云现代幼儿园,26.680388,106.647516
贵阳市白云区程官小学,26.685175,106.616429
贝迪儿童大学,26.687185,106.629811
白云区红云社区老年学校,26.685149,106.627201
贵阳市白云区第一高级中学,26.687773,106.631556
贵州省示范性普通高级中学(二类),26.687111,106.630679
贵阳市白云区第二中学工会委员会,26.687954,106.631373
金慧双语幼儿园,26.68789,106.630514
贵阳市白云区第一高级中学-励学楼,26.687772,106.63145
知行教育,26.684486,106.631804
贵阳市白云区第一幼儿园,26.686382,106.63747
蓝天白云美术学校,26.687558,106.636785
田田英语幼儿园,26.68441,106.635708
倍多分补习学校,26.687223,106.6374
昕昕英语学校,26.686719,106.638008
蓝天白云美术学校咨询处,26.687262,106.637539
共大双语幼儿园,26.684312,106.639717
育英国际幼儿园,26.688212,106.643745
睿迪外国语第二幼儿园,26.687106,106.640586
阳光宝贝至德国学幼儿园,26.687992,106.641948
双双舞蹈学校,26.687891,106.640412
同心学校,26.683851,106.644256
白云区宏志学校,26.684846,106.646501
蓝天幼儿园,26.684528,106.647014
贵阳市白云区第七幼儿园,26.686308,106.646141
贵州省陶行知教育思想研究会民办教育分会实验学校,26.684918,106.646273
贵阳市白云区第二小学,26.688163,106.649439
贵阳市白云区精英学校,26.685707,106.664347
合力购物公司合力商学院,26.68669,106.667825
金蓓蕾艺术幼儿园,26.685526,106.740411
贝佳幼儿园,26.691481,106.629538
白云区第一小学,26.691195,106.634399
育才学校,26.690128,106.631562
贵安幼儿园,26.691427,106.637632
贵阳市白云区启智学校,26.689879,106.636083
馨艺舞蹈学校,26.688339,106.639069
兴农中学,26.692254,106.640586
星辰儿童美术学校(白云分校),26.688437,106.640724
贵阳市阳光跆拳道学校,26.688437,106.640724
金豆豆智慧乐园,26.689052,106.651068
艾特艺术幼儿园,26.691788,106.652368
贵阳市白云区第二小学城市学校少年宫,26.688441,106.649362
恒非达培训学校,26.689201,106.649664
鸿鹄学校,26.691904,106.657347
白云区第二高级中学,26.692661,106.660282
贵阳市白云区第六小学,26.692329,106.660615
弘毅中学,26.690826,106.659766
嘟嘟贝幼儿园,26.689847,106.660096
贵阳市白云区铝城幼教第一幼儿园,26.691687,106.660535
贵阳市白云区第六小学-家长学校,26.692425,106.660846
第十一外语幼儿园,26.691687,106.660535
田田英语幼儿园,26.689973,106.665758
金东社区,26.692399,106.664921
白云金贝幼儿园,26.692611,106.666404
向日葵之家学前班,26.691784,106.662427
蓬勃学前班,26.689001,106.663676
宝贝龙双语幼儿园,26.688563,106.664433
白云区铝兴社区金东居委会老年学校,26.692383,106.66481
贵阳市白云区艳山红镇尖坡小学,26.692801,106.693156
尖坡小学乡村学校少年宫,26.692812,106.693167
车辆厂幼儿园,26.688909,106.734806
贵阳中职中专学校,26.688326,106.733449
高穴小学,26.691106,106.790321
贵阳市白云区第十小学,26.695748,106.633756
文武双修学校,26.697056,106.636878
龚家寨小学,26.695105,106.654012
春雨双语幼儿园,26.696886,106.653893
贵阳市白云区铝城幼教第二幼儿园,26.694584,106.656123
白云启航双语幼儿园,26.694182,106.654439
光明幼儿园,26.693222,106.655821
白云区艳山红镇龚家寨小学乡村学校少年宫,26.694892,106.653983
贵铝职业教育学院,26.693228,106.659716
中国铝业贵州高级技工学校,26.693601,106.659181
白云欣韵幼儿园,26.693848,106.661318
贵铝职工大学,26.693091,106.660637
蓝天第三幼儿园,26.693773,106.661351
贵州铝厂职工中专,26.693903,106.659519
中国铝业贵州高级技工学校-实训基地,26.693345,106.660237
贵阳医学院附属白云医院-健康管理中心,26.696762,106.663132
梦苑双语幼儿园(中坝分园),26.695947,106.666305
国家级重点技工学校,26.693473,106.662283
铭芯幼儿园,26.693268,106.666795
爱心学校(西南门),26.695517,106.667694
都拉小学,26.695117,106.722085
曹关小学,26.698402,106.615413
曹关小学乡村学校少年宫,26.698254,106.615579
阳光学校,26.698277,106.630046
好花红幼儿园,26.700074,106.632891
新时代启蒙幼儿园,26.697671,106.655837
COCO英语学校,26.697457,106.657203
白云第七小学,26.697641,106.658708
小太阳多彩幼儿园,26.699304,106.659549
贵阳市白云区第一中学,26.69949,106.663758
贵阳市白云区实验中学,26.699571,106.662639
贵阳市白云区新阳学校,26.698512,106.664778
天乐双语艺术幼儿园,26.701726,106.663975
贵阳市白云区艳山红镇刘庄小学,26.698417,106.668488
贵阳市白云区第八幼儿园,26.698711,106.668324
科学院铝工业废弃物资源化利用技术研发中心,26.69995,106.681209
贵阳幼师学校,26.697689,106.689964
贵州西南国际商务学校,26.699941,106.723273
博文幼儿园,26.698836,106.724355
都拉乡人口学校,26.697987,106.724372
贵阳市都拉乡人口学校计划生育服务站,26.698064,106.724479
贵州西南国际商务学校-东南门,26.699506,106.723572
贵阳市观山湖区长冲小学,26.704162,106.576905
贵阳护理职业学校,26.706458,106.629233
昕昕外国语实验学校,26.703668,106.663107
金童幼儿园,26.709762,106.629632
白云区艳山红镇高山小学,26.708164,106.64972
水田三江九年制学校,26.710867,106.791479
长征苗圃希望小学,26.715065,106.612189
贵阳市白云区黔龙幼儿园,26.712029,106.620693
贵阳市白云区第三中学,26.714622,106.629876
白云区第五小学家长学校,26.713535,106.628674
中国共产党白云区第五小学支部,26.71348,106.628412
蓝天白云幼儿园,26.713171,106.62904
中国共产党白云区第三中学支部委员会,26.714651,106.62932
白云区第三中学家长学校,26.714651,106.62932
麦架镇乡村学校少年宫,26.71348,106.628412
贵阳市白云区沙文镇吊堡小学,26.711818,106.696111
舞韵艺术幼儿园,26.712391,106.696731
贵州师范大学求是学院机电工程学院-实验实训大楼,26.719129,106.628879
贵阳市hallo baby舞蹈艺术学校,26.716809,106.629701
贵阳市白云区麦架镇市民学校,26.716876,106.629691
贵州师范大学-求是学院,26.719381,106.630606
贵州师范大学求是学院-第一教学楼,26.719638,106.631573
贵州师大(白云校区)-理学系,26.718418,106.631675
贵州师大白云校区-材料与建筑工程学院,26.718904,106.630656
贵州师范大学求是学院-体育系,26.718476,106.630966
贵州师大(白云校区)-美术系,26.717807,106.631266
贵州师大(白云校区)-文学与新闻传媒系,26.717827,106.631455
贵州师范大学求是学院-社会科学系,26.718476,106.630966
贵州师范大学求是学院-历政系,26.718476,106.630966
贵州师大(白云校区)-外语系,26.718248,106.631665
贵州师大(白云校区)-法律系,26.718248,106.631665
贵州师大(白云校区)-体育系,26.717807,106.631266
贵州师大(白云校区)-信息中心,26.718336,106.631446
贵阳十一驾校培训学校白云师大报名处,26.717913,106.630347
都拉乡上水小学,26.718453,106.735014
郝官小学,26.723475,106.579548
贵州师范大学(白云校区),26.720404,106.630569
贵州师大(白云校区)-职业技术学院,26.720259,106.631924
贵州师大(白云校区)-实验楼,26.720657,106.631912
贵州师大白云校区-第二教学楼,26.720158,106.631748
贵州师大(白云校区)-材料与冶金专业实验室,26.72062,106.632153
贵阳市中华职业学校,26.720259,106.631924
贵州师范大学求是学院-学生浴室,26.721535,106.630441
