贵州广播电视台,26.572969,106.717779
贵州喜百年装饰贵阳公司,26.572247,106.716681
贵阳广播电视台,26.573349,106.716703
欣博尔商贸有限公司,26.57151,106.719776
金洪广告材料商行,26.570201,106.720388
贵阳市外国企业服务总公司,26.573607,106.720019
贵州广播电视台交通广播,26.573243,106.71827
贵阳桂龙摩托车有限公司(钱江贝纳利总代理),26.572196,106.716694
贵阳长江食化,26.571598,106.717149
菜鸟驿站(南明区-贵州电视大楼近邻宝智能快件箱),26.572834,106.717637
贵阳伦邦数据恢复,26.5729,106.720243
贵阳交通广播FM102.7频道,26.573352,106.716705
新纪开元医疗器械公司,26.5729,106.720288
穗金粮食储备管理有限公司,26.573387,106.719944
迅达公司,26.5729,106.720288
贵阳广电传媒有限公司,26.573313,106.716632
源升广告五金,26.570092,106.720491
贵阳振华电子设备有限公司,26.572779,106.720442
ETC公路电子收费客户服务中心自助激费,26.573243,106.719725
华鼎视讯科技发展公司,26.5729,106.720288
贵阳岭兜商贸有限公司广味源贵州总经销,26.570486,106.717618
贵阳市南明区个私协医疗定点单位,26.570435,106.719679
天正科技,26.5729,106.720288
福建六建公司,26.570146,106.717559
贵州智威兴业网络科技有限公司,26.572601,106.720981
贵州建工集团第七建筑工程有限责任公司沙特分公司,26.572399,106.716724
贵州集创东方科技公司,26.5729,106.720288
凯丰公司,26.5729,106.720288
贵阳鑫森海科技有限公司,26.572732,106.720707
海耀商贸有限公司,26.572559,106.7186
裕丰公司,26.5729,106.720288
升谷电子,26.5729,106.720288
科海公司,26.5729,106.720288
宝龙公司,26.5729,106.720288
泰丰公司,26.5729,106.720288
民航西南凯亚有限责任公司贵阳办事处,26.572399,106.716724
远光软件股份有限公司贵州办事处,26.572366,106.716646
（在B单元）贵州锐凯商贸有限公司,26.572399,106.716724
贵州中智科技设备有限公司,26.572578,106.716962
贵州飞成电讯器材公司,26.5729,106.720288
海益洪商贸有限公司,26.57151,106.719776
天一公司,26.5729,106.720288
华阳公司,26.572601,106.720981
（在B单元）四川建科工程建设管理有限公司贵阳分公司造价经营部,26.572399,106.716724
贵阳子延贸易有限公司,26.572345,106.71843
恒瑞公司,26.572779,106.720442
贵州瑞和制药有限公司,26.5722,106.716694
贵阳子廷贸易有限公司,26.572366,106.718481
贵州城市数据网络科技有限公司,26.573167,106.717666
贵阳桂大一摩托车有限公司,26.572399,106.716724
贵州恒盛通达通信安装有限公司,26.5729,106.720288
天网通科技,26.5729,106.720288
新华物业管理分公司裕阳大厦物管处,26.571683,106.720334
南明区个体私营企业协会食品流通分会新华路片区分会,26.571468,106.717976
贵阳建筑勘察设计有限公司  九分院,26.572399,106.716724
酒连网电子商务有限公司,26.572709,106.720775
联跃公司,26.5729,106.720288
羽佳公司,26.5729,106.720288
贵州南风环境保护工程有限公司,26.572399,106.716724
贵州英宏信息科技有限责任公司,26.5729,106.720288
贵州嘉宝利贸易有限公司贵州亿圣矿产资源科技服务有限公司,26.5722,106.716694
坚石公司,26.5729,106.720288
贵州顺意机电设备有限公司,26.572399,106.716724
精工公司,26.5729,106.720288
北佳公司,26.5729,106.720288
贵阳荣生贸易有限公司,26.5729,106.720288
雄志公司,26.5729,106.720288
贵州百年佳视文化传媒有限公司,26.572858,106.717311
意大利红蜻蜓集团有限公司,26.573447,106.717665
贵州恒远耀世会展有限公司,26.572399,106.716724
贵阳佰利和商贸有限公司,26.572573,106.720978
（城市方舟C单元）贵州龍欣装饰工程有限公司,26.572399,106.716724
贵阳大成蓝星安全玻璃有限公司,26.570789,106.721045
贵阳隆昌顺商贸有限公司,26.570298,106.720383
贵州全周肆食品有限公司,26.572719,106.7195
贵阳森森科技开发公司,26.5729,106.720288
贵阳大伟科技总部,26.570823,106.721091
贵阳广播电视台星光少年栏目组,26.573351,106.7167
贵阳康悦万丰数码科技有限公司,26.572821,106.720326
贵阳裕鑫科技有限公司,26.5729,106.720288
贵州有色矿业股份有限公司,26.572399,106.716724
贵州省纺织工艺有限公司,26.570054,106.719652
银立得公司,26.5729,106.720288
天锦物资,26.5729,106.720288
贵阳圣钦贸易有限公司,26.5729,106.720288
泰瑞源贸易有限公司,26.572186,106.716687
博得广告,26.5729,106.720288
力力公司,26.5729,106.720288
贵阳鑫筑民爆经营有限公司,26.5723,106.716764
穗金物业管理公司,26.572601,106.720981
贵州天虹,26.5722,106.716694
宏源电子,26.5729,106.720288
贵州国平贸易物资公司,26.5729,106.720288
贵阳市机械装卸运输公司,26.572389,106.720463
贵州三吉通信公司,26.574275,106.718413
贵阳物资有限公司化工轻工公司,26.572299,106.716753
成都添彤信息技术有限公司贵阳分公司,26.572897,106.720289
宇宏公司,26.5729,106.720288
贵州华信创新科技有限公司,26.572617,106.72089
贵阳海基文教育咨询有限责任公司,26.571775,106.72085
贵州恒宇装饰有限公司,26.5729,106.720288
巨根特公司,26.5729,106.720288
贵州中维华盾科技公司,26.5729,106.720288
贵州泉舜机电设备公司,26.5729,106.720288
北京天泽贵州办,26.5729,106.720288
贵州舞音俱全艺术教育有限公司,26.573193,106.719554
新华光科技贵阳分公司,26.5729,106.720288
凯通公司,26.5729,106.720288
宏英龙机电设备公司,26.5729,106.720288
贵州金摩尔化学有限公司,26.57258,106.718392
中国良工阀门集团,26.5722,106.716694
TCL LEGRAND贵阳办,26.572399,106.716724
贵阳凯鑫诚食品有限公司,26.572701,106.718713
方胜科技,26.5729,106.720288
贵州金博科技发展有限公司,26.5729,106.720288
贵州盛利博达自动化科技有限公司,26.5722,106.716694
金术公司,26.5729,106.720288
都市女性广播FM104频道,26.573352,106.716705
库房外贸,26.57441,106.720519
重庆中商科技贵阳分公司,26.5729,106.720288
贵州天元达物资有限公司,26.570054,106.719652
贵阳维邦科技发展有限公司,26.572907,106.720407
深圳宝德科技公司贵阳分公司,26.5729,106.720288
天力卓越软件公司,26.5729,106.720288
贵州深维达商贸有限公司,26.5729,106.720288
华之拓机电,26.572399,106.716724
融鑫公司,26.5729,106.720288
兴教计算机教育工程公司,26.5729,106.720288
贵州德瑞金融票据有限公司,26.572299,106.716753
鑫恒通公司,26.5729,106.720288
（城市方舟C单元）北京亚大通讯网络有限责任公司中国银行贵州分行-客户服务团队,26.572399,106.716724
贵阳经泰物业管理公司,26.573277,106.719789
杰泰科技,26.5729,106.720288
中国人寿保险股份有限公司销售管理部副经理室,26.572399,106.716724
贵州鸿信视音频系统集成有限公司,26.5722,106.716694
（城市方舟B单元）广东水电二局股份有限公司贵阳分公司,26.572399,106.716724
生科公司,26.572093,106.717166
成冠公司,26.572566,106.720978
智人公司,26.5729,106.720288
西迪软件,26.5729,106.720288
贵州强达智能采暖有限公司,26.572563,106.716802
安拉网络信息科技公司,26.5729,106.720288
广州市环境保护设计院有限公司贵州分公司,26.572399,106.716724
贵州顺時,26.572399,106.716724
宏伟公司,26.5729,106.720288
贵阳兴智源科技有限公司,26.5729,106.720288
贵阳腾一广告策划公司,26.5729,106.720288
贵州同城生活商贸有限公司,26.572897,106.720288
八方集团,26.572299,106.716753
金信公司,26.5729,106.720288
贵州滨燕商贸有限公司,26.570613,106.717536
成都峻之峰商贸有限公司,26.572195,106.716748
贵阳发昌化工有限公司,26.570168,106.720094
万峰装饰,26.5718,106.7204
湄潭兰馨茶业公司贵阳业务部,26.5722,106.716694
金华兴,26.5729,106.720288
云南鄂攀商贸有限公司贵州分公司,26.573642,106.72015
贵州新艺瑞锋工模具有限公司办事处,26.572399,106.716724
诚达伟业科技,26.5729,106.720288
贵阳香源轩商贸发展有限公司,26.570796,106.719143
和光公司,26.5729,106.720288
伟成公司,26.5729,106.720288
贵州南网金鑫物资有限公司,26.570838,106.719853
惠天科技,26.5729,106.720288
贵阳华怡机电有限公司,26.5729,106.720288
振兴图文广告,26.574263,106.720284
武汉威科集团经销总公司贵阳经营部,26.572818,106.720554
贵州鑫茂酒业有限责任公司,26.570054,106.719652
科全图文广告,26.570948,106.720561
贵州新兴世纪农村数字电影院线有限公司,26.573313,106.716632
贵州广电网络青云路营业厅,26.570248,106.723613
平安证券贵州分公司,26.572906,106.725461
贵州顺安堂药业有限公司,26.571502,106.723001
中铁建工集团西南分公司,26.572784,106.725107
贵州友山基金管理有限公司,26.572074,106.725281
中国邮政速递(富水南路),26.570768,106.722056
中国南方电网贵州电网公司贵阳纪念塔节能产品展示中心,26.570133,106.725228
贵阳宇坤律师事务所,26.571564,106.72191
贵州福之源不动产经纪有限公司,26.572596,106.724577
贵州省有线广播电视网络有限公司,26.570163,106.723689
贵州银行股份有限公司,26.57155,106.724794
贵州新联爆破工程有限公司,26.572052,106.725308
达美广告,26.572026,106.721923
贵阳思源房地产开发有限公司,26.573518,106.724865
新华三技术有限公司,26.572915,106.725297
贵阳南明天意物流有限公司,26.57074,106.722296
金熙府-销售中心,26.570817,106.723529
贵州华强会计师事务所有限公司,26.573335,106.721295
力铭房地产开发公司,26.572784,106.725107
贵州同济堂制药有限公司,26.572784,106.725107
成都旺旺食品有限公司贵阳分公司,26.572051,106.725308
贵州欣之晨医疗器械有限公司,26.571084,106.722395
丰来律师事务所,26.572741,106.721473
杭州华三通信技术公司,26.572784,106.725107
金筑代理,26.573048,106.721798
旅游签证自由行,26.572171,106.721861
贵州精税通财务管理有限公司,26.573976,106.721488
康美时代贵州分公司,26.572915,106.725324
中国石油贵州销售分公司,26.572052,106.725308
贵州至盛冠美家具有限公司,26.572784,106.725107
南明区文化馆-小精灵少儿艺术团,26.57332,106.722125
贵阳东方房地产开发有限责任公司,26.571042,106.722396
贵州建业商品混凝土公司,26.572052,106.725318
贵州万荣建筑装饰工程有限公司,26.571113,106.723994
贵阳市房地产管理局新华物业管理公司,26.570659,106.721377
贵州山水林城旅行社,26.571537,106.721875
富中房地产开发公司,26.572784,106.725107
贵州紫东拍卖有限公司,26.571534,106.72189
上海永达汽车集团有限公司,26.571843,106.721383
榕胜海阔星空,26.570071,106.72408
贵阳诚信达企业登记代理事务所,26.573067,106.721194
贵州联众科创科技工程有限公司,26.571825,106.722902
贵阳市二轻供销公司,26.571564,106.72191
九星账房代理记账,26.573109,106.724684
同辉招标有限公司,26.571087,106.722398
贵州双龙天源贸易公司,26.572784,106.725107
隆德集团,26.572715,106.725699
康辉国际旅行社有限公司,26.571112,106.723994
贵阳市南明区心意爽保洁服务有限责任公司,26.573012,106.723993
贵州布瑞吉荷健康咨询服务有限公司,26.571691,106.724685
众乾咨询,26.57139,106.724887
贵州丽新正龙科技工程有限公司,26.571042,106.722396
雅玛贸易有限公司,26.572915,106.725297
贵阳能源集团,26.572915,106.725297
华融贵阳置业公司,26.572053,106.725307
贵州双龙实业发展公司,26.572784,106.725107
贵阳全圣壕健康咨询有限公司,26.57083,106.72358
贵州创业水务有限公司,26.572784,106.725107
泽云峰税务代理工商代理知识产权,26.573976,106.721488
金世旗国际控股公司,26.572784,106.725107
万宝隆房地产开发公司,26.572784,106.725107
贵州华科体育设施公司,26.572052,106.725308
北京凯盛高科信息技术有限公司贵阳分公司,26.5707,106.723737
贵州茅台名将酒业有限公司,26.572784,106.725107
贵州庆红广告有限公司,26.570726,106.724138
贵州环远电讯有限公司,26.571113,106.723994
贵州吉星科技技术服务有限公司,26.571354,106.723344
贵州耀世普惠信息技术股份有限公司,26.57115,106.724802
贵阳达诚联合会计师事务所,26.571609,106.721655
贵州黔正工程造价事务所,26.57422,106.724213
贵州海外旅游总公司新华路门市部,26.573895,106.724255
贵州鑫腾矿业有限公司,26.572784,106.725107
贵州长燊商务服务有限公司,26.57298,106.722331
贵阳嘉博煜音乐文化传媒,26.57104,106.722247
南明区新闻中心,26.573311,106.721331
贵阳科迈机械设备有限公司,26.572905,106.725364
南明区文化馆-综合艺术团,26.57325,106.722095
ut斯达康通信公司贵阳办事处,26.572785,106.725107
贵州捭阖天下企业管理咨询有限公司,26.573853,106.724173
南明区文体总会-同乐艺术团,26.57325,106.722095
百事通旅行社瑞金南路营业部,26.572106,106.721774
贵州黔能页岩气开发有限责任公司,26.574219,106.724112
贵州众佳和力建材公司,26.572784,106.725107
贵阳开天创新科技有限公司,26.571392,106.722036
贵州华锐世纪文化传播有限公司,26.571906,106.724875
贵州长恒企业服务管理有限公司,26.572171,106.721861
贵阳天睿骐科技有限公司,26.571564,106.72191
贵阳浙江商城开发有限公司,26.572215,106.725593
贵州利保环境治理有限责任公司,26.573496,106.724181
贵州京泉工程咨询有限公司,26.571171,106.722566
南明区文化馆-兰馨合唱团,26.573266,106.722311
台湾总馨水处理,26.571711,106.721579
贵州精锐通财务管理有限公司,26.573976,106.721488
艾默生网络能源公司贵阳办事处,26.572784,106.725107
酒中酒集团贵阳办事处,26.572784,106.725107
重庆决明科技有限公司贵阳办事处,26.571564,106.72191
贵州佳业建筑装饰工程有限公司,26.570822,106.724735
博瑞鑫财务管理咨询,26.573976,106.721488
广州海奕电子科技有限公司,26.57196,106.725419
贵州恒顺达咨询服务有限公司,26.573731,106.722943
北京摩根泰达投资咨询有限公司,26.572784,106.725107
贵州杰卓会计事务有限公司,26.57366,106.723239
凯诺科技公司贵州办事处,26.572052,106.725308
贵阳亨利保洁服务有限公司,26.572171,106.721861
中铁五局公司贵阳分公司,26.572784,106.725107
盛悦建筑装饰工程有限公司,26.571114,106.723994
广东志成冠军集团贵阳分公司,26.572982,106.725265
利比投资咨询公司贵阳分公司,26.572784,106.725107
贵州九州建设工程有限公司,26.572782,106.725426
新业实业进出口公司,26.572784,106.725107
贵州中拓钢铁有限公司,26.572761,106.725161
贵阳市散装水泥办公室,26.573844,106.724215
贵阳富兴房地产开发公司,26.572784,106.725107
贵州诚联科技发展有限公司,26.571404,106.725068
贵州中汽专用汽车公司,26.572052,106.725308
山木友和网络科技有限公司,26.571502,106.723001
天能物业管理中心电力巷物管办,26.57243,106.722953
南明瑞昌鑫寄卖有限公司,26.573233,106.724503
贵阳天塑电力物资公司,26.571114,106.723994
创天公交车体网络联合广告公司,26.572784,106.725107
贵州电力兴筑建筑安装工程公司,26.572199,106.723832
友联行置业顾问公司,26.572784,106.725107
上海贝尔公司贵州分公司,26.572784,106.725107
贵州南润房地产开发有限公司,26.572784,106.725107
锦鸿铭尚装饰工程有限公司,26.571235,106.724129
贵州辉煌娱乐有限公司,26.572784,106.725107
贵州星辰科技开发有限公司,26.571502,106.723001
南明区文化馆-春之生艺术团,26.57332,106.722125
贵州天实房地产开发公司,26.572784,106.725107
贵州英发房地产开发公司,26.572784,106.725107
荞语牌苦荞茶贵阳销售部,26.571112,106.723994
贵州鼎业房地产开发公司,26.572784,106.725107
专业代办,26.57382,106.722424
贵州盛华源实业公司,26.572784,106.725107
贵州星空特种工程加固有限公司,26.571658,106.721673
贵州天路鸣航广告公司,26.572784,106.725107
天成艺术装饰,26.572052,106.725308
贵州蓝天博雅科技有限公司,26.571564,106.72191
贵州创纪元企业管理有限公司,26.573965,106.724345
加拿大威顿公司磷产品事业部,26.572784,106.725107
贵阳集联科贸有限公司,26.571536,106.721875
凯福糖果厂宿舍,26.570494,106.721557
贵阳锦江物业管理有限公司,26.572052,106.725308
贵州新太阳电子科技有限公司,26.57184,106.722323
贵阳兄弟电脑设备有限公司,26.571502,106.723001
贵阳果一品商贸有限公司,26.571975,106.723484
贵州仁聚合酒销售有限公司,26.571113,106.723994
中国国际旅行社,26.571155,106.723756
贵州天翼酒业股份有限公司,26.571564,106.72191
贵州青旅兴隆街营业部,26.572916,106.721926
贵阳市院士专家服务中心,26.570226,106.723723
伊丽阁婚庆文化传媒有限公司,26.571146,106.723824
贵州建工集团第七建筑工程有限责任公司,26.572182,106.725729
贵州环科院环保产业有限公司,26.572336,106.726616
贵州中节能天融兴德环保科技公司,26.572281,106.726739
贵州楚天环保有限公司,26.572209,106.726707
贵州省环境保护公司,26.572215,106.726698
贵州新阳光工程招标咨询有限公司,26.570866,106.726165
贵州筑立诚建筑装饰工程有限公司,26.570314,106.726357
贵州灵达房地产开发股份有限公司,26.570623,106.726116
国家环境空气自动监测网贵阳冶金厅,26.572289,106.726721
嘉室多装饰,26.570894,106.726027
贵州茶上品茶叶销售有限公司,26.570628,106.726022
贵阳鑫实达建材有限公司,26.571895,106.733625
泰山牌石膏板系统,26.571592,106.734562
邮政包裹快递收寄,26.572681,106.734683
南明堂压缩式转运站,26.573144,106.73139
新三亚多彩玻纤瓦(贵州总代理),26.571566,106.733116
贵州宏昌瑞贸易有限公司,26.570768,106.733941
鑫辉雄杰金属制品有限公司,26.571895,106.733625
玉蝶控股集团,26.570689,106.734352
贵阳雄丰玻璃有限公司,26.571493,106.733063
鑫康世家健康服务中心,26.573744,106.732899
贵阳优谷营养食品有限公司,26.57265,106.734248
贵州晨鑫翔商贸有限公司,26.571316,106.733427
上海吉祥国际集团有限公司驻贵阳办事处,26.571805,106.732832
贵阳捷盛达建材有限公司,26.571772,106.73388
贵州惠浦行汽车服务有限公司,26.57241,106.732847
成都中邮高讯科技发展有限公司贵阳分公司,26.578248,106.719908
乐居华庭装饰贵阳分公司,26.577024,106.721088
贵州省生产资料服务公司,26.577563,106.720153
贵阳市第一人民医院-法医司法鉴定所,26.578592,106.717712
伊利公司贵阳分公司,26.57885,106.71801
联通华盛通信有限公司贵州分公司,26.578978,106.720195
贵州恒丰房地产开发有限公司,26.579076,106.719941
得实集团贵阳分公司,26.578905,106.718104
心诚广告图文,26.579081,106.720856
湖南省第四工程公司贵州分公司,26.578905,106.718104
玉蝶控股集团有限公司,26.576953,106.720696
贵州中移通信技术工程有限公司,26.578646,106.719024
中国国际航空公司贵阳营业部,26.576795,106.719341
贵州新讯捷通讯有限公司,26.578573,106.719333
宅急送,26.579081,106.720856
贵阳金利沅科技有限公司,26.578905,106.718104
华能电力成套设备公司,26.578905,106.718104
贵州环宇外贸报关行,26.577434,106.720093
世纪山水科技,26.578596,106.719249
中铁信息计算机工程有限责任公司贵州分公司,26.578834,106.717993
贵州盛缘宇通电子公司,26.578905,106.718104
贵州顺鑫广告装饰公司,26.578905,106.718104
贵州夜郎蜂业科技有限公司,26.578905,106.718104
贵州宏网远辉科技公司,26.578905,106.718104
上海信颐电子科技有限公司,26.578905,106.718104
中国第四冶金建设公司贵州分公司,26.578905,106.718104
贵州金岐天翼商贸有限公司,26.577434,106.720093
达华工程管理集团公司招标部,26.578905,106.718104
贵州神通科技有限公司,26.578257,106.719902
贵州远通物业,26.578769,106.719634
明镜房地产开发公司,26.578905,106.718104
北京方胜理信贵阳分公司,26.578905,106.718104
贵州百里杜鹃酒业有限公司,26.578905,106.718104
贵州旅游百事通人民广场营业部,26.578891,106.718098
贵州雷迪司科技有限公司,26.578901,106.718106
贵州阔达装饰工程有限公司,26.578585,106.719234
山河水科技,26.578596,106.719249
贵州和至祥贸易有限公司,26.579036,106.719973
华迅志远科技发展公司,26.578905,106.718104
豪力岩土工程公司,26.578905,106.718104
贵州中意电讯连锁销售有限公司,26.577563,106.720153
联控科技,26.578257,106.719902
贵州天棋中邮科技有限公司,26.577434,106.720093
中共鸿灵物业管理有限公司支部委员会,26.578761,106.718036
金岐通信设备公司,26.578905,106.718104
重庆翰纳国际货物运输代理公司贵阳分公司,26.578905,106.718104
鼎光科技,26.578257,106.719902
贵阳启宏环境工程有限公司,26.578188,106.718137
贵州省物资协作公司,26.577563,106.720153
贵州爱和公司,26.578905,106.718104
贵州正野通讯器材有限公司,26.578257,106.719902
国诚集团贵州建设工程有限公司,26.579036,106.719973
贵州茅台家谱酒业有限公司,26.578905,106.718104
易天装饰设计公司,26.578905,106.718104
广西裕华建设集团公司贵州分公司,26.578905,106.718104
太极计算机股份有限公司贵州办事处,26.578596,106.719249
贵州九思文化传播公司,26.578905,106.718104
汇丰工程建设中介服务公司,26.578905,106.718104
振兴科技,26.579024,106.719103
华铁联运物流代理公司,26.578905,106.718104
贵州天大高科技术公司,26.578905,106.718104
华泰期货有限公司(贵阳营业部),26.578905,106.718104
贵州庆红广告公司,26.578905,106.718103
中国南方电网(贵州电网公司),26.577773,106.724481
贵州鑫恒信电子科技有限公司遵义分公司,26.577652,106.722185
贵州兴义电力发展公司,26.576609,106.722243
乌江水电开发有限责任公司,26.574675,106.723981
贵州送变电工程公司,26.575346,106.723629
多彩贵州印象网络传媒股份有限公司,26.578646,106.721654
贵州建工建筑装饰环境绿化工程有限公司,26.576609,106.722243
贵州省烟草公司贵阳市公司,26.576462,106.722111
天天快递(城中营业部),26.578781,106.722009
中国通服贵州思创信息技术分公司,26.578662,106.721717
贵州树熊猫食品有限公司,26.575681,106.725329
川豪装饰有限责任公司(贵阳分公司),26.5766,106.722267
贵州省邮电规划设计院有限公司,26.578662,106.721717
贵州智联易才人力资源顾问有限公司,26.578195,106.723686
鼎尊律师事务所,26.577759,106.721609
(中国国电)龙源贵州风力发电有限公司,26.576609,106.722243
贵州国际商城商务中心,26.57764,106.723203
贵阳精艺雕刻厂,26.574638,106.721428
国龙项目管理咨询公司,26.575346,106.723629
恒丰地产集团,26.578408,106.722625
宁波三生日用品公司贵州分公司,26.576462,106.722111
乐圣律师事务所,26.578194,106.723105
贵阳荣方建设工程有限公司,26.576044,106.725321
贵州天能物业管理有限公司,26.577967,106.725257
贵阳巨豪装饰,26.576619,106.722267
中国石油天然气公司贵州贵阳销售分公司,26.576608,106.722243
贵阳市衡器厂,26.574936,106.724454
贵州绿色环保设备工程有限责任公司,26.578264,106.723165
贵州山水风情旅行社有限公司,26.578707,106.724851
贵州华信商标代理有限公司,26.578264,106.723165
贵州钻石假期旅行社有限公司,26.57776,106.722515
华电煤业,26.575037,106.723793
贵州大地嘉禾农业开发有限公司,26.576462,106.722111
众源恒达房地产经纪有限公司,26.578195,106.723687
东软集团公司贵阳办事处,26.576609,106.722243
天能电力实业公司,26.577627,106.724964
一品药业(十六分店),26.578135,106.722528
贵阳中祥电子,26.578264,106.723165
贵州安迪医疗器械有限公司,26.578195,106.723686
贵州西南大宗商品交易中心有限公司,26.575346,106.723629
湖南高城消防实业有限公司贵州分公司,26.576462,106.722111
贵州中信汇通通讯有限公司,26.578264,106.723165
沐新房地产开发有限公司,26.57775,106.721768
贵州电力建设第二工程公司,26.575345,106.723625
贵州普华建设工程有限公司,26.577717,106.72193
酒饮管家服务,26.578264,106.723165
优普通讯,26.578264,106.723165
贵州百易成贸易有限公司,26.578195,106.723686
北京中翰仪器有限公司贵阳分公司,26.577776,106.721542
贵州黔城盛世物业管理有限公司,26.578587,106.723166
贵州东方信博信息技术开发有限公司,26.578264,106.723165
贵州青利集团有限公司,26.576609,106.722243
尽职调查中心,26.57676,106.722459
贵州红崖天书典藏酒业有限公司,26.577759,106.721609
贵阳微软技术中心,26.575346,106.723629
贵州昱龙招标有限公司,26.578195,106.723686
贵州海珠凯优商贸有限公司,26.577689,106.723087
贵州贵航进出口公司,26.576916,106.721198
中航工业集团财务公司贵阳分公司,26.576916,106.721198
全林企业集团房地产开发公司,26.578208,106.722918
贵州大维景观规划设计有限公司,26.577602,106.723286
贵阳龙行神州国际旅行社,26.577602,106.723286
钻石鑫房地产开发公司,26.577759,106.721609
能达电力设计公司,26.575346,106.723629
贵阳公装公司,26.576664,106.722658
人民日报驻贵州记者站,26.575346,106.723629
贵州林城逸家装饰工程有限公司,26.577602,106.723286
永正养生策划管理顾问有限公司,26.578195,106.723686
贵州德瑞金融票据有限公司,26.575047,106.724453
腾元公司,26.574711,106.724081
贵州龙软科技发展公司,26.577759,106.721609
广田股份,26.576462,106.722111
黔耀汽车金融(贵州黔耀汽车售后服务有限公司),26.576462,106.722111
中国光电科技有限公司贵阳分公司,26.578195,106.723686
贵州高山生物科技有限公司贵阳办事处,26.578799,106.725432
投融资公司,26.575458,106.724181
贵州义盛德工贸有限公司,26.578195,106.723686
贵州宇建工程管理咨询有限公司,26.578264,106.723165
成都联想信息技术有限公司贵阳分公司,26.576609,106.722243
Neusoft,26.576462,106.722111
贵州达隆商贸有限公司,26.578264,106.723165
波导贵州公司,26.578264,106.723165
贵州众诚集团,26.577759,106.721609
必达鼎盛科技有限公司,26.578264,106.723165
贵州昱龙实业发展有限公司,26.578195,106.723686
贵州三峰生态发展公司,26.578194,106.723105
必达科技,26.578264,106.723165
中国石油西南化工销售贵州分公司,26.576462,106.722111
贵州金华众通讯器材有限公司,26.578264,106.723165
联合开利上海空调公司贵阳办事处,26.577759,106.721609
人民网贵州分公司,26.575346,106.723629
佳田伟业,26.578264,106.723165
贵州华诚经贸公司,26.577758,106.721609
贵仁酒业销售有限公司,26.576609,106.722243
中国共产党贵阳荣方建设工程有限公司委员会,26.576044,106.725321
贵州想像力智能科技公司,26.576462,106.722111
贵州星云环保有限公司,26.575346,106.723629
贵阳金鹰物业管理有限公司,26.578367,106.721834
上海连成(集团)有限公司贵州分公司,26.578239,106.723405
贵州方之圆餐饮投资管理有限公司,26.578003,106.722532
克缇生活馆,26.578195,106.723686
htc(贵州客服中心),26.577759,106.721608
鼎盛茶桩,26.57785,106.723198
美国利维能源有限公司,26.576462,106.722111
贵绳股份贵阳销售分公司,26.578195,106.723686
贵州展能科技有限责任公司,26.578264,106.723165
贵州三森物流有限公司-业务部,26.578195,106.723686
贵阳蓝天海洋广告有限责任公司,26.579086,106.722099
恒鼎实业贵阳办事处,26.578195,106.723686
贵州吉祥居工艺品有限公司,26.578299,106.723643
上海赫饵森贸易有限公司贵州办事处,26.578239,106.723405
乐点贵州办事处,26.578264,106.723165
贵州平安诚合贸易公司,26.578196,106.723686
贵州胜宏环保科技有限公司,26.575073,106.724414
贵州钻牌酒业有限公司,26.576318,106.725505
香港中旅货运公司贵阳办事处,26.577759,106.721609
贵州超跑文化传媒有限公司,26.578371,106.722748
贵州治家人力资源管理有限公司,26.5765,106.722142
永安信控股·贵阳分公司,26.576609,106.722243
贵州华钇昌贸易有限公司,26.578194,106.723686
西能物探技术公司,26.575346,106.723629
贵阳天方装饰有限公司,26.577759,106.721608
中控大通投资集团贵州分公司,26.576462,106.722111
贵州立创天下通讯设备有限公司,26.578264,106.723165
聚龙商贸有限公司,26.578394,106.723092
贵阳东方典当有限公司,26.574936,106.724454
贵州加华农业有限公司,26.576916,106.721198
贵州妙柯科技有限公司,26.577858,106.722141
贵阳帝欧礼品公司,26.577528,106.722462
宏宇金融公司,26.577808,106.723233
龙岗展鸿装饰,26.57771,106.721633
贵州华瑰广告有限公司,26.578239,106.723405
贵阳新慧远公司,26.578264,106.723165
贵州启恩世纪商贸有限公司,26.576399,106.725391
贵州仁达广顺电脑有限公司,26.577652,106.723204
贵州西能电气设备工程有限公司,26.578195,106.723686
贵阳金电科技有限责任公司,26.578195,106.723686
中标集团,26.576598,106.72162
中国旅行社甲秀楼门店,26.578864,106.724781
艺海图文广告,26.578742,106.721611
贵州水投水务集团有限公司,26.579026,106.727422
贵州黔中行旅行社有限公司,26.576902,106.726619
南木制品厂,26.578793,106.728608
貴州省水環境監測中心,26.578949,106.727336
贵州风雅颂文化发展有限公司,26.57825,106.725954
智龙水利监理公司,26.579022,106.727308
贵州华瑞文化传媒有限公司,26.577624,106.727782
贵州可一绿色食品有限公司,26.574629,106.730083
贵州旅游百事通旅行社有限公司甲秀楼营业部,26.578424,106.726176
贵州贵信物资公司,26.575723,106.729595
中国共产党壹贰捌贸易有限公司支部委员会,26.576603,106.728655
贵州省水投行天下旅行社有限公司,26.57905,106.727408
化糖贴贵阳联络处,26.578291,106.725823
贵州江河旅游发展有限责任公司,26.578962,106.727289
贵阳风向标艺术工作室,26.578561,106.7285
发能水利水电工程公司,26.578844,106.727781
贵阳多力彩商贸有限公司,26.577454,106.728288
菜鸟驿站,26.574629,106.730083
优速快递(南明营业部),26.578396,106.726168
中国邮政速递物流股份有限公司贵阳市分公司(观水揽投部),26.577508,106.730558
幸福树不动产经纪公司观水路店,26.577373,106.73357
中国青年旅行社(观水路营业部),26.577514,106.734715
贵州省新材料研究开发基地,26.578418,106.734229
瑞得测绘,26.579046,106.73388
华帝燃具有限公司,26.577869,106.732027
中共贵州省委机关车队,26.57503,106.730373
贵州优润满商贸有限公司,26.577869,106.732027
广益通经贸有限公司,26.578452,106.734801
凯利森贸易有限公司,26.577677,106.73465
星光广告,26.576918,106.733929
EMS全球邮政特快专递(55000228),26.577542,106.730965
贵州省中国旅行社,26.577168,106.734303
龙行神州国际旅行社(第六门市部),26.577251,106.733795
龙行神洲国际旅行社(观水路),26.577251,106.733795
贵阳风云再起娱乐有限公司,26.583063,106.719197
贵州省科技信息中心,26.580549,106.720973
贵阳金立通信器材有限公司,26.579226,106.719116
贵阳申通新快递有限公司大十字网点,26.583148,106.717013
燕京啤酒厂,26.583222,106.719405
贵州省中国国际旅行社有限责任公司,26.581366,106.717113
贵阳市住房保障和房产管理局二手房自助通服务中心,26.583587,106.720551
旅游百事通,26.582374,106.71865
贵州省文联艺术中心,26.58055,106.720973
贵州恒泰力天医药有限公司,26.583059,106.720516
贵阳嘉瑞食品饮食服务公司,26.581317,106.721019
综合手机售后维修公司,26.581011,106.720005
贵阳市旅游文化产业投资集团酒店管理有限公司,26.582467,106.718147
贵州佰佳医药有限公司,26.583555,106.718661
百事汇通代理点包裹领取点,26.581066,106.720498
贵阳市建筑设计院有限公司设计四所,26.583034,106.716895
一帆房地产中介服务公司,26.583443,106.720588
贵州科信医疗设备有限公司,26.583081,106.720742
贵阳恒欣勤环保科技有限公司,26.583108,106.716749
好1多乳业,26.581457,106.719166
辰春药业全国连锁NO.028,26.579219,106.718168
98ZNZ.com贵阳站,26.581457,106.719165
龙行神洲旅行社(科学路门市部),26.580532,106.720024
贵州贵茶有限公司,26.581352,106.718573
罗氏血糖仪客户服务中心,26.583447,106.718531
美国新百伦公司授权(NO688),26.581243,106.718618
贵阳五交化销售总公司,26.583044,106.720364
方圆广告·耗材,26.581974,106.721082
市府法律服务所,26.581775,106.716817
贵州亿达天华商业地产咨询有限公司,26.58304,106.721066
安利成冠国际贵阳愿景中心,26.583034,106.716894
嘉捷运食品,26.581651,106.71779
贵州创宇源网络科技有限公司,26.581457,106.719165
贵州众恒天宇贸易有限公司,26.583447,106.718531
贵州天信招标有限公司,26.583034,106.716895
贵阳兴隆物业管理有限公司升远大厦服务处,26.579521,106.720562
华亿腾飞,26.583034,106.716894
贵州保利文物古建有限公司达德学校旧址修缮工程项目部,26.581948,106.719159
贵州省工商行政管理局-公职律师办公室,26.579401,106.719907
贵州智恒广告策划有限责任公司,26.581457,106.719165
贵州九阳网络科技有限公司,26.583034,106.716895
贵州金三优电子科技有限公司,26.581457,106.719165
贵阳创新天健科技有限公司,26.581457,106.719165
贵州泰立远利科技有限公司,26.581457,106.719165
方合科技,26.581457,106.719165
贵州德瑞软件开发有限责任公司,26.582746,106.7211
(中德合资)上海凯士比泵有限公司,26.581457,106.719165
大成方略纳税人俱乐部股份有限公司,26.583034,106.716894
中国APP行业管理中心,26.583034,106.716894
南风杂志社,26.58055,106.720973
贵州英思普瑞信息技术有限公司,26.581457,106.719165
贵州宝馨钢结构有限公司,26.581457,106.719165
贵州华利集团(华利装饰),26.583034,106.716894
泰恒广告材料,26.581317,106.721019
贵阳华保理财有限公司,26.583034,106.716894
贵州天讯信息产业有限公司,26.583034,106.716895
贵阳创艺房地产开发有限责任公司,26.581291,106.718332
贵阳市大南五金厂,26.581057,106.720842
贵阳华亿房地产开发有限公司,26.583034,106.716895
立信税务师事务所有限公司贵州分公司,26.581186,106.719726
贵州聚全福商务咨询有限公司,26.580362,106.719566
贵州三超科技信息系统有限公司,26.583034,106.716895
万达科技,26.581457,106.719165
香港联合施邦有限公司贵州办事处,26.583034,106.716894
嘉信安防 贵州分公司,26.581457,106.719165
科技日报贵州记者站,26.58055,106.720973
贵州立讯达航空服务有限公司,26.583447,106.718531
毅凯科技贵州分公司,26.581457,106.719165
贵阳慧远通信器材有限公司,26.579172,106.720672
贵州胜景土地开发有限公司,26.581457,106.719165
北京高迈致运信息技术有限公司贵州分公司,26.583034,106.716894
贵州茂亿通讯有限公司,26.579172,106.720672
贵州乾辉交通能源开发公司,26.581457,106.719165
贵阳天美科技,26.581457,106.719165
吉鑫伟科技,26.581457,106.719165
恒利源科技,26.581457,106.719165
星力集团培训室,26.582984,106.716894
贵州中海旅行社有限公司,26.583034,106.716895
贵州君安联网报警服务公司,26.583034,106.716894
贵州侨源贸易有限公司,26.583034,106.716894
贵州杰纳医疗科技有限公司,26.583447,106.718531
贵州贵广源贸易有限公司,26.583034,106.716895
贵阳云轩物业有限公司,26.583034,106.716895
湖北华夏水利水电股份有限公司贵州分公司,26.583555,106.718661
韵达富水南路公司,26.582352,106.721074
贵州志达工贸公司,26.583587,106.720552
贵州锐捷通讯有限公司,26.579172,106.720669
贵州新黔瑞记帐咨询有限公司,26.581186,106.719726
钰霖房地产经纪有限公司,26.583609,106.720608
尚智科技工作室,26.581445,106.719434
贵州世纪三力科技有限公司,26.581429,106.719098
贵州恒华科技有限公司,26.579567,106.720392
高新企业热环境·智能茶几(富炬),26.581352,106.720962
贵州万财科技通信服务有限公司,26.581457,106.719165
贵州祺达贸易有限公司,26.583034,106.716894
贵州四方环保工程有限公司,26.582751,106.721098
贵阳新索数码有限公司,26.581147,106.719136
贵州炜明科技服务有限公司,26.583034,106.716895
彩韵广告,26.582352,106.721074
华宇集团,26.581457,106.719166
天长地久,26.581457,106.719166
航天科技,26.580396,106.719277
贵阳富盛投资管理有限公司,26.583034,106.716894
嘉合伟业,26.583034,106.716895
贵州予林通信器材有限公司,26.580747,106.719186
贵州黔鑫源捷贸易有限公司,26.581455,106.717357
天信科技,26.581457,106.719165
贵州创行商贸有限公司,26.581457,106.719165
昊天源房地产经纪公司,26.583587,106.720552
贵阳爱建物业管理有限公司办公室,26.581457,106.719165
贵州省仁怀市开国酿酒有限公司直营店,26.582012,106.720559
贵州爱森环保有限公司,26.581457,106.719165
新速科技,26.581457,106.719165
贵州银泰支付有限公司,26.583034,106.716894
恒昱房地产开发有限公司,26.583587,106.720552
世友房产信息服务公司,26.583587,106.720552
贵阳中创广告有限公司,26.582352,106.721074
贵阳朵荣唯尚通信设备有限公司,26.579169,106.720672
迪威乐贵州分公司,26.581593,106.719007
贵阳西元科技有限公司,26.583034,106.716894
贵州普利捷科技有限公司,26.581453,106.719162
贵州艺盛文化传媒有限公司,26.583034,106.716895
诚兴工程建设监理咨询有限公司,26.579165,106.720668
捷美广告,26.582352,106.721074
贵州创骏企业管理咨询有限公司,26.581457,106.719165
贵州豪集商务策划有限公司,26.583555,106.718661
北京高迈致远信息技术有限公司贵州分公司,26.583034,106.716894
柯美,26.583168,106.719152
上海蔓诺蒂服饰有限公司,26.583034,106.716895
贵州鑫元达贸易有限责任公司,26.583034,106.716894
贵阳康仪医疗器械罗氏血糖仪客服服务中心,26.583555,106.718661
贵州恒智协创技术装备生产力促进有限公司,26.583034,106.716894
贵州瑞银通科技有限公司(投影批发),26.581457,106.719165
贵州新奇特科技有限公司,26.581483,106.719009
贵州联强众海科技有限公司,26.581457,106.719165
淮矿现代物流有限责任公司(淮南矿业贵阳办事处),26.583034,106.716894
酩坛窖酒业020运维中心,26.581153,106.720786
贵阳新佳成办公设备有限公司,26.581457,106.719165
铭坛窖酒O2O运维中心,26.58116,106.720792
贵阳市鑫富诚办公设备有限公司,26.581457,106.719165
武汉中南冶勘资源环境工程有限公司,26.583034,106.716895
贵州盛筑鲜花商业管理有限责任公司,26.583447,106.718531
贵州源盛交通能源开发有限公司,26.581457,106.719165
贵州众鑫伟业科贸有限公司,26.581457,106.719165
ACI美国认证协会 AIC国际注册(贵阳)认证考试中心,26.583034,106.716894
-荣焕酒业贸易有限公司,26.57928,106.720562
贵州联发科通讯设备有限公司,26.581021,106.7202
贵州知行合一房地产顾问经纪管理有限公司,26.581457,106.719165
贵阳怡轩商贸有限公司,26.583034,106.716894
贵阳老百姓房地产经纪有限公司,26.583613,106.720609
铁汉律师事务所,26.581437,106.71696
贵州福贵多宝科技有限公司,26.583034,106.716894
金圣三装饰工程有限公司,26.581457,106.719165
贵阳明瑞丰科技有限公司,26.581457,106.719165
贵州信力广告,26.581974,106.721082
贵阳天雨园林绿化有限公司,26.579665,106.717845
汇友广告,26.582352,106.721074
华能贵诚信托有限公司,26.580887,106.719146
中国共产党贵阳云轩物业有限公司支部委员会,26.582858,106.716709
深圳亿通科技有限公司贵州营销中心,26.581457,106.719165
金诚科技,26.57962,106.717802
IT精英梦工厂,26.583034,106.716894
贵州鼎岸装饰工程有限公司,26.58323,106.716925
贵州君旺通讯有限公司,26.581457,106.719165
贵州君智博创科技有限公司,26.583034,106.716894
贵州圣新影商贸有限公司,26.579168,106.72067
贵阳潜靖电脑科技有限公司,26.581457,106.719165
贵州远方园林建设有限公司,26.583034,106.716894
贵州亿捷拓商贸有限公司,26.581316,106.719017
银智科技贸易有限公司,26.579428,106.720362
重庆大召广告传媒有限公司贵阳分公司,26.579508,106.720471
冠群驰骋,26.581457,106.719165
贵阳市服装二厂,26.583555,106.718661
贵阳骏腾科技,26.581457,106.719165
贵州亿吉通讯设备有限公司,26.581457,106.719165
千里视眼科技,26.581457,106.719165
贵阳泽兴科技,26.581457,106.719165
贵阳金音通信设备有限公司,26.579172,106.720665
贵州元祺广告有限公司,26.583082,106.720383
贵州健能百合联生态科技有限公司,26.583085,106.716902
贵州同利建设工程有限公司,26.583034,106.716894
贵州百易地产置业顾问有限公司,26.583034,106.716894
深圳天骜,26.583034,106.716895
共升餐饮管理服务部,26.581457,106.719165
贵州凯众贸易有限公司,26.583034,106.716895
铭升美装饰公司,26.57994,106.718772
贵州鑫山音商贸有限公司,26.581456,106.720691
贵州中凯数码技术有限公司,26.579168,106.720673
信诺广告,26.582352,106.721074
贵州强仁土地资源开发有限公司,26.581457,106.719165
贵阳办公互联科技有限公司,26.581457,106.719165
贵州火星科技,26.581457,106.719165
海南幸福季酒店管理有限公司贵州办事处,26.581457,106.719165
安捷科技,26.581457,106.719165
上海永大电梯安装维修有限公司贵州第一分公司,26.583034,106.716894
贵州天圣达通讯设备有限公司,26.581457,106.719165
贵阳捷宇科达电子有限公司,26.581457,106.719165
贵阳服装二厂办公室,26.583447,106.718531
贵阳鑫新天晟科技有限公司,26.581486,106.718984
贵州天网通科技有限公司,26.583034,106.716894
启宏科技,26.581457,106.719165
南明区汉湘街地块改造项目现场办公室,26.582486,106.720588
贵州昌耀钢化玻璃有限公司,26.581457,106.719165
无极限爱客工作室,26.583034,106.716895
ETON,26.581457,106.719165
晟新房地产经纪有限公司,26.583587,106.720552
主题科技,26.581457,106.719165
精通科技,26.580567,106.71947
贵州晟煜房地产经纪有限公司,26.580272,106.721052
道洋,26.581457,106.719165
贵州茅台集团茅乡龙酒业有限公司,26.581457,106.719165
上海柯翌商务咨询有限公司,26.583034,106.716894
贵州兴之成办公设备有限公司,26.581245,106.719098
贵州省建维水利水电工程有限责任公司,26.57959,106.720534
贵州广通建筑安装装饰工程有限公司,26.581457,106.719165
康泰公司(醒狮路),26.581459,106.720992
贵州兰格矿业有限公司,26.581085,106.720955
建金科技,26.581457,106.719165
贵州正罡科技有限公司,26.579102,106.719846
思成图文广告,26.579121,106.718346
贵州诚信咨询,26.583034,106.716894
乾商财富俱乐部,26.583034,106.716894
贵阳市第十二建筑工程处,26.580509,106.720804
北京市机械设备成套局,26.583034,106.716894
贵阳晨旭科技有限公司,26.581457,106.719165
贵阳星蓝光科技有限公司,26.581572,106.718907
名扬科技,26.580035,106.71953
贵州醉庭宴酒业有限公司,26.583234,106.716925
德邦物流(醒狮路店),26.581215,106.720626
佳慧图文广告,26.582929,106.720782
贵州黔艺防伪印章有限公司,26.57962,106.717802
雅好图文广告,26.581387,106.721032
贵州圣地文化娱乐传媒有限公司,26.582662,106.720844
三维图文广告,26.580546,106.719864
贵州黔源电力股份有限公司,26.580459,106.724466
南方测绘贵阳分公司,26.580771,106.723865
贵阳紫苹果别墅装饰公司,26.58146,106.724611
中通快递,26.579445,106.723357
中国青年旅行社(天柱分社),26.580384,106.724569
宠物梦工厂,26.579712,106.724801
泰祥国际营销中心,26.580221,106.722849
圆通收发货物代理点,26.582487,106.724304
佳华彩印,26.580815,106.722015
佳美广告(富水南路),26.581887,106.721555
贵州黔信律师事务所,26.579835,106.721779
贵州省教育技术装备管理中心,26.582501,106.721936
汇美广告,26.582059,106.721398
万东典当,26.579987,106.724749
茅台酒厂集团习酒公司专卖店,26.5795,106.724331
华杰光电,26.581029,106.722036
三头牛广告,26.581037,106.721924
贵州省电子证书有限公司,26.583444,106.723157
贵阳多彩烟花鞭炮公司,26.581852,106.721312
国电电力有限公司,26.580416,106.724859
智联招聘贵州分公司,26.583517,106.724103
南明恒基广告材料商行,26.580945,106.72254
贵州理想美标识有限公司,26.581174,106.722063
贵州同创广告有限公司,26.580423,106.721668
贵州海外旅游总公司,26.582741,106.721383
贵州迦南福地商贸有限公司,26.581602,106.721955
贵州诚合律师事务所,26.583517,106.724103
贵阳天工凯文装饰设计工程有限公司,26.581507,106.724607
爱琴海婚庆,26.582028,106.72215
贵州至善至美广告有限公司,26.582091,106.721972
北京新东方前途出国咨询有限公司贵州分公司,26.581483,106.724417
昂品国际设计,26.581493,106.724416
贵州省中国旅行社,26.579131,106.722019
巨邦广告,26.579557,106.721995
小亮点眼健康管理机构,26.582548,106.721337
苏州阳澄湖阳中蟹业有限公司,26.580011,106.725231
禾峰广告,26.582063,106.721844
云海光电,26.581548,106.721574
贵阳日报传媒集团-新闻旅业宝中旅游,26.582784,106.721765
家美美装饰工程有限公司,26.579887,106.721524
天策广告,26.581636,106.721656
竹梅广告,26.580625,106.721774
贵州合协律师事务所,26.581493,106.724416
贵阳航宇兴发广告有限公司,26.579619,106.722238
昊平装饰,26.581896,106.722187
焦点广告装饰,26.579359,106.722081
宜尚居房地产信息咨询公司,26.583192,106.722578
贵州宏奇药业有限公司,26.583509,106.725308
星宇装饰,26.581522,106.721928
贵州正德房地产评估有限公司,26.583529,106.725541
贵州茅台古坛酒业有限公司,26.582728,106.721216
贵阳日报传媒集团-新闻报刊发行物流小十字发行站,26.583255,106.723186
贵州众鑫广告工程有限公司,26.582028,106.72215
永丰礼品印务,26.580815,106.722015
益民旗业益民广告,26.581998,106.721174
贵州乌江清水河开发有限公司,26.580165,106.72496
贵阳市大南法律服务所,26.581037,106.721928
登峰广告,26.579359,106.722081
金厦公司,26.581968,106.72539
河南省防腐保温公司西南分公司,26.579889,106.721527
智诚物业发展,26.583615,106.723012
凯宾斯基出租汽车公司,26.581493,106.724416
贵州同济堂老来福服务中心~贵阳工作站,26.582721,106.721323
重庆顶津食品有限公司,26.583192,106.722578
新发现广告,26.582231,106.721564
贵州宏利物业有限公司,26.583517,106.724103
贵州一新群艺软膜广告装饰有限公司,26.579533,106.721921
国询建设投资咨询公司,26.583517,106.724103
贵州心典律师事务所,26.582741,106.721383
贵州大马车广告发展有限公司,26.581404,106.721852
贵阳房屋经营建设公司,26.583517,106.724103
南洋印务,26.581636,106.721656
布标锦旗,26.581386,106.721617
贵州省体委大院,26.583396,106.722889
林城兴水劳务工程公司,26.579889,106.721527
商奇广告,26.582081,106.721422
贵州金广源广告工厂店,26.581899,106.721572
天龙广告,26.581636,106.721656
创世起航广告,26.58119,106.721628
文福律师事务所,26.583504,106.725306
星光广告,26.582231,106.721564
贵州合盛元典当有限公司,26.581493,106.724416
贵阳云岩嘉恒会计代理记账有限公司,26.582796,106.72121
德胜广告,26.58098,106.722068
家城房地产营销策划公司,26.579889,106.721527
兰香阁婚礼策划,26.58336,106.723271
侨新物资贸易有限公司,26.58342,106.724148
鑫康工程(都司高架桥路),26.579835,106.721779
中电三都新能源有限公司,26.580337,106.724774
贵州大地建设集团市政工程有限责任公司,26.581098,106.724126
益丰担保,26.581493,106.724416
白洋广告,26.580695,106.721726
贵州神运代理记账公司,26.583192,106.722578
贵阳晚报-分类广告办理处,26.583359,106.723258
贵州四季风采旅游有限公司,26.579131,106.722019
厚泽远卓资询,26.583325,106.72358
贵州黔一定达快运有限公司曹状元街营业点,26.579478,106.721726
新欣彩印厂,26.579123,106.721439
思远广告,26.582007,106.721503
贵州喜结彩庆典策划有限公司,26.580375,106.721777
超薄灯箱厂,26.581465,106.721884
尚宴励郅餐饮开发有限公司,26.581221,106.724021
贵州太平洋国际旅行社中山东路营业部,26.583415,106.723472
意大利依玛贵州家家暖供热设备公司,26.582828,106.721219
百分百广告设备,26.582362,106.72126
贵州省仁怀市茅台镇世家酒业销售有限公司,26.581344,106.724605
智达阳光文化传播公司,26.579889,106.721527
中大房地产开发公司,26.581493,106.724416
贵州嘉润建筑装饰工程有限公司,26.583634,106.725584
美天广告,26.581068,106.722731
金晟广告,26.581885,106.721938
嘉禾广告,26.582066,106.721587
凌云交通工程公司,26.580345,106.72129
贵州乐来乐好文化传播有限公司,26.583315,106.723571
贵阳新闻报刊发行物流有限公司,26.583493,106.72337
贵州三益物流有限公司,26.579889,106.721527
贵州君和会计师事务所,26.583192,106.722578
黔慧通工程造价事务有限公司,26.583501,106.725305
盛方信息科技,26.583325,106.72358
周密广告策划公司,26.580375,106.721777
贵州山天建设投资咨询有限公司,26.582741,106.721383
世纪标牌,26.58119,106.721628
盛事达酒业销售公司,26.579889,106.721527
锦霖广告,26.58173,106.721893
金凯威广告,26.580625,106.721774
贵州瑞康达医疗器械有限公司,26.583325,106.72358
山源广告,26.581231,106.721946
造梦广告,26.581001,106.722117
贵阳忆力传播文化有限公司,26.582843,106.721282
贵阳房都汇不动产经纪有限公司,26.579167,106.723896
贵州林峻科技有限公司,26.580375,106.721777
贵州福一红广告有限公司,26.58173,106.721893
兴丰装潢,26.580999,106.721952
贵阳天极标牌有限公司,26.582741,106.721383
也山广告,26.579835,106.721779
东成风文化传媒,26.583328,106.722408
智枫数码广告有限公司,26.582028,106.72215
宏安捷广告,26.579835,106.721779
贵州飞凡达装饰工程有限公司,26.57958,106.721808
贵阳鹏翔营销有限公司,26.582741,106.721383
贵阳华亿彩印包装有限公司,26.581291,106.722072
追梦广告,26.58104,106.722098
欣力发公司,26.581636,106.721656
鹏博广告,26.58003,106.721884
贵阳超凡广告有限公司,26.583192,106.722578
贵州水投行天下旅行社有限公司,26.579822,106.721571
尚域,26.579785,106.725064
贵州足够好电子商务有限公司,26.583278,106.722268
江苏常州华东装饰有限公司贵阳分公司,26.581097,106.724129
港务公司贵阳办事处,26.579889,106.721527
茅台贵州王全国营销总部,26.582741,106.721383
贵州山久经贸有限公司,26.579889,106.721527
贵阳大都市房地产经纪有限公司,26.583191,106.722578
合众广告,26.582712,106.721718
添福广告,26.581594,106.722036
贵州粤信达金属制品有限公司,26.579591,106.722274
贵州东景经贸有限公司,26.581493,106.724416
贵阳锦江物业管理公司,26.580228,106.724788
贵州硕翊矿山科技公司,26.579889,106.721527
贵州宇典装饰,26.583192,106.722578
贵州仁文广告有限公司贵州联运会展服务有限公司,26.579835,106.721779
华元广告装饰,26.580513,106.722095
贵阳华通电子有限公司,26.580375,106.721777
贵州橙橙天科技有限公司,26.583498,106.7253
华航设计装饰,26.58173,106.721605
中国新闻社(贵州分社),26.581493,106.724416
贵阳市君联物业管理公司,26.58336,106.72327
盛力广告装饰,26.582079,106.721857
贵能安全环保工程公司,26.579889,106.721527
盈科广告,26.580362,106.721792
贵州和信泰健科贸公司,26.583192,106.722578
贵州林莱特照明电器有限公司,26.583191,106.722578
贵州万兴电子有限公司,26.582721,106.721323
空间婚庆,26.582782,106.721263
伍峰光电,26.582028,106.72215
贵阳聚星光显奔腾广告,26.580834,106.721875
中化矿产技术咨询服务公司,26.579889,106.721527
中国化学工程第七建设公司贵州分公司,26.579889,106.721527
美意空调设备公司,26.583192,106.722578
博浩装饰,26.582741,106.721383
贵州德正荣融资理财信息咨询有限公司,26.583226,106.721341
贵州幸福前程旅游有限公司,26.583493,106.72337
贵阳房龙网,26.582721,106.721323
贵阳龙达投资咨询公司,26.583192,106.722578
贵州天富光电科技有限公司,26.58173,106.721893
惠尔普劳务服务有限公司,26.579889,106.721527
金茅酒业集团销售公司,26.579889,106.721527
贵州中路安交通公司,26.58034,106.721316
贵州盛世天晟商贸有限公司,26.579634,106.722711
运源广告,26.581885,106.721938
望成企业,26.583325,106.72358
贵阳浩海物资科技公司,26.579889,106.721527
贵州激活广告有限公司,26.583325,106.72358
馨雅庭装饰广告,26.579359,106.722081
贵州领酱时代酒业有限公司,26.580374,106.721777
义博会计师事务所公司,26.579889,106.721527
今日装饰工程,26.581182,106.722027
凯旋广告制作部,26.582485,106.722381
贵州创成科技有限公司,26.583192,106.722578
晟鼎房地产经纪公司,26.579889,106.721527
贵州省华能广告制作部,26.581849,106.721237
江西园艺贵州分公司,26.583525,106.725539
贵州泰立恒盛工贸有限公司,26.580375,106.721777
贵州三融财务咨询公司,26.579889,106.721527
贵阳鸿基广告材料,26.580879,106.722457
贵阳华龙博艺装饰工程有限公司,26.581097,106.724129
贵州中实信矿业有限公司,26.579889,106.721527
贵阳银座电影有限责任公司,26.583197,106.722584
贵州礼拜八连锁便利有限公司,26.583493,106.72337
贵州鑫瑞酒汇商贸有限公司,26.58274,106.721383
立达来广告,26.580785,106.721591
衆鑫广告,26.581623,106.722025
华致酒行连锁管理公司,26.581493,106.724416
永邦开疆广告,26.58088,106.721699
SGO音乐工厂,26.583325,106.72358
腾达飞速广告,26.580625,106.721774
东方高盛投资顾问,26.583325,106.72358
明艺广告,26.581636,106.721656
贵阳海信诚实业发展有限公司,26.582721,106.721323
象鑫广告,26.58173,106.721893
中天能源,26.58088,106.721699
新未来广告,26.582007,106.721503
贵阳卓信代办理注册香港海外离岸公司,26.582749,106.721191
中国互联网络(贵州)信息中心,26.582721,106.721323
贵阳康明科技开发公司,26.579889,106.721527
贵州诚信堂生物科技有限公司,26.582721,106.721323
温州华泰印业有限公司,26.582063,106.721844
青酒贵阳办事处,26.583587,106.723655
曙光科技,26.580917,106.722196
天宸广告,26.58119,106.721628
金龙广告装饰公司,26.58091,106.721416
晨煦新型建材科技发展公司,26.579889,106.721527
力森房地产开发公司,26.579889,106.721527
富诚行房地产经纪公司,26.580375,106.721777
龙滕广告,26.58088,106.721699
贵阳亿丰广告,26.582028,106.72215
天时达,26.582736,106.721225
贵州恒盛达招投标有限公司,26.581097,106.724129
贵州文鼎思源科技有限公司,26.581097,106.724129
贵州聚福酒业有限公司,26.582721,106.721323
天昊广告,26.582798,106.721411
贤龙广告,26.58245,106.721469
普惠实业公司,26.583192,106.722578
贵阳佳美房地产开发有限公司,26.583197,106.722584
贵州久典防水保温公司,26.579889,106.721527
贵州建工物资有限公司,26.581098,106.724126
贵阳艺神广告有限公司,26.580383,106.72169
韵达快递,26.579284,106.723888
贵阳幸福树不动产经纪有限公司护国路店,26.580755,106.723891
贵阳中国旅行社(中山东路店),26.583371,106.722418
贵州云印图文制作有限公司,26.580916,106.721982
雀友全自动麻将机富水南路专卖店,26.579574,106.722441
成都华樱出国服务股份有限公司(贵州分公司),26.581694,106.724514
贵州省中国旅行社有限责任公司护国路营业部,26.579473,106.723991
文昌图文,26.582362,106.725522
印象图文广告,26.58078,106.721458
贵阳新闻旅行社,26.583493,106.72337
贵州青旅都司路营业部,26.580409,106.724658
贵州四信酒业销售有限公司旗舰店,26.579225,106.723967
艳姿婚庆-私人婚礼策划中心,26.58336,106.72327
贵州光阴故事文化传播有限公司,26.581857,106.726734
横店影视城有限责任公司,26.58231,106.725881
贵州纵贯律师事务所,26.582663,106.726362
贵州思语律师事务所,26.581377,106.726805
绿地环保股份省医污水处理站,26.581412,106.729416
万东房地产开发公司,26.5809,106.728783
康宜家空间装饰设计有限公司,26.581732,106.725977
万东花鸟市场物业管理公司,26.5809,106.728783
海达联合会计师事务所,26.583607,106.72622
服务公司原生农场直营店,26.581607,106.729837
贵阳凯博医疗设备公司,26.583606,106.72622
南京聚奢网络科技有限公司(贵阳分公司),26.582185,106.726532
深圳市一品汇钻石珠宝有限公司贵阳分公司,26.581963,106.726103
贵州创谐保安有限公司,26.581257,106.727256
贵阳深龙城物业管理有限公司亨特国际管理处,26.581695,106.726267
贵州鱼旨餐饮管理有限公司,26.58192,106.72613
贵阳广寒宫明亮御铺饮食有限公司,26.582907,106.72589
阳光西部企业管理公司,26.579663,106.726426
中国基础设施勘察设计建设集团,26.581281,106.727176
贵州联盛宏达建筑工程有限公司,26.583251,106.727998
贵侦商务调查有限公司,26.581349,106.726819
贵阳市建筑安装工程股份有限公司,26.579183,106.726999
贵阳贵兴房地产有限公司,26.583605,106.726221
贵州趣物生活贸易有限公司,26.581914,106.726066
中共贵阳市建筑安装工程股份有限公司党支部,26.579167,106.726977
中国中建设计集团总部设计五院,26.581243,106.727226
贵州三维房地产开发公司,26.583606,106.72622
贵州海豚心健康信息咨询有限公司,26.581528,106.726754
菜鸟驿站,26.580525,106.728287
龙归园办事处,26.580364,106.732574
贵州博方民族药业开发有限公司,26.580374,106.730657
贵阳市医药有限公司,26.581639,106.731549
贵州夹岩水利枢纽工程公司,26.580481,106.732401
贵州黔水工程监理公司,26.580427,106.732093
贵州黄平野洞河旅游开发公司,26.580687,106.733571
佳晟消防设备有限公司,26.582084,106.732131
贵阳东新化工有限公司,26.580774,106.733358
贵阳亚太旅行社有限公司,26.58073,106.733435
菜鸟驿站(南明区-辉煌小区近邻宝智能快件箱),26.58005,106.733991
贵州省花灯剧团,26.580557,106.733245
贵阳天利和化工有限公司,26.580492,106.732587
贵州英特翻译公司,26.580364,106.732574
贵阳瑞晟化玻有限公司,26.582055,106.731539
贵州自然之旅旅游有限公司,26.580585,106.733347
贵州百居易装饰工程有限公司,26.580695,106.733567
贵州林泉医药有限公司,26.580364,106.732574
中共贵州侗家餐饮文化管理有限公司支部委员会,26.580448,106.732738
贵州泰坦-泰坦电气-泰坦软件-贵州泰坦电气系统有限公司,26.580364,106.732574
贵阳振兴化工分公司供应站,26.581829,106.731702
贵州金龙客车销售有限公司,26.580515,106.733286
贵丰实业发展有限公司,26.580364,106.732574
东方世纪,26.580364,106.732574
贵阳日化厂,26.579126,106.733737
任子行网络技术股份有限公司贵州分公司,26.580585,106.733347
贵州誉诚裕工贸有限公司,26.580944,106.731635
贵州兴泰科技有限公司,26.580364,106.732574
电池,26.579608,106.73325
贵阳凯泰化工科技开发有限公司,26.580585,106.733347
贵阳四海环艺园林工程有限公司,26.580694,106.733571
贵州华源环保科技发展有限公司,26.580698,106.733579
贵州南建电力安装工程有限公司,26.580695,106.733572
贵州房客多房地产营销策划有限公司,26.579761,106.733162
遵义市水电工程建设总公司贵阳分公司,26.580691,106.733574
贵州中兴化工物资有限公司,26.581829,106.731702
贵州侗乡生态农业科技发展有限公司贵州营运中心,26.580515,106.733286
贵州美迪克医疗设备有限公司,26.580585,106.733347
贵阳华南信息产业有限公司,26.580585,106.733347
贵州慈惠医药有限公司,26.580642,106.733419
华联通国际物流贵阳办事处,26.580364,106.732574
贵州迪生光电科技有限公司,26.58131,106.731691
贵州(韩国)东洋电梯有限公司,26.580691,106.733566
禾力建筑物拆除公司,26.580364,106.732574
贵州欧力科技有限公司,26.580364,106.732574
浙江捷诚消防科技公司贵州分公司,26.580364,106.732574
贵州视安科技有限公司,26.580626,106.733479
贵阳勤情礼品有限公司,26.580585,106.733347
贵州裕晨贸易有限公司,26.580691,106.733573
天瑞化工,26.579226,106.73371
贵州网络技术有限公司,26.580515,106.733286
贵州深宏业物业服务有限公司,26.579457,106.734189
广州惠帮装饰工程公司贵阳分公司,26.580364,106.732574
贵州国辉实业有限公司,26.580515,106.733286
贵州科讯文化传媒有限公司,26.580515,106.733286
广州新达广告驻贵阳办事处,26.580364,106.732574
贵州月亮山保健品有限公司,26.580364,106.732574
贵州德力恒科技有限公司,26.580364,106.732574
贵州中祥标准认证有限责任公司,26.580687,106.733572
贵州佑昌专业照明,26.580364,106.732574
贵州丰林物资有限公司,26.580364,106.732574
SP专业机构,26.581698,106.734762
贵州长禹建设工程有限公司,26.580515,106.733286
贵州海翔机电有限公司,26.580364,106.732574
贵州桦建工程造价咨询有限公司,26.580585,106.733347
贵州垒城科技发展有限公司,26.580363,106.732574
贵州中实信矿业咨询有限公司,26.580515,106.733286
瑞弋广告有限公司,26.580364,106.732574
贵阳学孚教育咨询服务有限公司,26.580585,106.733347
贵州中孜土地资源开发有限公司,26.580585,106.733347
贵州福海贸易有限公司,26.580691,106.73357
黔菲供热技术有限公司,26.580363,106.732574
北京金支点技术服务有限公司,26.58069,106.733573
芝麻开门传媒有限公司,26.580364,106.732574
贵阳筑誉商贸有限公司,26.580691,106.733573
广州广骏工程监理公司,26.58069,106.73357
贵州赛维诺网络科技有限公司,26.57962,106.733919
完美三生堂工作室,26.580364,106.732574
君为企业,26.580364,106.732574
贵州康达美健康咨询有限公司,26.583101,106.73176
贵州合鑫源文化传播有限公司,26.580492,106.732399
中恒工贸,26.582255,106.731374
贵州德励科技有限公司,26.580364,106.732574
陋室铭装饰设计,26.580364,106.732574
欣达华康贵阳工作站,26.580515,106.733286
贵州民爆服务站,26.580689,106.733574
贵州美迪克治疗设备有限公司,26.580515,106.733286
华勋贸易有限责任公司,26.580364,106.732574
贵州万隆旅行社有限公司,26.580364,106.732574
贵州禧尚鲜贸易有限公司,26.580515,106.733286
贵州力德房地产开发公司,26.580364,106.732574
贵阳凯捷创展商贸有限公司,26.580862,106.733472
贵州梦喜龙国际商务公司,26.580364,106.732574
贵阳立众装饰工程有限公司,26.580695,106.73357
锐援信息技术有限公司,26.580364,106.732574
星威消防科技有限公司,26.580364,106.732574
贵州雷力数字建筑技术有限公司,26.580581,106.733347
天源玉竹林电脑保姆服务中心,26.580364,106.732574
九鼎企业集团贵州分公司,26.580585,106.733347
贵州江月兴科技有限公司,26.580515,106.733286
贵阳昶兴劳务有限公司,26.580515,106.733286
贵州逸飞科技有限公司,26.580687,106.73357
美日奥捷新型建材公司,26.580364,106.732574
贵州汉盾科技有限公司,26.580596,106.733341
贵州锦运兴商贸有限公司,26.580585,106.733347
贵州亿晶升贸易有限公司,26.582055,106.731539
北京希益丰科技有限公司,26.580695,106.733574
贵州新美标装饰公司,26.580364,106.732574
湖南建达物流有限公司贵州分公司,26.58069,106.733567
中国银行中小企业业务中心,26.579678,106.734029
贵州鸣龙科贸有限公司,26.580364,106.732574
贵州亿林装饰工程有限公司,26.580695,106.733568
咫上广告设计,26.581323,106.734429
贵州互生通科技有限公司,26.580515,106.733287
大全水电设备安装公司,26.580364,106.732574
中航天建筑工程有限公司贵州分公司,26.580585,106.733347
贵州江月兴电气有限公司,26.580692,106.733574
贵阳银正物业管理有限公司,26.580515,106.733286
贵州鸿怡招标代理有限公司,26.58058,106.733621
贵阳恒晟商贸有限公司,26.580687,106.733571
贵州林德贸易有限公司,26.580687,106.733573
湖南省建筑工程集团总公司贵州分公司,26.580693,106.73357
汇峰楼宇设备有限公司,26.580364,106.732574
北京天舟通信有限公司贵州办事处,26.580695,106.733568
贵州民族乐团,26.580573,106.733414
贵州水文化旅游发展有限责任公司,26.579388,106.734086
贵阳中川化工公司,26.582255,106.731374
贵州盛利康公司,26.580585,106.733347
牛老大旅游食品有限责任公司,26.580694,106.733567
远平生态科技有限公司贵阳分公司,26.580585,106.733347
吉昌鸿宇装饰工程公司,26.580364,106.732574
中国工商银行小微企业金融服务中心,26.579678,106.734029
贵州豪海建筑工程有限公司,26.580515,106.733286
爱瑞科企业,26.580515,106.733286
贵州天长地久建设工程有限公司,26.580515,106.733286
贵州昊什科技有限公司,26.580687,106.733567
菜鸟驿站(水利电力校门口香榭丽舍楼下),26.579653,106.734536
醉苗乡餐饮投资管理公司,26.582419,106.731949
辉煌图文广告,26.579436,106.733551
贵州路桥集团有限公司,26.588165,106.718508
贵州城市人家装饰工程有限公司,26.586543,106.719435
贵州好时知识产权服务有限公司,26.584995,106.719822
好时律师事务所,26.585059,106.720145
天朝上品酒业(贵州)有限公司,26.585313,106.720568
前程无忧,26.587672,106.71933
大地财产保险贵州分公司,26.588052,106.719992
贵阳市中小企业服务中心,26.58508,106.721115
中国国际旅行社南国花锦营业部(凯都大厦),26.588052,106.719992
大仓库喜糖汇,26.585177,106.719814
东方建筑设计研究院有限公司贵州分公司,26.585756,106.718549
贵州天职律师事务所,26.58425,106.719406
贵州省拍卖有限公司,26.587985,106.718566
贵州臻信融会计师事务所有限公司,26.587672,106.71933
贵州德华商标事务所,26.584069,106.717205
贵州恒泰来医药公司,26.587672,106.71933
贵州仁祥医药有限公司,26.586808,106.719612
中国贵州茅台酒股份有限公司,26.585313,106.720568
贵州新讯高贸易有限公司,26.587634,106.71942
公达律师事务所,26.587985,106.718566
贵州合富辉煌房地产顾问有限公司,26.585696,106.718353
贵州省房地产交易市场,26.584069,106.717205
贵州中交贵都高速公路建设有限公司,26.588101,106.718665
佳一广告,26.585931,106.717373
贵州欣盛建设工程咨询有限公司,26.588052,106.719992
贵州山水国际旅行社,26.58632,106.718689
贵州新思翔科技发展有限公司,26.586695,106.719628
慧原律师事务所,26.586808,106.719612
卫虹医药电子商务公司,26.584292,106.719384
希望图文广告,26.584167,106.721143
贵阳市友家模型社,26.586756,106.719722
辰春药业(太平路店),26.587918,106.718189
贵阳金龙房地产开发有限公司,26.587985,106.718566
贵州今阳律师事务所,26.584991,106.716745
贵州瑞星固定消防设施维护有限公司,26.585071,106.720761
贵州泉源会计服务有限公司,26.585395,106.720476
贵州贵阳山里妹食品有限公司,26.587672,106.71933
贵州致远兴宏会计师事务所有限公司,26.585313,106.720568
唐德律师事务所,26.584312,106.719503
贵州云菲悦婚纱摄影有限公司,26.584974,106.716893
贵州劲嘉房地产开发有限公司,26.585756,106.718549
浙江宇视科技有限公司,26.588052,106.719993
贵州三联企业集团公司,26.587684,106.718627
贵州鼎泰国际旅行社有限公司,26.585645,106.718331
贵州燃气天然气支线管道有限公司,26.586625,106.719199
贵阳苏宁云商销售有限公司,26.587672,106.71933
贵阳总公司—贵州尚家艺建筑装饰工程有限公司,26.58757,106.719774
香港名创装饰,26.588052,106.719992
贵州致优汇贸易有限公司,26.588051,106.719992
贵州开阳浩然建筑劳务有限公司,26.586694,106.719833
重庆东瀚科技有限公司贵阳分公司,26.588182,106.718117
OTIS授权代销商,26.587672,106.71933
贵州百岁惠泽健康管理有限公司,26.586756,106.719722
裕欣隆源广告有限公司,26.586796,106.72047
贵州分众广告传播有限公司,26.585756,106.718549
贵州万华科技有限公司,26.58564,106.718326
年轻人的聚会空间,26.585136,106.717565
顶新国际集团德克士贵阳营运中心,26.588052,106.719992
西奥电梯有限公司,26.587672,106.71933
卓信建设技术招标代理公司,26.588052,106.719992
贵州德荣数码设计制作公司,26.587117,106.719672
爱瑞恒达科技公司,26.586805,106.719833
曼蒂菲尔时尚婚策,26.587176,106.719554
贵州东景房地产开发有限公司,26.587985,106.718566
贵州华顿律师事务所,26.587985,106.718566
贵州万顺堂药业有限公司,26.584292,106.719384
贵阳勤信财务代理有限公司,26.587672,106.71933
海信电视用户服务部,26.586625,106.719199
贵州天界达商务会展有限责任公司,26.586625,106.719199
中国户外资料网贵州大本营,26.585199,106.719735
中海贵州物流有限公司,26.584293,106.719384
冠群驰骋投资管理(北京)有限公司贵阳分公司,26.585756,106.718549
晶隆贸易有限公司,26.587608,106.719508
贵阳吉日良辰婚庆策划有限公司,26.587276,106.717876
贵州标帝知识产权服务有限公司,26.587672,106.71933
贵州华一智慧新梦想职业规划发展有限公司,26.58757,106.719774
贵州·星征婚礼馆,26.587672,106.71933
贵州康柏瑞商贸有限公司,26.587672,106.71933
顺合银泰贸易公司,26.588052,106.719992
贵州省黔美基础工程公司工会委员会,26.587672,106.71933
威克律师事务所,26.587672,106.71933
中国期刊咨询网,26.587672,106.71933
贵州庆丰旅游产品有限公司,26.587672,106.71933
贵州煜立电子科技有限公司,26.587672,106.71933
贵州宜佰分装饰工程有限公司,26.587672,106.71933
贵阳扬升房地产开发有限公司,26.588096,106.718664
爽爽城市灯光亮化工程公司,26.588052,106.719992
贵阳金旭服饰有限公司,26.588052,106.719992
贵州朝华明鑫律师事务所,26.587672,106.71933
贵州省黔美基础工程公司,26.587672,106.71933
福建省泷澄建设集团贵州公司,26.587117,106.719672
贵阳七彩阳光文化传播有限公司,26.587672,106.71933
上海熊猫机械集团,26.587672,106.71933
贵州帝兰德贸易有限公司,26.588052,106.719992
贵州盛世黔韵文化传播有限公司,26.588052,106.719992
贵州金跃房地产开发有限公司,26.587672,106.71933
贵州信成科技实业有限公司,26.587672,106.71933
贵阳多乾贸易有限公司,26.586756,106.719722
亮途商贸有限公司,26.586722,106.719689
贵州感观世界文化传媒有限公司,26.585452,106.720547
尤尼泰(贵州)税务师事务所有限公司,26.585313,106.720568
贵州麦肯建筑装饰有限公司,26.584253,106.71927
贵阳林泰国际贸易有限公司公司,26.584292,106.719384
普众律师,26.586294,106.718352
贵州宏佳百业贸易有限公司,26.586756,106.719722
贵州远福化工有限公司,26.586694,106.719833
贵州鹏程中合商贸有限公司,26.584293,106.719384
贵州黔映文化传媒有限公司,26.586625,106.719199
青虹管理咨询服务有限公司青虹学子网,26.586625,106.719199
乐安居装饰公司,26.585468,106.718447
贵阳光学电子仪器公司,26.585381,106.719433
贵州风光假期旅行社有限公司,26.585756,106.718551
智杰公司,26.585177,106.719814
贵州甘霖禾一酒业有限公司,26.586625,106.719199
贵州云健体育用品有限公司,26.586625,106.719199
贵阳凯维绿色食品开发有限公司,26.587611,106.716917
证联融通电子有限公司,26.588052,106.719992
贵阳宗润置业有限公司,26.588052,106.719992
贵州飘香河酒业有限公司,26.587322,106.719254
新目标文化传播公司,26.588052,106.719993
煜业商贸有限公司,26.588184,106.719522
澳铭凯进出口贸易公司,26.588051,106.720002
贵阳欣成佳信息咨询服务公司,26.587684,106.718627
贵阳市华亨达寄卖有限公司,26.587902,106.717059
三菱电视空调影像设备上海公司贵阳办事处,26.588052,106.719992
九牧王股份有限公司贵阳分公司,26.587672,106.71933
贵阳龙港物业管理有限公司,26.587985,106.718566
维信地产经纪公司,26.588052,106.719992
贵州铭疮商标事务所,26.586756,106.719722
广东华禹工程咨询有限公司,26.584293,106.719384
贵州百岁惠泽健康管理有限限公司行政办公室,26.586756,106.719722
贵州冠裕科技发展公司,26.584292,106.719384
贵州迪赛妮贸易有限公司,26.586625,106.719199
贵阳缘醒广告设计有限公司,26.586625,106.719199
贵州诚黔宏鑫商贸有限责任公司,26.585313,106.720568
鸿伟投资咨询有限公司,26.586625,106.719199
贵州瑞安水泥发展管理有限公司,26.585756,106.718549
银大贵金属贵州分公司,26.58412,106.719287
集瑞公司,26.585177,106.719814
贵州鼎辉泰健康信息咨询有限公司,26.586625,106.719199
贵州艺声文华艺术公司,26.586808,106.719612
贵州琪思凯服饰股份有限公司,26.586625,106.719199
贵阳建设控股,26.584045,106.716673
大兴德投资咨询公司,26.586625,106.719199
贵州省家装行业服务指导中心,26.58539,106.719513
贵州赤诚银马广告传媒有限公司,26.585313,106.720568
贵阳科一眼镜有限公司,26.584292,106.719384
贵州木力商贸有限公司,26.586756,106.719722
贵阳友谊(集团)有限公司,26.584552,106.719462
贵州中联通和资产评估事务有限公司,26.586694,106.719833
贵州腾跃商贸有限公司,26.586625,106.719199
贵阳天天商贸有限公司,26.586873,106.72011
中孚律师事务所,26.584293,106.719384
亨特房地产开发公司,26.584292,106.719384
贵州巨人电梯有限公司,26.586756,106.719722
贵州兴翊诚商贸有限公司,26.586756,106.719722
贵州盛世汇通商业发展有限责任公司,26.586625,106.719224
贵阳中西房地产开发有限公司,26.585217,106.716974
贵阳中心房地产开发有限公司,26.585217,106.716974
贵州天和金安财富管理有限公司,26.584471,106.719568
台湾品墨空间设计,26.586756,106.719722
根树林集团,26.586694,106.721112
速匯控股集团,26.584293,106.719384
四川川大智胜系统集成有限公司贵阳办事处,26.586756,106.719722
贵州盛置房开公司,26.586694,106.721108
名宇巴古斯,26.584399,106.719576
贵州裕美房地产开发有限公司,26.584421,106.71958
贵州宏翔达工程建设有限公司,26.586625,106.719199
酉佳投资担保公司,26.588052,106.719992
贵州鸿智达文化传播有限公司,26.587672,106.71933
贵州竣程矿产资源技术咨询有限公司,26.587672,106.71933
恒海天MINI交易体验厅,26.587117,106.719672
贵州蓝天装饰工程有限公司,26.587583,106.719575
贵州星征途文化传播有限公司,26.587672,106.71933
中国共产党贵州省黔美基础工程公司总支部委员会,26.587672,106.71933
贵州乐达会展有限公司,26.588052,106.719992
贵州林芝贸易有限公司,26.586625,106.719199
贵阳德安信教育信息咨询有限公司,26.586796,106.719594
信和汇金信息咨询(北京)有限公司贵阳分公司,26.585652,106.718345
北极龙集团,26.586453,106.719211
阳光辅导体验馆,26.586625,106.719199
金日尚品,26.586625,106.719199
圣原公司,26.584426,106.717367
贵州中正拍卖有限公司,26.586504,106.719549
北京雷威数码传媒公司,26.584292,106.719384
一铭软件股份有限公司贵州分公司,26.586756,106.719722
贵阳风驰科技有限公司,26.586808,106.719612
贵阳旭之佳商贸有限公司,26.586808,106.719612
众道嘻嘻网体验中心,26.586756,106.719722
通和资产评估事务公司,26.586694,106.719833
雷克亚,26.586756,106.719722
贵州小金鱼贸易有限公司,26.586625,106.719199
贵阳市私营企业协会,26.585336,106.720139
广东海信冰箱营销贵阳分公司,26.586625,106.719199
贵州安启辰科技有限公司,26.584222,106.719373
唯美康有限公司,26.584421,106.71958
贵州胜江南绿色产业有限公司,26.585647,106.71833
中国国际旅行社(合群路),26.584293,106.719384
贵州省中国旅行社,26.585672,106.718344
贵阳幸福树不动产经纪有限公司小十字店,26.584364,106.720976
希望图文广告,26.587688,106.718623
新华图文广告,26.585984,106.718114
艺源广告快印,26.583904,106.716651
东晨图文广告,26.587726,106.719362
速比度广告快印,26.583684,106.716673
贵州鸿尔泰矿业投资开发有限公司,26.585644,106.718325
贵阳晚报,26.58394,106.722278
贵阳日报社,26.58415,106.724162
圆通快递(民生路),26.584772,106.722691
贵阳晚报广告部,26.583826,106.722521
黔灵女家政服务公司,26.586838,106.723234
天天快递有限公司,26.584611,106.722753
贵阳宝隆印刷有限公司,26.583705,106.724779
味纯园食品股份有限公司,26.586074,106.723513
海峡阳光国旅,26.584098,106.725257
宅急送(省府东路),26.587076,106.722917
贵阳演艺集团有限公司,26.583691,106.72182
北京华联综合超市股份有限公司贵阳第三分公司,26.587586,106.721369
传美中药材贸易公司,26.583919,106.72207
汤工厂(报业大厦店),26.583811,106.72215
贵州亚信会计师事务所有限公司,26.583727,106.724261
尘香婚典,26.586663,106.722251
小天使玩具设备有限公司,26.587102,106.72339
贵州量子科技发展有限公司,26.586563,106.723196
贵阳华科联众科技有限公司,26.584994,106.725051
贵州华祥矿产有限责任公司,26.584248,106.721639
贵阳影业发展有限公司,26.585562,106.721385
贵阳楼市网,26.583784,106.722406
健康之路报社,26.583829,106.722055
贵州龙禧旅行社有限责任公司,26.58428,106.721454
博馨相框加工厂,26.586412,106.722018
贵州青旅小十字营业部,26.58369,106.72171
辰春药业(蔡家街店),26.584437,106.723806
博亚方圆广告,26.587862,106.722963
贵阳久时吧餐饮文化传播有限公司,26.58729,106.724978
基础教育探索编辑部,26.586267,106.724803
贵阳高之山贸易有限公司,26.584252,106.721569
国珍健康生活馆,26.585682,106.723739
贵州全程吉投资咨询,26.58493,106.721904
贵阳市云岩区中东法律服务所,26.584784,106.72351
贵阳兴华房地产开发有限公司,26.585132,106.725055
宏诚居房地产有限公司,26.586502,106.725054
贵州蓝氏关系企业,26.58428,106.721454
贵阳八达隆婚礼庆典发展有限公司,26.584326,106.721472
贵阳升远房地产开发有限公司,26.584719,106.723497
乐嘉电子,26.58431,106.721481
美国新百伦公司,26.583675,106.724028
启成科技,26.583667,106.721593
罗氏迅展科技,26.585642,106.723739
贵阳市第三建筑工程处,26.584791,106.723044
国通快递(宝山营业部小十字站点),26.586223,106.725034
人保财险贵阳分公司车商营业部,26.583942,106.726334
贵阳市驾驶员就业中心,26.583922,106.726629
贵州太平洋国际旅行社(文昌北路店),26.585795,106.726168
丹麦奥迪康助听器专营店,26.586068,106.726831
贵阳科仪化玻有限公司,26.584187,106.729811
助听器验配服务中心,26.585322,106.73003
贵阳采蝶铝门窗有限公司,26.584961,106.726931
贵州伟业地产营销策划有限公司,26.587396,106.726124
贵州黄河保安有限公司,26.587582,106.729318
优赞进出口贸易有限公司,26.586509,106.726471
宝福山陵园王老五丧葬一条龙服务店,26.586308,106.725826
贵州杰诚中信物业管理有限公司,26.585322,106.73003
四川爱之声医疗器械有限公司贵阳分公司,26.583888,106.729833
丧葬一条龙,26.585279,106.726462
心心制衣中心,26.587083,106.727565
贵州语豪教学仪器设备公司,26.583964,106.72784
源盛会计公司,26.586719,106.727984
创新广告装横部,26.587186,106.728746
丹麦助听器,26.583914,106.730227
美佳图文广告,26.586115,106.72583
宏达图文广告,26.585824,106.726619
百事通旅行社(东新路营业部),26.586007,106.72678
贵州百事通旅行社有限公司中山东路营业部,26.583877,106.728944
贵州茅台酒厂(集团)有限责任公司驻贵阳办事处,26.586023,106.732549
分析仪器化验设备,26.584034,106.73044
贵阳新科析仪器成套公司,26.584082,106.730408
贵州锡仪仪器有限公司,26.584511,106.730268
瑞星消防检测,26.586669,106.732083
贵州营运总部,26.585107,106.730837
贵阳欣兴星物资有限公司,26.584064,106.730321
