id,lat_down,lat_up,lng_left,lng_right
1,26.369862,26.3789594,106.566514,106.5756114
2,26.369862,26.3789594,106.5756114,106.5847088
3,26.369862,26.3789594,106.5847088,106.5938062
4,26.369862,26.3789594,106.5938062,106.6029036
5,26.369862,26.3789594,106.6029036,106.612001
6,26.369862,26.3789594,106.612001,106.6210984
7,26.369862,26.3789594,106.6210984,106.6301958
8,26.369862,26.3789594,106.6301958,106.6392932
9,26.369862,26.3789594,106.6392932,106.6483906
10,26.369862,26.3789594,106.6483906,106.657488
11,26.369862,26.3789594,106.657488,106.6665854
12,26.369862,26.3789594,106.6665854,106.6756828
13,26.369862,26.3789594,106.6756828,106.6847802
14,26.369862,26.3789594,106.6847802,106.6938776
15,26.369862,26.3789594,106.6938776,106.702975
16,26.369862,26.3789594,106.702975,106.7120724
17,26.369862,26.3789594,106.7120724,106.7211698
18,26.369862,26.3789594,106.7211698,106.7302672
19,26.369862,26.3789594,106.7302672,106.7393646
20,26.369862,26.3789594,106.7393646,106.748462
21,26.369862,26.3789594,106.748462,106.7575594
22,26.369862,26.3789594,106.7575594,106.7666568
23,26.369862,26.3789594,106.7666568,106.7757542
24,26.369862,26.3789594,106.7757542,106.7848516
25,26.369862,26.3789594,106.7848516,106.793949
26,26.369862,26.3789594,106.793949,106.8030464
27,26.369862,26.3789594,106.8030464,106.8121438
28,26.369862,26.3789594,106.8121438,106.8212412
29,26.369862,26.3789594,106.8212412,106.8303386
30,26.369862,26.3789594,106.8303386,106.839436
31,26.369862,26.3789594,106.839436,106.8485334
32,26.3789594,26.38805681,106.566514,106.5756114
33,26.3789594,26.38805681,106.5756114,106.5847088
34,26.3789594,26.38805681,106.5847088,106.5938062
35,26.3789594,26.38805681,106.5938062,106.6029036
36,26.3789594,26.38805681,106.6029036,106.612001
37,26.3789594,26.38805681,106.612001,106.6210984
38,26.3789594,26.38805681,106.6210984,106.6301958
39,26.3789594,26.38805681,106.6301958,106.6392932
40,26.3789594,26.38805681,106.6392932,106.6483906
41,26.3789594,26.38805681,106.6483906,106.657488
42,26.3789594,26.38805681,106.657488,106.6665854
43,26.3789594,26.38805681,106.6665854,106.6756828
44,26.3789594,26.38805681,106.6756828,106.6847802
45,26.3789594,26.38805681,106.6847802,106.6938776
46,26.3789594,26.38805681,106.6938776,106.702975
47,26.3789594,26.38805681,106.702975,106.7120724
48,26.3789594,26.38805681,106.7120724,106.7211698
49,26.3789594,26.38805681,106.7211698,106.7302672
50,26.3789594,26.38805681,106.7302672,106.7393646
51,26.3789594,26.38805681,106.7393646,106.748462
52,26.3789594,26.38805681,106.748462,106.7575594
53,26.3789594,26.38805681,106.7575594,106.7666568
54,26.3789594,26.38805681,106.7666568,106.7757542
55,26.3789594,26.38805681,106.7757542,106.7848516
56,26.3789594,26.38805681,106.7848516,106.793949
57,26.3789594,26.38805681,106.793949,106.8030464
58,26.3789594,26.38805681,106.8030464,106.8121438
59,26.3789594,26.38805681,106.8121438,106.8212412
60,26.3789594,26.38805681,106.8212412,106.8303386
61,26.3789594,26.38805681,106.8303386,106.839436
62,26.3789594,26.38805681,106.839436,106.8485334
63,26.38805681,26.39715421,106.566514,106.5756114
64,26.38805681,26.39715421,106.5756114,106.5847088
65,26.38805681,26.39715421,106.5847088,106.5938062
66,26.38805681,26.39715421,106.5938062,106.6029036
67,26.38805681,26.39715421,106.6029036,106.612001
68,26.38805681,26.39715421,106.612001,106.6210984
69,26.38805681,26.39715421,106.6210984,106.6301958
70,26.38805681,26.39715421,106.6301958,106.6392932
71,26.38805681,26.39715421,106.6392932,106.6483906
72,26.38805681,26.39715421,106.6483906,106.657488
73,26.38805681,26.39715421,106.657488,106.6665854
74,26.38805681,26.39715421,106.6665854,106.6756828
75,26.38805681,26.39715421,106.6756828,106.6847802
76,26.38805681,26.39715421,106.6847802,106.6938776
77,26.38805681,26.39715421,106.6938776,106.702975
78,26.38805681,26.39715421,106.702975,106.7120724
79,26.38805681,26.39715421,106.7120724,106.7211698
80,26.38805681,26.39715421,106.7211698,106.7302672
81,26.38805681,26.39715421,106.7302672,106.7393646
82,26.38805681,26.39715421,106.7393646,106.748462
83,26.38805681,26.39715421,106.748462,106.7575594
84,26.38805681,26.39715421,106.7575594,106.7666568
85,26.38805681,26.39715421,106.7666568,106.7757542
86,26.38805681,26.39715421,106.7757542,106.7848516
87,26.38805681,26.39715421,106.7848516,106.793949
88,26.38805681,26.39715421,106.793949,106.8030464
89,26.38805681,26.39715421,106.8030464,106.8121438
90,26.38805681,26.39715421,106.8121438,106.8212412
91,26.38805681,26.39715421,106.8212412,106.8303386
92,26.38805681,26.39715421,106.8303386,106.839436
93,26.38805681,26.39715421,106.839436,106.8485334
94,26.39715421,26.40625161,106.566514,106.5756114
95,26.39715421,26.40625161,106.5756114,106.5847088
96,26.39715421,26.40625161,106.5847088,106.5938062
97,26.39715421,26.40625161,106.5938062,106.6029036
98,26.39715421,26.40625161,106.6029036,106.612001
99,26.39715421,26.40625161,106.612001,106.6210984
100,26.39715421,26.40625161,106.6210984,106.6301958
101,26.39715421,26.40625161,106.6301958,106.6392932
102,26.39715421,26.40625161,106.6392932,106.6483906
103,26.39715421,26.40625161,106.6483906,106.657488
104,26.39715421,26.40625161,106.657488,106.6665854
105,26.39715421,26.40625161,106.6665854,106.6756828
106,26.39715421,26.40625161,106.6756828,106.6847802
107,26.39715421,26.40625161,106.6847802,106.6938776
108,26.39715421,26.40625161,106.6938776,106.702975
109,26.39715421,26.40625161,106.702975,106.7120724
110,26.39715421,26.40625161,106.7120724,106.7211698
111,26.39715421,26.40625161,106.7211698,106.7302672
112,26.39715421,26.40625161,106.7302672,106.7393646
113,26.39715421,26.40625161,106.7393646,106.748462
114,26.39715421,26.40625161,106.748462,106.7575594
115,26.39715421,26.40625161,106.7575594,106.7666568
116,26.39715421,26.40625161,106.7666568,106.7757542
117,26.39715421,26.40625161,106.7757542,106.7848516
118,26.39715421,26.40625161,106.7848516,106.793949
119,26.39715421,26.40625161,106.793949,106.8030464
120,26.39715421,26.40625161,106.8030464,106.8121438
121,26.39715421,26.40625161,106.8121438,106.8212412
122,26.39715421,26.40625161,106.8212412,106.8303386
123,26.39715421,26.40625161,106.8303386,106.839436
124,26.39715421,26.40625161,106.839436,106.8485334
125,26.40625161,26.41534901,106.566514,106.5756114
126,26.40625161,26.41534901,106.5756114,106.5847088
127,26.40625161,26.41534901,106.5847088,106.5938062
128,26.40625161,26.41534901,106.5938062,106.6029036
129,26.40625161,26.41534901,106.6029036,106.612001
130,26.40625161,26.41534901,106.612001,106.6210984
131,26.40625161,26.41534901,106.6210984,106.6301958
132,26.40625161,26.41534901,106.6301958,106.6392932
133,26.40625161,26.41534901,106.6392932,106.6483906
134,26.40625161,26.41534901,106.6483906,106.657488
135,26.40625161,26.41534901,106.657488,106.6665854
136,26.40625161,26.41534901,106.6665854,106.6756828
137,26.40625161,26.41534901,106.6756828,106.6847802
138,26.40625161,26.41534901,106.6847802,106.6938776
139,26.40625161,26.41534901,106.6938776,106.702975
140,26.40625161,26.41534901,106.702975,106.7120724
141,26.40625161,26.41534901,106.7120724,106.7211698
142,26.40625161,26.41534901,106.7211698,106.7302672
143,26.40625161,26.41534901,106.7302672,106.7393646
144,26.40625161,26.41534901,106.7393646,106.748462
145,26.40625161,26.41534901,106.748462,106.7575594
146,26.40625161,26.41534901,106.7575594,106.7666568
147,26.40625161,26.41534901,106.7666568,106.7757542
148,26.40625161,26.41534901,106.7757542,106.7848516
149,26.40625161,26.41534901,106.7848516,106.793949
150,26.40625161,26.41534901,106.793949,106.8030464
151,26.40625161,26.41534901,106.8030464,106.8121438
152,26.40625161,26.41534901,106.8121438,106.8212412
153,26.40625161,26.41534901,106.8212412,106.8303386
154,26.40625161,26.41534901,106.8303386,106.839436
155,26.40625161,26.41534901,106.839436,106.8485334
156,26.41534901,26.42444642,106.566514,106.5756114
157,26.41534901,26.42444642,106.5756114,106.5847088
158,26.41534901,26.42444642,106.5847088,106.5938062
159,26.41534901,26.42444642,106.5938062,106.6029036
160,26.41534901,26.42444642,106.6029036,106.612001
161,26.41534901,26.42444642,106.612001,106.6210984
162,26.41534901,26.42444642,106.6210984,106.6301958
163,26.41534901,26.42444642,106.6301958,106.6392932
164,26.41534901,26.42444642,106.6392932,106.6483906
165,26.41534901,26.42444642,106.6483906,106.657488
166,26.41534901,26.42444642,106.657488,106.6665854
167,26.41534901,26.42444642,106.6665854,106.6756828
168,26.41534901,26.42444642,106.6756828,106.6847802
169,26.41534901,26.42444642,106.6847802,106.6938776
170,26.41534901,26.42444642,106.6938776,106.702975
171,26.41534901,26.42444642,106.702975,106.7120724
172,26.41534901,26.42444642,106.7120724,106.7211698
173,26.41534901,26.42444642,106.7211698,106.7302672
174,26.41534901,26.42444642,106.7302672,106.7393646
175,26.41534901,26.42444642,106.7393646,106.748462
176,26.41534901,26.42444642,106.748462,106.7575594
177,26.41534901,26.42444642,106.7575594,106.7666568
178,26.41534901,26.42444642,106.7666568,106.7757542
179,26.41534901,26.42444642,106.7757542,106.7848516
180,26.41534901,26.42444642,106.7848516,106.793949
181,26.41534901,26.42444642,106.793949,106.8030464
182,26.41534901,26.42444642,106.8030464,106.8121438
183,26.41534901,26.42444642,106.8121438,106.8212412
184,26.41534901,26.42444642,106.8212412,106.8303386
185,26.41534901,26.42444642,106.8303386,106.839436
186,26.41534901,26.42444642,106.839436,106.8485334
187,26.42444642,26.43354382,106.566514,106.5756114
188,26.42444642,26.43354382,106.5756114,106.5847088
189,26.42444642,26.43354382,106.5847088,106.5938062
190,26.42444642,26.43354382,106.5938062,106.6029036
191,26.42444642,26.43354382,106.6029036,106.612001
192,26.42444642,26.43354382,106.612001,106.6210984
193,26.42444642,26.43354382,106.6210984,106.6301958
194,26.42444642,26.43354382,106.6301958,106.6392932
195,26.42444642,26.43354382,106.6392932,106.6483906
196,26.42444642,26.43354382,106.6483906,106.657488
197,26.42444642,26.43354382,106.657488,106.6665854
198,26.42444642,26.43354382,106.6665854,106.6756828
199,26.42444642,26.43354382,106.6756828,106.6847802
200,26.42444642,26.43354382,106.6847802,106.6938776
201,26.42444642,26.43354382,106.6938776,106.702975
202,26.42444642,26.43354382,106.702975,106.7120724
203,26.42444642,26.43354382,106.7120724,106.7211698
204,26.42444642,26.43354382,106.7211698,106.7302672
205,26.42444642,26.43354382,106.7302672,106.7393646
206,26.42444642,26.43354382,106.7393646,106.748462
207,26.42444642,26.43354382,106.748462,106.7575594
208,26.42444642,26.43354382,106.7575594,106.7666568
209,26.42444642,26.43354382,106.7666568,106.7757542
210,26.42444642,26.43354382,106.7757542,106.7848516
211,26.42444642,26.43354382,106.7848516,106.793949
212,26.42444642,26.43354382,106.793949,106.8030464
213,26.42444642,26.43354382,106.8030464,106.8121438
214,26.42444642,26.43354382,106.8121438,106.8212412
215,26.42444642,26.43354382,106.8212412,106.8303386
216,26.42444642,26.43354382,106.8303386,106.839436
217,26.42444642,26.43354382,106.839436,106.8485334
218,26.43354382,26.44264122,106.566514,106.5756114
219,26.43354382,26.44264122,106.5756114,106.5847088
220,26.43354382,26.44264122,106.5847088,106.5938062
221,26.43354382,26.44264122,106.5938062,106.6029036
222,26.43354382,26.44264122,106.6029036,106.612001
223,26.43354382,26.44264122,106.612001,106.6210984
224,26.43354382,26.44264122,106.6210984,106.6301958
225,26.43354382,26.44264122,106.6301958,106.6392932
226,26.43354382,26.44264122,106.6392932,106.6483906
227,26.43354382,26.44264122,106.6483906,106.657488
228,26.43354382,26.44264122,106.657488,106.6665854
229,26.43354382,26.44264122,106.6665854,106.6756828
230,26.43354382,26.44264122,106.6756828,106.6847802
231,26.43354382,26.44264122,106.6847802,106.6938776
232,26.43354382,26.44264122,106.6938776,106.702975
233,26.43354382,26.44264122,106.702975,106.7120724
234,26.43354382,26.44264122,106.7120724,106.7211698
235,26.43354382,26.44264122,106.7211698,106.7302672
236,26.43354382,26.44264122,106.7302672,106.7393646
237,26.43354382,26.44264122,106.7393646,106.748462
238,26.43354382,26.44264122,106.748462,106.7575594
239,26.43354382,26.44264122,106.7575594,106.7666568
240,26.43354382,26.44264122,106.7666568,106.7757542
241,26.43354382,26.44264122,106.7757542,106.7848516
242,26.43354382,26.44264122,106.7848516,106.793949
243,26.43354382,26.44264122,106.793949,106.8030464
244,26.43354382,26.44264122,106.8030464,106.8121438
245,26.43354382,26.44264122,106.8121438,106.8212412
246,26.43354382,26.44264122,106.8212412,106.8303386
247,26.43354382,26.44264122,106.8303386,106.839436
248,26.43354382,26.44264122,106.839436,106.8485334
249,26.44264122,26.45173862,106.566514,106.5756114
250,26.44264122,26.45173862,106.5756114,106.5847088
251,26.44264122,26.45173862,106.5847088,106.5938062
252,26.44264122,26.45173862,106.5938062,106.6029036
253,26.44264122,26.45173862,106.6029036,106.612001
254,26.44264122,26.45173862,106.612001,106.6210984
255,26.44264122,26.45173862,106.6210984,106.6301958
256,26.44264122,26.45173862,106.6301958,106.6392932
257,26.44264122,26.45173862,106.6392932,106.6483906
258,26.44264122,26.45173862,106.6483906,106.657488
259,26.44264122,26.45173862,106.657488,106.6665854
260,26.44264122,26.45173862,106.6665854,106.6756828
261,26.44264122,26.45173862,106.6756828,106.6847802
262,26.44264122,26.45173862,106.6847802,106.6938776
263,26.44264122,26.45173862,106.6938776,106.702975
264,26.44264122,26.45173862,106.702975,106.7120724
265,26.44264122,26.45173862,106.7120724,106.7211698
266,26.44264122,26.45173862,106.7211698,106.7302672
267,26.44264122,26.45173862,106.7302672,106.7393646
268,26.44264122,26.45173862,106.7393646,106.748462
269,26.44264122,26.45173862,106.748462,106.7575594
270,26.44264122,26.45173862,106.7575594,106.7666568
271,26.44264122,26.45173862,106.7666568,106.7757542
272,26.44264122,26.45173862,106.7757542,106.7848516
273,26.44264122,26.45173862,106.7848516,106.793949
274,26.44264122,26.45173862,106.793949,106.8030464
275,26.44264122,26.45173862,106.8030464,106.8121438
276,26.44264122,26.45173862,106.8121438,106.8212412
277,26.44264122,26.45173862,106.8212412,106.8303386
278,26.44264122,26.45173862,106.8303386,106.839436
279,26.44264122,26.45173862,106.839436,106.8485334
280,26.45173862,26.46083603,106.566514,106.5756114
281,26.45173862,26.46083603,106.5756114,106.5847088
282,26.45173862,26.46083603,106.5847088,106.5938062
283,26.45173862,26.46083603,106.5938062,106.6029036
284,26.45173862,26.46083603,106.6029036,106.612001
285,26.45173862,26.46083603,106.612001,106.6210984
286,26.45173862,26.46083603,106.6210984,106.6301958
287,26.45173862,26.46083603,106.6301958,106.6392932
288,26.45173862,26.46083603,106.6392932,106.6483906
289,26.45173862,26.46083603,106.6483906,106.657488
290,26.45173862,26.46083603,106.657488,106.6665854
291,26.45173862,26.46083603,106.6665854,106.6756828
292,26.45173862,26.46083603,106.6756828,106.6847802
293,26.45173862,26.46083603,106.6847802,106.6938776
294,26.45173862,26.46083603,106.6938776,106.702975
295,26.45173862,26.46083603,106.702975,106.7120724
296,26.45173862,26.46083603,106.7120724,106.7211698
297,26.45173862,26.46083603,106.7211698,106.7302672
298,26.45173862,26.46083603,106.7302672,106.7393646
299,26.45173862,26.46083603,106.7393646,106.748462
300,26.45173862,26.46083603,106.748462,106.7575594
301,26.45173862,26.46083603,106.7575594,106.7666568
302,26.45173862,26.46083603,106.7666568,106.7757542
303,26.45173862,26.46083603,106.7757542,106.7848516
304,26.45173862,26.46083603,106.7848516,106.793949
305,26.45173862,26.46083603,106.793949,106.8030464
306,26.45173862,26.46083603,106.8030464,106.8121438
307,26.45173862,26.46083603,106.8121438,106.8212412
308,26.45173862,26.46083603,106.8212412,106.8303386
309,26.45173862,26.46083603,106.8303386,106.839436
310,26.45173862,26.46083603,106.839436,106.8485334
311,26.46083603,26.46993343,106.566514,106.5756114
312,26.46083603,26.46993343,106.5756114,106.5847088
313,26.46083603,26.46993343,106.5847088,106.5938062
314,26.46083603,26.46993343,106.5938062,106.6029036
315,26.46083603,26.46993343,106.6029036,106.612001
316,26.46083603,26.46993343,106.612001,106.6210984
317,26.46083603,26.46993343,106.6210984,106.6301958
318,26.46083603,26.46993343,106.6301958,106.6392932
319,26.46083603,26.46993343,106.6392932,106.6483906
320,26.46083603,26.46993343,106.6483906,106.657488
321,26.46083603,26.46993343,106.657488,106.6665854
322,26.46083603,26.46993343,106.6665854,106.6756828
323,26.46083603,26.46993343,106.6756828,106.6847802
324,26.46083603,26.46993343,106.6847802,106.6938776
325,26.46083603,26.46993343,106.6938776,106.702975
326,26.46083603,26.46993343,106.702975,106.7120724
327,26.46083603,26.46993343,106.7120724,106.7211698
328,26.46083603,26.46993343,106.7211698,106.7302672
329,26.46083603,26.46993343,106.7302672,106.7393646
330,26.46083603,26.46993343,106.7393646,106.748462
331,26.46083603,26.46993343,106.748462,106.7575594
332,26.46083603,26.46993343,106.7575594,106.7666568
333,26.46083603,26.46993343,106.7666568,106.7757542
334,26.46083603,26.46993343,106.7757542,106.7848516
335,26.46083603,26.46993343,106.7848516,106.793949
336,26.46083603,26.46993343,106.793949,106.8030464
337,26.46083603,26.46993343,106.8030464,106.8121438
338,26.46083603,26.46993343,106.8121438,106.8212412
339,26.46083603,26.46993343,106.8212412,106.8303386
340,26.46083603,26.46993343,106.8303386,106.839436
341,26.46083603,26.46993343,106.839436,106.8485334
342,26.46993343,26.47903083,106.566514,106.5756114
343,26.46993343,26.47903083,106.5756114,106.5847088
344,26.46993343,26.47903083,106.5847088,106.5938062
345,26.46993343,26.47903083,106.5938062,106.6029036
346,26.46993343,26.47903083,106.6029036,106.612001
347,26.46993343,26.47903083,106.612001,106.6210984
348,26.46993343,26.47903083,106.6210984,106.6301958
349,26.46993343,26.47903083,106.6301958,106.6392932
350,26.46993343,26.47903083,106.6392932,106.6483906
351,26.46993343,26.47903083,106.6483906,106.657488
352,26.46993343,26.47903083,106.657488,106.6665854
353,26.46993343,26.47903083,106.6665854,106.6756828
354,26.46993343,26.47903083,106.6756828,106.6847802
355,26.46993343,26.47903083,106.6847802,106.6938776
356,26.46993343,26.47903083,106.6938776,106.702975
357,26.46993343,26.47903083,106.702975,106.7120724
358,26.46993343,26.47903083,106.7120724,106.7211698
359,26.46993343,26.47903083,106.7211698,106.7302672
360,26.46993343,26.47903083,106.7302672,106.7393646
361,26.46993343,26.47903083,106.7393646,106.748462
362,26.46993343,26.47903083,106.748462,106.7575594
363,26.46993343,26.47903083,106.7575594,106.7666568
364,26.46993343,26.47903083,106.7666568,106.7757542
365,26.46993343,26.47903083,106.7757542,106.7848516
366,26.46993343,26.47903083,106.7848516,106.793949
367,26.46993343,26.47903083,106.793949,106.8030464
368,26.46993343,26.47903083,106.8030464,106.8121438
369,26.46993343,26.47903083,106.8121438,106.8212412
370,26.46993343,26.47903083,106.8212412,106.8303386
371,26.46993343,26.47903083,106.8303386,106.839436
372,26.46993343,26.47903083,106.839436,106.8485334
373,26.47903083,26.48812823,106.566514,106.5756114
374,26.47903083,26.48812823,106.5756114,106.5847088
375,26.47903083,26.48812823,106.5847088,106.5938062
376,26.47903083,26.48812823,106.5938062,106.6029036
377,26.47903083,26.48812823,106.6029036,106.612001
378,26.47903083,26.48812823,106.612001,106.6210984
379,26.47903083,26.48812823,106.6210984,106.6301958
380,26.47903083,26.48812823,106.6301958,106.6392932
381,26.47903083,26.48812823,106.6392932,106.6483906
382,26.47903083,26.48812823,106.6483906,106.657488
383,26.47903083,26.48812823,106.657488,106.6665854
384,26.47903083,26.48812823,106.6665854,106.6756828
385,26.47903083,26.48812823,106.6756828,106.6847802
386,26.47903083,26.48812823,106.6847802,106.6938776
387,26.47903083,26.48812823,106.6938776,106.702975
388,26.47903083,26.48812823,106.702975,106.7120724
389,26.47903083,26.48812823,106.7120724,106.7211698
390,26.47903083,26.48812823,106.7211698,106.7302672
391,26.47903083,26.48812823,106.7302672,106.7393646
392,26.47903083,26.48812823,106.7393646,106.748462
393,26.47903083,26.48812823,106.748462,106.7575594
394,26.47903083,26.48812823,106.7575594,106.7666568
395,26.47903083,26.48812823,106.7666568,106.7757542
396,26.47903083,26.48812823,106.7757542,106.7848516
397,26.47903083,26.48812823,106.7848516,106.793949
398,26.47903083,26.48812823,106.793949,106.8030464
399,26.47903083,26.48812823,106.8030464,106.8121438
400,26.47903083,26.48812823,106.8121438,106.8212412
401,26.47903083,26.48812823,106.8212412,106.8303386
402,26.47903083,26.48812823,106.8303386,106.839436
403,26.47903083,26.48812823,106.839436,106.8485334
404,26.48812823,26.49722564,106.566514,106.5756114
405,26.48812823,26.49722564,106.5756114,106.5847088
406,26.48812823,26.49722564,106.5847088,106.5938062
407,26.48812823,26.49722564,106.5938062,106.6029036
408,26.48812823,26.49722564,106.6029036,106.612001
409,26.48812823,26.49722564,106.612001,106.6210984
410,26.48812823,26.49722564,106.6210984,106.6301958
411,26.48812823,26.49722564,106.6301958,106.6392932
412,26.48812823,26.49722564,106.6392932,106.6483906
413,26.48812823,26.49722564,106.6483906,106.657488
414,26.48812823,26.49722564,106.657488,106.6665854
415,26.48812823,26.49722564,106.6665854,106.6756828
416,26.48812823,26.49722564,106.6756828,106.6847802
417,26.48812823,26.49722564,106.6847802,106.6938776
418,26.48812823,26.49722564,106.6938776,106.702975
419,26.48812823,26.49722564,106.702975,106.7120724
420,26.48812823,26.49722564,106.7120724,106.7211698
421,26.48812823,26.49722564,106.7211698,106.7302672
422,26.48812823,26.49722564,106.7302672,106.7393646
423,26.48812823,26.49722564,106.7393646,106.748462
424,26.48812823,26.49722564,106.748462,106.7575594
425,26.48812823,26.49722564,106.7575594,106.7666568
426,26.48812823,26.49722564,106.7666568,106.7757542
427,26.48812823,26.49722564,106.7757542,106.7848516
428,26.48812823,26.49722564,106.7848516,106.793949
429,26.48812823,26.49722564,106.793949,106.8030464
430,26.48812823,26.49722564,106.8030464,106.8121438
431,26.48812823,26.49722564,106.8121438,106.8212412
432,26.48812823,26.49722564,106.8212412,106.8303386
433,26.48812823,26.49722564,106.8303386,106.839436
434,26.48812823,26.49722564,106.839436,106.8485334
435,26.49722564,26.50632304,106.566514,106.5756114
436,26.49722564,26.50632304,106.5756114,106.5847088
437,26.49722564,26.50632304,106.5847088,106.5938062
438,26.49722564,26.50632304,106.5938062,106.6029036
439,26.49722564,26.50632304,106.6029036,106.612001
440,26.49722564,26.50632304,106.612001,106.6210984
441,26.49722564,26.50632304,106.6210984,106.6301958
442,26.49722564,26.50632304,106.6301958,106.6392932
443,26.49722564,26.50632304,106.6392932,106.6483906
444,26.49722564,26.50632304,106.6483906,106.657488
445,26.49722564,26.50632304,106.657488,106.6665854
446,26.49722564,26.50632304,106.6665854,106.6756828
447,26.49722564,26.50632304,106.6756828,106.6847802
448,26.49722564,26.50632304,106.6847802,106.6938776
449,26.49722564,26.50632304,106.6938776,106.702975
450,26.49722564,26.50632304,106.702975,106.7120724
451,26.49722564,26.50632304,106.7120724,106.7211698
452,26.49722564,26.50632304,106.7211698,106.7302672
453,26.49722564,26.50632304,106.7302672,106.7393646
454,26.49722564,26.50632304,106.7393646,106.748462
455,26.49722564,26.50632304,106.748462,106.7575594
456,26.49722564,26.50632304,106.7575594,106.7666568
457,26.49722564,26.50632304,106.7666568,106.7757542
458,26.49722564,26.50632304,106.7757542,106.7848516
459,26.49722564,26.50632304,106.7848516,106.793949
460,26.49722564,26.50632304,106.793949,106.8030464
461,26.49722564,26.50632304,106.8030464,106.8121438
462,26.49722564,26.50632304,106.8121438,106.8212412
463,26.49722564,26.50632304,106.8212412,106.8303386
464,26.49722564,26.50632304,106.8303386,106.839436
465,26.49722564,26.50632304,106.839436,106.8485334
466,26.50632304,26.51542044,106.566514,106.5756114
467,26.50632304,26.51542044,106.5756114,106.5847088
468,26.50632304,26.51542044,106.5847088,106.5938062
469,26.50632304,26.51542044,106.5938062,106.6029036
470,26.50632304,26.51542044,106.6029036,106.612001
471,26.50632304,26.51542044,106.612001,106.6210984
472,26.50632304,26.51542044,106.6210984,106.6301958
473,26.50632304,26.51542044,106.6301958,106.6392932
474,26.50632304,26.51542044,106.6392932,106.6483906
475,26.50632304,26.51542044,106.6483906,106.657488
476,26.50632304,26.51542044,106.657488,106.6665854
477,26.50632304,26.51542044,106.6665854,106.6756828
478,26.50632304,26.51542044,106.6756828,106.6847802
479,26.50632304,26.51542044,106.6847802,106.6938776
480,26.50632304,26.51542044,106.6938776,106.702975
481,26.50632304,26.51542044,106.702975,106.7120724
482,26.50632304,26.51542044,106.7120724,106.7211698
483,26.50632304,26.51542044,106.7211698,106.7302672
484,26.50632304,26.51542044,106.7302672,106.7393646
485,26.50632304,26.51542044,106.7393646,106.748462
486,26.50632304,26.51542044,106.748462,106.7575594
487,26.50632304,26.51542044,106.7575594,106.7666568
488,26.50632304,26.51542044,106.7666568,106.7757542
489,26.50632304,26.51542044,106.7757542,106.7848516
490,26.50632304,26.51542044,106.7848516,106.793949
491,26.50632304,26.51542044,106.793949,106.8030464
492,26.50632304,26.51542044,106.8030464,106.8121438
493,26.50632304,26.51542044,106.8121438,106.8212412
494,26.50632304,26.51542044,106.8212412,106.8303386
495,26.50632304,26.51542044,106.8303386,106.839436
496,26.50632304,26.51542044,106.839436,106.8485334
497,26.51542044,26.52451784,106.566514,106.5756114
498,26.51542044,26.52451784,106.5756114,106.5847088
499,26.51542044,26.52451784,106.5847088,106.5938062
500,26.51542044,26.52451784,106.5938062,106.6029036
501,26.51542044,26.52451784,106.6029036,106.612001
502,26.51542044,26.52451784,106.612001,106.6210984
503,26.51542044,26.52451784,106.6210984,106.6301958
504,26.51542044,26.52451784,106.6301958,106.6392932
505,26.51542044,26.52451784,106.6392932,106.6483906
506,26.51542044,26.52451784,106.6483906,106.657488
507,26.51542044,26.52451784,106.657488,106.6665854
508,26.51542044,26.52451784,106.6665854,106.6756828
509,26.51542044,26.52451784,106.6756828,106.6847802
510,26.51542044,26.52451784,106.6847802,106.6938776
511,26.51542044,26.52451784,106.6938776,106.702975
512,26.51542044,26.52451784,106.702975,106.7120724
513,26.51542044,26.52451784,106.7120724,106.7211698
514,26.51542044,26.52451784,106.7211698,106.7302672
515,26.51542044,26.52451784,106.7302672,106.7393646
516,26.51542044,26.52451784,106.7393646,106.748462
517,26.51542044,26.52451784,106.748462,106.7575594
518,26.51542044,26.52451784,106.7575594,106.7666568
519,26.51542044,26.52451784,106.7666568,106.7757542
520,26.51542044,26.52451784,106.7757542,106.7848516
521,26.51542044,26.52451784,106.7848516,106.793949
522,26.51542044,26.52451784,106.793949,106.8030464
523,26.51542044,26.52451784,106.8030464,106.8121438
524,26.51542044,26.52451784,106.8121438,106.8212412
525,26.51542044,26.52451784,106.8212412,106.8303386
526,26.51542044,26.52451784,106.8303386,106.839436
527,26.51542044,26.52451784,106.839436,106.8485334
528,26.52451784,26.53361525,106.566514,106.5756114
529,26.52451784,26.53361525,106.5756114,106.5847088
530,26.52451784,26.53361525,106.5847088,106.5938062
531,26.52451784,26.53361525,106.5938062,106.6029036
532,26.52451784,26.53361525,106.6029036,106.612001
533,26.52451784,26.53361525,106.612001,106.6210984
534,26.52451784,26.53361525,106.6210984,106.6301958
535,26.52451784,26.53361525,106.6301958,106.6392932
536,26.52451784,26.53361525,106.6392932,106.6483906
537,26.52451784,26.53361525,106.6483906,106.657488
538,26.52451784,26.53361525,106.657488,106.6665854
539,26.52451784,26.53361525,106.6665854,106.6756828
540,26.52451784,26.53361525,106.6756828,106.6847802
541,26.52451784,26.53361525,106.6847802,106.6938776
542,26.52451784,26.53361525,106.6938776,106.702975
543,26.52451784,26.53361525,106.702975,106.7120724
544,26.52451784,26.53361525,106.7120724,106.7211698
545,26.52451784,26.53361525,106.7211698,106.7302672
546,26.52451784,26.53361525,106.7302672,106.7393646
547,26.52451784,26.53361525,106.7393646,106.748462
548,26.52451784,26.53361525,106.748462,106.7575594
549,26.52451784,26.53361525,106.7575594,106.7666568
550,26.52451784,26.53361525,106.7666568,106.7757542
551,26.52451784,26.53361525,106.7757542,106.7848516
552,26.52451784,26.53361525,106.7848516,106.793949
553,26.52451784,26.53361525,106.793949,106.8030464
554,26.52451784,26.53361525,106.8030464,106.8121438
555,26.52451784,26.53361525,106.8121438,106.8212412
556,26.52451784,26.53361525,106.8212412,106.8303386
557,26.52451784,26.53361525,106.8303386,106.839436
558,26.52451784,26.53361525,106.839436,106.8485334
559,26.53361525,26.54271265,106.566514,106.5756114
560,26.53361525,26.54271265,106.5756114,106.5847088
561,26.53361525,26.54271265,106.5847088,106.5938062
562,26.53361525,26.54271265,106.5938062,106.6029036
563,26.53361525,26.54271265,106.6029036,106.612001
564,26.53361525,26.54271265,106.612001,106.6210984
565,26.53361525,26.54271265,106.6210984,106.6301958
566,26.53361525,26.54271265,106.6301958,106.6392932
567,26.53361525,26.54271265,106.6392932,106.6483906
568,26.53361525,26.54271265,106.6483906,106.657488
569,26.53361525,26.54271265,106.657488,106.6665854
570,26.53361525,26.54271265,106.6665854,106.6756828
571,26.53361525,26.54271265,106.6756828,106.6847802
572,26.53361525,26.54271265,106.6847802,106.6938776
573,26.53361525,26.54271265,106.6938776,106.702975
574,26.53361525,26.54271265,106.702975,106.7120724
575,26.53361525,26.54271265,106.7120724,106.7211698
576,26.53361525,26.54271265,106.7211698,106.7302672
577,26.53361525,26.54271265,106.7302672,106.7393646
578,26.53361525,26.54271265,106.7393646,106.748462
579,26.53361525,26.54271265,106.748462,106.7575594
580,26.53361525,26.54271265,106.7575594,106.7666568
581,26.53361525,26.54271265,106.7666568,106.7757542
582,26.53361525,26.54271265,106.7757542,106.7848516
583,26.53361525,26.54271265,106.7848516,106.793949
584,26.53361525,26.54271265,106.793949,106.8030464
585,26.53361525,26.54271265,106.8030464,106.8121438
586,26.53361525,26.54271265,106.8121438,106.8212412
587,26.53361525,26.54271265,106.8212412,106.8303386
588,26.53361525,26.54271265,106.8303386,106.839436
589,26.53361525,26.54271265,106.839436,106.8485334
590,26.54271265,26.55181005,106.566514,106.5756114
591,26.54271265,26.55181005,106.5756114,106.5847088
592,26.54271265,26.55181005,106.5847088,106.5938062
593,26.54271265,26.55181005,106.5938062,106.6029036
594,26.54271265,26.55181005,106.6029036,106.612001
595,26.54271265,26.55181005,106.612001,106.6210984
596,26.54271265,26.55181005,106.6210984,106.6301958
597,26.54271265,26.55181005,106.6301958,106.6392932
598,26.54271265,26.55181005,106.6392932,106.6483906
599,26.54271265,26.55181005,106.6483906,106.657488
600,26.54271265,26.55181005,106.657488,106.6665854
601,26.54271265,26.55181005,106.6665854,106.6756828
602,26.54271265,26.55181005,106.6756828,106.6847802
603,26.54271265,26.55181005,106.6847802,106.6938776
604,26.54271265,26.55181005,106.6938776,106.702975
605,26.54271265,26.55181005,106.702975,106.7120724
606,26.54271265,26.55181005,106.7120724,106.7211698
607,26.54271265,26.55181005,106.7211698,106.7302672
608,26.54271265,26.55181005,106.7302672,106.7393646
609,26.54271265,26.55181005,106.7393646,106.748462
610,26.54271265,26.55181005,106.748462,106.7575594
611,26.54271265,26.55181005,106.7575594,106.7666568
612,26.54271265,26.55181005,106.7666568,106.7757542
613,26.54271265,26.55181005,106.7757542,106.7848516
614,26.54271265,26.55181005,106.7848516,106.793949
615,26.54271265,26.55181005,106.793949,106.8030464
616,26.54271265,26.55181005,106.8030464,106.8121438
617,26.54271265,26.55181005,106.8121438,106.8212412
618,26.54271265,26.55181005,106.8212412,106.8303386
619,26.54271265,26.55181005,106.8303386,106.839436
620,26.54271265,26.55181005,106.839436,106.8485334
621,26.55181005,26.56090745,106.566514,106.5756114
622,26.55181005,26.56090745,106.5756114,106.5847088
623,26.55181005,26.56090745,106.5847088,106.5938062
624,26.55181005,26.56090745,106.5938062,106.6029036
625,26.55181005,26.56090745,106.6029036,106.612001
626,26.55181005,26.56090745,106.612001,106.6210984
627,26.55181005,26.56090745,106.6210984,106.6301958
628,26.55181005,26.56090745,106.6301958,106.6392932
629,26.55181005,26.56090745,106.6392932,106.6483906
630,26.55181005,26.56090745,106.6483906,106.657488
631,26.55181005,26.56090745,106.657488,106.6665854
632,26.55181005,26.56090745,106.6665854,106.6756828
633,26.55181005,26.56090745,106.6756828,106.6847802
634,26.55181005,26.56090745,106.6847802,106.6938776
635,26.55181005,26.56090745,106.6938776,106.702975
636,26.55181005,26.56090745,106.702975,106.7120724
637,26.55181005,26.56090745,106.7120724,106.7211698
638,26.55181005,26.56090745,106.7211698,106.7302672
639,26.55181005,26.56090745,106.7302672,106.7393646
640,26.55181005,26.56090745,106.7393646,106.748462
641,26.55181005,26.56090745,106.748462,106.7575594
642,26.55181005,26.56090745,106.7575594,106.7666568
643,26.55181005,26.56090745,106.7666568,106.7757542
644,26.55181005,26.56090745,106.7757542,106.7848516
645,26.55181005,26.56090745,106.7848516,106.793949
646,26.55181005,26.56090745,106.793949,106.8030464
647,26.55181005,26.56090745,106.8030464,106.8121438
648,26.55181005,26.56090745,106.8121438,106.8212412
649,26.55181005,26.56090745,106.8212412,106.8303386
650,26.55181005,26.56090745,106.8303386,106.839436
651,26.55181005,26.56090745,106.839436,106.8485334
652,26.56090745,26.57000486,106.566514,106.5756114
653,26.56090745,26.57000486,106.5756114,106.5847088
654,26.56090745,26.57000486,106.5847088,106.5938062
655,26.56090745,26.57000486,106.5938062,106.6029036
656,26.56090745,26.57000486,106.6029036,106.612001
657,26.56090745,26.57000486,106.612001,106.6210984
658,26.56090745,26.57000486,106.6210984,106.6301958
659,26.56090745,26.57000486,106.6301958,106.6392932
660,26.56090745,26.57000486,106.6392932,106.6483906
661,26.56090745,26.57000486,106.6483906,106.657488
662,26.56090745,26.57000486,106.657488,106.6665854
663,26.56090745,26.57000486,106.6665854,106.6756828
664,26.56090745,26.57000486,106.6756828,106.6847802
665,26.56090745,26.57000486,106.6847802,106.6938776
666,26.56090745,26.57000486,106.6938776,106.702975
667,26.56090745,26.57000486,106.702975,106.7120724
668,26.56090745,26.57000486,106.7120724,106.7211698
669,26.56090745,26.57000486,106.7211698,106.7302672
670,26.56090745,26.57000486,106.7302672,106.7393646
671,26.56090745,26.57000486,106.7393646,106.748462
672,26.56090745,26.57000486,106.748462,106.7575594
673,26.56090745,26.57000486,106.7575594,106.7666568
674,26.56090745,26.57000486,106.7666568,106.7757542
675,26.56090745,26.57000486,106.7757542,106.7848516
676,26.56090745,26.57000486,106.7848516,106.793949
677,26.56090745,26.57000486,106.793949,106.8030464
678,26.56090745,26.57000486,106.8030464,106.8121438
679,26.56090745,26.57000486,106.8121438,106.8212412
680,26.56090745,26.57000486,106.8212412,106.8303386
681,26.56090745,26.57000486,106.8303386,106.839436
682,26.56090745,26.57000486,106.839436,106.8485334
683,26.57000486,26.57910226,106.566514,106.5756114
684,26.57000486,26.57910226,106.5756114,106.5847088
685,26.57000486,26.57910226,106.5847088,106.5938062
686,26.57000486,26.57910226,106.5938062,106.6029036
687,26.57000486,26.57910226,106.6029036,106.612001
688,26.57000486,26.57910226,106.612001,106.6210984
689,26.57000486,26.57910226,106.6210984,106.6301958
690,26.57000486,26.57910226,106.6301958,106.6392932
691,26.57000486,26.57910226,106.6392932,106.6483906
692,26.57000486,26.57910226,106.6483906,106.657488
693,26.57000486,26.57910226,106.657488,106.6665854
694,26.57000486,26.57910226,106.6665854,106.6756828
695,26.57000486,26.57910226,106.6756828,106.6847802
696,26.57000486,26.57910226,106.6847802,106.6938776
697,26.57000486,26.57910226,106.6938776,106.702975
698,26.57000486,26.57910226,106.702975,106.7120724
699,26.57000486,26.57910226,106.7120724,106.7211698
700,26.57000486,26.57910226,106.7211698,106.7302672
701,26.57000486,26.57910226,106.7302672,106.7393646
702,26.57000486,26.57910226,106.7393646,106.748462
703,26.57000486,26.57910226,106.748462,106.7575594
704,26.57000486,26.57910226,106.7575594,106.7666568
705,26.57000486,26.57910226,106.7666568,106.7757542
706,26.57000486,26.57910226,106.7757542,106.7848516
707,26.57000486,26.57910226,106.7848516,106.793949
708,26.57000486,26.57910226,106.793949,106.8030464
709,26.57000486,26.57910226,106.8030464,106.8121438
710,26.57000486,26.57910226,106.8121438,106.8212412
711,26.57000486,26.57910226,106.8212412,106.8303386
712,26.57000486,26.57910226,106.8303386,106.839436
713,26.57000486,26.57910226,106.839436,106.8485334
714,26.57910226,26.58819966,106.566514,106.5756114
715,26.57910226,26.58819966,106.5756114,106.5847088
716,26.57910226,26.58819966,106.5847088,106.5938062
717,26.57910226,26.58819966,106.5938062,106.6029036
718,26.57910226,26.58819966,106.6029036,106.612001
719,26.57910226,26.58819966,106.612001,106.6210984
720,26.57910226,26.58819966,106.6210984,106.6301958
721,26.57910226,26.58819966,106.6301958,106.6392932
722,26.57910226,26.58819966,106.6392932,106.6483906
723,26.57910226,26.58819966,106.6483906,106.657488
724,26.57910226,26.58819966,106.657488,106.6665854
725,26.57910226,26.58819966,106.6665854,106.6756828
726,26.57910226,26.58819966,106.6756828,106.6847802
727,26.57910226,26.58819966,106.6847802,106.6938776
728,26.57910226,26.58819966,106.6938776,106.702975
729,26.57910226,26.58819966,106.702975,106.7120724
730,26.57910226,26.58819966,106.7120724,106.7211698
731,26.57910226,26.58819966,106.7211698,106.7302672
732,26.57910226,26.58819966,106.7302672,106.7393646
733,26.57910226,26.58819966,106.7393646,106.748462
734,26.57910226,26.58819966,106.748462,106.7575594
735,26.57910226,26.58819966,106.7575594,106.7666568
736,26.57910226,26.58819966,106.7666568,106.7757542
737,26.57910226,26.58819966,106.7757542,106.7848516
738,26.57910226,26.58819966,106.7848516,106.793949
739,26.57910226,26.58819966,106.793949,106.8030464
740,26.57910226,26.58819966,106.8030464,106.8121438
741,26.57910226,26.58819966,106.8121438,106.8212412
742,26.57910226,26.58819966,106.8212412,106.8303386
743,26.57910226,26.58819966,106.8303386,106.839436
744,26.57910226,26.58819966,106.839436,106.8485334
745,26.58819966,26.59729707,106.566514,106.5756114
746,26.58819966,26.59729707,106.5756114,106.5847088
747,26.58819966,26.59729707,106.5847088,106.5938062
748,26.58819966,26.59729707,106.5938062,106.6029036
749,26.58819966,26.59729707,106.6029036,106.612001
750,26.58819966,26.59729707,106.612001,106.6210984
751,26.58819966,26.59729707,106.6210984,106.6301958
752,26.58819966,26.59729707,106.6301958,106.6392932
753,26.58819966,26.59729707,106.6392932,106.6483906
754,26.58819966,26.59729707,106.6483906,106.657488
755,26.58819966,26.59729707,106.657488,106.6665854
756,26.58819966,26.59729707,106.6665854,106.6756828
757,26.58819966,26.59729707,106.6756828,106.6847802
758,26.58819966,26.59729707,106.6847802,106.6938776
759,26.58819966,26.59729707,106.6938776,106.702975
760,26.58819966,26.59729707,106.702975,106.7120724
761,26.58819966,26.59729707,106.7120724,106.7211698
762,26.58819966,26.59729707,106.7211698,106.7302672
763,26.58819966,26.59729707,106.7302672,106.7393646
764,26.58819966,26.59729707,106.7393646,106.748462
765,26.58819966,26.59729707,106.748462,106.7575594
766,26.58819966,26.59729707,106.7575594,106.7666568
767,26.58819966,26.59729707,106.7666568,106.7757542
768,26.58819966,26.59729707,106.7757542,106.7848516
769,26.58819966,26.59729707,106.7848516,106.793949
770,26.58819966,26.59729707,106.793949,106.8030464
771,26.58819966,26.59729707,106.8030464,106.8121438
772,26.58819966,26.59729707,106.8121438,106.8212412
773,26.58819966,26.59729707,106.8212412,106.8303386
774,26.58819966,26.59729707,106.8303386,106.839436
775,26.58819966,26.59729707,106.839436,106.8485334
776,26.59729707,26.60639447,106.566514,106.5756114
777,26.59729707,26.60639447,106.5756114,106.5847088
778,26.59729707,26.60639447,106.5847088,106.5938062
779,26.59729707,26.60639447,106.5938062,106.6029036
780,26.59729707,26.60639447,106.6029036,106.612001
781,26.59729707,26.60639447,106.612001,106.6210984
782,26.59729707,26.60639447,106.6210984,106.6301958
783,26.59729707,26.60639447,106.6301958,106.6392932
784,26.59729707,26.60639447,106.6392932,106.6483906
785,26.59729707,26.60639447,106.6483906,106.657488
786,26.59729707,26.60639447,106.657488,106.6665854
787,26.59729707,26.60639447,106.6665854,106.6756828
788,26.59729707,26.60639447,106.6756828,106.6847802
789,26.59729707,26.60639447,106.6847802,106.6938776
790,26.59729707,26.60639447,106.6938776,106.702975
791,26.59729707,26.60639447,106.702975,106.7120724
792,26.59729707,26.60639447,106.7120724,106.7211698
793,26.59729707,26.60639447,106.7211698,106.7302672
794,26.59729707,26.60639447,106.7302672,106.7393646
795,26.59729707,26.60639447,106.7393646,106.748462
796,26.59729707,26.60639447,106.748462,106.7575594
797,26.59729707,26.60639447,106.7575594,106.7666568
798,26.59729707,26.60639447,106.7666568,106.7757542
799,26.59729707,26.60639447,106.7757542,106.7848516
800,26.59729707,26.60639447,106.7848516,106.793949
801,26.59729707,26.60639447,106.793949,106.8030464
802,26.59729707,26.60639447,106.8030464,106.8121438
803,26.59729707,26.60639447,106.8121438,106.8212412
804,26.59729707,26.60639447,106.8212412,106.8303386
805,26.59729707,26.60639447,106.8303386,106.839436
806,26.59729707,26.60639447,106.839436,106.8485334
807,26.60639447,26.61549187,106.566514,106.5756114
808,26.60639447,26.61549187,106.5756114,106.5847088
809,26.60639447,26.61549187,106.5847088,106.5938062
810,26.60639447,26.61549187,106.5938062,106.6029036
811,26.60639447,26.61549187,106.6029036,106.612001
812,26.60639447,26.61549187,106.612001,106.6210984
813,26.60639447,26.61549187,106.6210984,106.6301958
814,26.60639447,26.61549187,106.6301958,106.6392932
815,26.60639447,26.61549187,106.6392932,106.6483906
816,26.60639447,26.61549187,106.6483906,106.657488
817,26.60639447,26.61549187,106.657488,106.6665854
818,26.60639447,26.61549187,106.6665854,106.6756828
819,26.60639447,26.61549187,106.6756828,106.6847802
820,26.60639447,26.61549187,106.6847802,106.6938776
821,26.60639447,26.61549187,106.6938776,106.702975
822,26.60639447,26.61549187,106.702975,106.7120724
823,26.60639447,26.61549187,106.7120724,106.7211698
824,26.60639447,26.61549187,106.7211698,106.7302672
825,26.60639447,26.61549187,106.7302672,106.7393646
826,26.60639447,26.61549187,106.7393646,106.748462
827,26.60639447,26.61549187,106.748462,106.7575594
828,26.60639447,26.61549187,106.7575594,106.7666568
829,26.60639447,26.61549187,106.7666568,106.7757542
830,26.60639447,26.61549187,106.7757542,106.7848516
831,26.60639447,26.61549187,106.7848516,106.793949
832,26.60639447,26.61549187,106.793949,106.8030464
833,26.60639447,26.61549187,106.8030464,106.8121438
834,26.60639447,26.61549187,106.8121438,106.8212412
835,26.60639447,26.61549187,106.8212412,106.8303386
836,26.60639447,26.61549187,106.8303386,106.839436
837,26.60639447,26.61549187,106.839436,106.8485334
838,26.61549187,26.62458927,106.566514,106.5756114
839,26.61549187,26.62458927,106.5756114,106.5847088
840,26.61549187,26.62458927,106.5847088,106.5938062
841,26.61549187,26.62458927,106.5938062,106.6029036
842,26.61549187,26.62458927,106.6029036,106.612001
843,26.61549187,26.62458927,106.612001,106.6210984
844,26.61549187,26.62458927,106.6210984,106.6301958
845,26.61549187,26.62458927,106.6301958,106.6392932
846,26.61549187,26.62458927,106.6392932,106.6483906
847,26.61549187,26.62458927,106.6483906,106.657488
848,26.61549187,26.62458927,106.657488,106.6665854
849,26.61549187,26.62458927,106.6665854,106.6756828
850,26.61549187,26.62458927,106.6756828,106.6847802
851,26.61549187,26.62458927,106.6847802,106.6938776
852,26.61549187,26.62458927,106.6938776,106.702975
853,26.61549187,26.62458927,106.702975,106.7120724
854,26.61549187,26.62458927,106.7120724,106.7211698
855,26.61549187,26.62458927,106.7211698,106.7302672
856,26.61549187,26.62458927,106.7302672,106.7393646
857,26.61549187,26.62458927,106.7393646,106.748462
858,26.61549187,26.62458927,106.748462,106.7575594
859,26.61549187,26.62458927,106.7575594,106.7666568
860,26.61549187,26.62458927,106.7666568,106.7757542
861,26.61549187,26.62458927,106.7757542,106.7848516
862,26.61549187,26.62458927,106.7848516,106.793949
863,26.61549187,26.62458927,106.793949,106.8030464
864,26.61549187,26.62458927,106.8030464,106.8121438
865,26.61549187,26.62458927,106.8121438,106.8212412
866,26.61549187,26.62458927,106.8212412,106.8303386
867,26.61549187,26.62458927,106.8303386,106.839436
868,26.61549187,26.62458927,106.839436,106.8485334
869,26.62458927,26.63368668,106.566514,106.5756114
870,26.62458927,26.63368668,106.5756114,106.5847088
871,26.62458927,26.63368668,106.5847088,106.5938062
872,26.62458927,26.63368668,106.5938062,106.6029036
873,26.62458927,26.63368668,106.6029036,106.612001
874,26.62458927,26.63368668,106.612001,106.6210984
875,26.62458927,26.63368668,106.6210984,106.6301958
876,26.62458927,26.63368668,106.6301958,106.6392932
877,26.62458927,26.63368668,106.6392932,106.6483906
878,26.62458927,26.63368668,106.6483906,106.657488
879,26.62458927,26.63368668,106.657488,106.6665854
880,26.62458927,26.63368668,106.6665854,106.6756828
881,26.62458927,26.63368668,106.6756828,106.6847802
882,26.62458927,26.63368668,106.6847802,106.6938776
883,26.62458927,26.63368668,106.6938776,106.702975
884,26.62458927,26.63368668,106.702975,106.7120724
885,26.62458927,26.63368668,106.7120724,106.7211698
886,26.62458927,26.63368668,106.7211698,106.7302672
887,26.62458927,26.63368668,106.7302672,106.7393646
888,26.62458927,26.63368668,106.7393646,106.748462
889,26.62458927,26.63368668,106.748462,106.7575594
890,26.62458927,26.63368668,106.7575594,106.7666568
891,26.62458927,26.63368668,106.7666568,106.7757542
892,26.62458927,26.63368668,106.7757542,106.7848516
893,26.62458927,26.63368668,106.7848516,106.793949
894,26.62458927,26.63368668,106.793949,106.8030464
895,26.62458927,26.63368668,106.8030464,106.8121438
896,26.62458927,26.63368668,106.8121438,106.8212412
897,26.62458927,26.63368668,106.8212412,106.8303386
898,26.62458927,26.63368668,106.8303386,106.839436
899,26.62458927,26.63368668,106.839436,106.8485334
900,26.63368668,26.64278408,106.566514,106.5756114
901,26.63368668,26.64278408,106.5756114,106.5847088
902,26.63368668,26.64278408,106.5847088,106.5938062
903,26.63368668,26.64278408,106.5938062,106.6029036
904,26.63368668,26.64278408,106.6029036,106.612001
905,26.63368668,26.64278408,106.612001,106.6210984
906,26.63368668,26.64278408,106.6210984,106.6301958
907,26.63368668,26.64278408,106.6301958,106.6392932
908,26.63368668,26.64278408,106.6392932,106.6483906
909,26.63368668,26.64278408,106.6483906,106.657488
910,26.63368668,26.64278408,106.657488,106.6665854
911,26.63368668,26.64278408,106.6665854,106.6756828
912,26.63368668,26.64278408,106.6756828,106.6847802
913,26.63368668,26.64278408,106.6847802,106.6938776
914,26.63368668,26.64278408,106.6938776,106.702975
915,26.63368668,26.64278408,106.702975,106.7120724
916,26.63368668,26.64278408,106.7120724,106.7211698
917,26.63368668,26.64278408,106.7211698,106.7302672
918,26.63368668,26.64278408,106.7302672,106.7393646
919,26.63368668,26.64278408,106.7393646,106.748462
920,26.63368668,26.64278408,106.748462,106.7575594
921,26.63368668,26.64278408,106.7575594,106.7666568
922,26.63368668,26.64278408,106.7666568,106.7757542
923,26.63368668,26.64278408,106.7757542,106.7848516
924,26.63368668,26.64278408,106.7848516,106.793949
925,26.63368668,26.64278408,106.793949,106.8030464
926,26.63368668,26.64278408,106.8030464,106.8121438
927,26.63368668,26.64278408,106.8121438,106.8212412
928,26.63368668,26.64278408,106.8212412,106.8303386
929,26.63368668,26.64278408,106.8303386,106.839436
930,26.63368668,26.64278408,106.839436,106.8485334
931,26.64278408,26.65188148,106.566514,106.5756114
932,26.64278408,26.65188148,106.5756114,106.5847088
933,26.64278408,26.65188148,106.5847088,106.5938062
934,26.64278408,26.65188148,106.5938062,106.6029036
935,26.64278408,26.65188148,106.6029036,106.612001
936,26.64278408,26.65188148,106.612001,106.6210984
937,26.64278408,26.65188148,106.6210984,106.6301958
938,26.64278408,26.65188148,106.6301958,106.6392932
939,26.64278408,26.65188148,106.6392932,106.6483906
940,26.64278408,26.65188148,106.6483906,106.657488
941,26.64278408,26.65188148,106.657488,106.6665854
942,26.64278408,26.65188148,106.6665854,106.6756828
943,26.64278408,26.65188148,106.6756828,106.6847802
944,26.64278408,26.65188148,106.6847802,106.6938776
945,26.64278408,26.65188148,106.6938776,106.702975
946,26.64278408,26.65188148,106.702975,106.7120724
947,26.64278408,26.65188148,106.7120724,106.7211698
948,26.64278408,26.65188148,106.7211698,106.7302672
949,26.64278408,26.65188148,106.7302672,106.7393646
950,26.64278408,26.65188148,106.7393646,106.748462
951,26.64278408,26.65188148,106.748462,106.7575594
952,26.64278408,26.65188148,106.7575594,106.7666568
953,26.64278408,26.65188148,106.7666568,106.7757542
954,26.64278408,26.65188148,106.7757542,106.7848516
955,26.64278408,26.65188148,106.7848516,106.793949
956,26.64278408,26.65188148,106.793949,106.8030464
957,26.64278408,26.65188148,106.8030464,106.8121438
958,26.64278408,26.65188148,106.8121438,106.8212412
959,26.64278408,26.65188148,106.8212412,106.8303386
960,26.64278408,26.65188148,106.8303386,106.839436
961,26.64278408,26.65188148,106.839436,106.8485334
962,26.65188148,26.66097888,106.566514,106.5756114
963,26.65188148,26.66097888,106.5756114,106.5847088
964,26.65188148,26.66097888,106.5847088,106.5938062
965,26.65188148,26.66097888,106.5938062,106.6029036
966,26.65188148,26.66097888,106.6029036,106.612001
967,26.65188148,26.66097888,106.612001,106.6210984
968,26.65188148,26.66097888,106.6210984,106.6301958
969,26.65188148,26.66097888,106.6301958,106.6392932
970,26.65188148,26.66097888,106.6392932,106.6483906
971,26.65188148,26.66097888,106.6483906,106.657488
972,26.65188148,26.66097888,106.657488,106.6665854
973,26.65188148,26.66097888,106.6665854,106.6756828
974,26.65188148,26.66097888,106.6756828,106.6847802
975,26.65188148,26.66097888,106.6847802,106.6938776
976,26.65188148,26.66097888,106.6938776,106.702975
977,26.65188148,26.66097888,106.702975,106.7120724
978,26.65188148,26.66097888,106.7120724,106.7211698
979,26.65188148,26.66097888,106.7211698,106.7302672
980,26.65188148,26.66097888,106.7302672,106.7393646
981,26.65188148,26.66097888,106.7393646,106.748462
982,26.65188148,26.66097888,106.748462,106.7575594
983,26.65188148,26.66097888,106.7575594,106.7666568
984,26.65188148,26.66097888,106.7666568,106.7757542
985,26.65188148,26.66097888,106.7757542,106.7848516
986,26.65188148,26.66097888,106.7848516,106.793949
987,26.65188148,26.66097888,106.793949,106.8030464
988,26.65188148,26.66097888,106.8030464,106.8121438
989,26.65188148,26.66097888,106.8121438,106.8212412
990,26.65188148,26.66097888,106.8212412,106.8303386
991,26.65188148,26.66097888,106.8303386,106.839436
992,26.65188148,26.66097888,106.839436,106.8485334
993,26.66097888,26.67007629,106.566514,106.5756114
994,26.66097888,26.67007629,106.5756114,106.5847088
995,26.66097888,26.67007629,106.5847088,106.5938062
996,26.66097888,26.67007629,106.5938062,106.6029036
997,26.66097888,26.67007629,106.6029036,106.612001
998,26.66097888,26.67007629,106.612001,106.6210984
999,26.66097888,26.67007629,106.6210984,106.6301958
1000,26.66097888,26.67007629,106.6301958,106.6392932
1001,26.66097888,26.67007629,106.6392932,106.6483906
1002,26.66097888,26.67007629,106.6483906,106.657488
1003,26.66097888,26.67007629,106.657488,106.6665854
1004,26.66097888,26.67007629,106.6665854,106.6756828
1005,26.66097888,26.67007629,106.6756828,106.6847802
1006,26.66097888,26.67007629,106.6847802,106.6938776
1007,26.66097888,26.67007629,106.6938776,106.702975
1008,26.66097888,26.67007629,106.702975,106.7120724
1009,26.66097888,26.67007629,106.7120724,106.7211698
1010,26.66097888,26.67007629,106.7211698,106.7302672
1011,26.66097888,26.67007629,106.7302672,106.7393646
1012,26.66097888,26.67007629,106.7393646,106.748462
1013,26.66097888,26.67007629,106.748462,106.7575594
1014,26.66097888,26.67007629,106.7575594,106.7666568
1015,26.66097888,26.67007629,106.7666568,106.7757542
1016,26.66097888,26.67007629,106.7757542,106.7848516
1017,26.66097888,26.67007629,106.7848516,106.793949
1018,26.66097888,26.67007629,106.793949,106.8030464
1019,26.66097888,26.67007629,106.8030464,106.8121438
1020,26.66097888,26.67007629,106.8121438,106.8212412
1021,26.66097888,26.67007629,106.8212412,106.8303386
1022,26.66097888,26.67007629,106.8303386,106.839436
1023,26.66097888,26.67007629,106.839436,106.8485334
1024,26.67007629,26.67917369,106.566514,106.5756114
1025,26.67007629,26.67917369,106.5756114,106.5847088
1026,26.67007629,26.67917369,106.5847088,106.5938062
1027,26.67007629,26.67917369,106.5938062,106.6029036
1028,26.67007629,26.67917369,106.6029036,106.612001
1029,26.67007629,26.67917369,106.612001,106.6210984
1030,26.67007629,26.67917369,106.6210984,106.6301958
1031,26.67007629,26.67917369,106.6301958,106.6392932
1032,26.67007629,26.67917369,106.6392932,106.6483906
1033,26.67007629,26.67917369,106.6483906,106.657488
1034,26.67007629,26.67917369,106.657488,106.6665854
1035,26.67007629,26.67917369,106.6665854,106.6756828
1036,26.67007629,26.67917369,106.6756828,106.6847802
1037,26.67007629,26.67917369,106.6847802,106.6938776
1038,26.67007629,26.67917369,106.6938776,106.702975
1039,26.67007629,26.67917369,106.702975,106.7120724
1040,26.67007629,26.67917369,106.7120724,106.7211698
1041,26.67007629,26.67917369,106.7211698,106.7302672
1042,26.67007629,26.67917369,106.7302672,106.7393646
1043,26.67007629,26.67917369,106.7393646,106.748462
1044,26.67007629,26.67917369,106.748462,106.7575594
1045,26.67007629,26.67917369,106.7575594,106.7666568
1046,26.67007629,26.67917369,106.7666568,106.7757542
1047,26.67007629,26.67917369,106.7757542,106.7848516
1048,26.67007629,26.67917369,106.7848516,106.793949
1049,26.67007629,26.67917369,106.793949,106.8030464
1050,26.67007629,26.67917369,106.8030464,106.8121438
1051,26.67007629,26.67917369,106.8121438,106.8212412
1052,26.67007629,26.67917369,106.8212412,106.8303386
1053,26.67007629,26.67917369,106.8303386,106.839436
1054,26.67007629,26.67917369,106.839436,106.8485334
1055,26.67917369,26.68827109,106.566514,106.5756114
1056,26.67917369,26.68827109,106.5756114,106.5847088
1057,26.67917369,26.68827109,106.5847088,106.5938062
1058,26.67917369,26.68827109,106.5938062,106.6029036
1059,26.67917369,26.68827109,106.6029036,106.612001
1060,26.67917369,26.68827109,106.612001,106.6210984
1061,26.67917369,26.68827109,106.6210984,106.6301958
1062,26.67917369,26.68827109,106.6301958,106.6392932
1063,26.67917369,26.68827109,106.6392932,106.6483906
1064,26.67917369,26.68827109,106.6483906,106.657488
1065,26.67917369,26.68827109,106.657488,106.6665854
1066,26.67917369,26.68827109,106.6665854,106.6756828
1067,26.67917369,26.68827109,106.6756828,106.6847802
1068,26.67917369,26.68827109,106.6847802,106.6938776
1069,26.67917369,26.68827109,106.6938776,106.702975
1070,26.67917369,26.68827109,106.702975,106.7120724
1071,26.67917369,26.68827109,106.7120724,106.7211698
1072,26.67917369,26.68827109,106.7211698,106.7302672
1073,26.67917369,26.68827109,106.7302672,106.7393646
1074,26.67917369,26.68827109,106.7393646,106.748462
1075,26.67917369,26.68827109,106.748462,106.7575594
1076,26.67917369,26.68827109,106.7575594,106.7666568
1077,26.67917369,26.68827109,106.7666568,106.7757542
1078,26.67917369,26.68827109,106.7757542,106.7848516
1079,26.67917369,26.68827109,106.7848516,106.793949
1080,26.67917369,26.68827109,106.793949,106.8030464
1081,26.67917369,26.68827109,106.8030464,106.8121438
1082,26.67917369,26.68827109,106.8121438,106.8212412
1083,26.67917369,26.68827109,106.8212412,106.8303386
1084,26.67917369,26.68827109,106.8303386,106.839436
1085,26.67917369,26.68827109,106.839436,106.8485334
1086,26.68827109,26.69736849,106.566514,106.5756114
1087,26.68827109,26.69736849,106.5756114,106.5847088
1088,26.68827109,26.69736849,106.5847088,106.5938062
1089,26.68827109,26.69736849,106.5938062,106.6029036
1090,26.68827109,26.69736849,106.6029036,106.612001
1091,26.68827109,26.69736849,106.612001,106.6210984
1092,26.68827109,26.69736849,106.6210984,106.6301958
1093,26.68827109,26.69736849,106.6301958,106.6392932
1094,26.68827109,26.69736849,106.6392932,106.6483906
1095,26.68827109,26.69736849,106.6483906,106.657488
1096,26.68827109,26.69736849,106.657488,106.6665854
1097,26.68827109,26.69736849,106.6665854,106.6756828
1098,26.68827109,26.69736849,106.6756828,106.6847802
1099,26.68827109,26.69736849,106.6847802,106.6938776
1100,26.68827109,26.69736849,106.6938776,106.702975
1101,26.68827109,26.69736849,106.702975,106.7120724
1102,26.68827109,26.69736849,106.7120724,106.7211698
1103,26.68827109,26.69736849,106.7211698,106.7302672
1104,26.68827109,26.69736849,106.7302672,106.7393646
1105,26.68827109,26.69736849,106.7393646,106.748462
1106,26.68827109,26.69736849,106.748462,106.7575594
1107,26.68827109,26.69736849,106.7575594,106.7666568
1108,26.68827109,26.69736849,106.7666568,106.7757542
1109,26.68827109,26.69736849,106.7757542,106.7848516
1110,26.68827109,26.69736849,106.7848516,106.793949
1111,26.68827109,26.69736849,106.793949,106.8030464
1112,26.68827109,26.69736849,106.8030464,106.8121438
1113,26.68827109,26.69736849,106.8121438,106.8212412
1114,26.68827109,26.69736849,106.8212412,106.8303386
1115,26.68827109,26.69736849,106.8303386,106.839436
1116,26.68827109,26.69736849,106.839436,106.8485334
1117,26.69736849,26.7064659,106.566514,106.5756114
1118,26.69736849,26.7064659,106.5756114,106.5847088
1119,26.69736849,26.7064659,106.5847088,106.5938062
1120,26.69736849,26.7064659,106.5938062,106.6029036
1121,26.69736849,26.7064659,106.6029036,106.612001
1122,26.69736849,26.7064659,106.612001,106.6210984
1123,26.69736849,26.7064659,106.6210984,106.6301958
1124,26.69736849,26.7064659,106.6301958,106.6392932
1125,26.69736849,26.7064659,106.6392932,106.6483906
1126,26.69736849,26.7064659,106.6483906,106.657488
1127,26.69736849,26.7064659,106.657488,106.6665854
1128,26.69736849,26.7064659,106.6665854,106.6756828
1129,26.69736849,26.7064659,106.6756828,106.6847802
1130,26.69736849,26.7064659,106.6847802,106.6938776
1131,26.69736849,26.7064659,106.6938776,106.702975
1132,26.69736849,26.7064659,106.702975,106.7120724
1133,26.69736849,26.7064659,106.7120724,106.7211698
1134,26.69736849,26.7064659,106.7211698,106.7302672
1135,26.69736849,26.7064659,106.7302672,106.7393646
1136,26.69736849,26.7064659,106.7393646,106.748462
1137,26.69736849,26.7064659,106.748462,106.7575594
1138,26.69736849,26.7064659,106.7575594,106.7666568
1139,26.69736849,26.7064659,106.7666568,106.7757542
1140,26.69736849,26.7064659,106.7757542,106.7848516
1141,26.69736849,26.7064659,106.7848516,106.793949
1142,26.69736849,26.7064659,106.793949,106.8030464
1143,26.69736849,26.7064659,106.8030464,106.8121438
1144,26.69736849,26.7064659,106.8121438,106.8212412
1145,26.69736849,26.7064659,106.8212412,106.8303386
1146,26.69736849,26.7064659,106.8303386,106.839436
1147,26.69736849,26.7064659,106.839436,106.8485334
1148,26.7064659,26.7155633,106.566514,106.5756114
1149,26.7064659,26.7155633,106.5756114,106.5847088
1150,26.7064659,26.7155633,106.5847088,106.5938062
1151,26.7064659,26.7155633,106.5938062,106.6029036
1152,26.7064659,26.7155633,106.6029036,106.612001
1153,26.7064659,26.7155633,106.612001,106.6210984
1154,26.7064659,26.7155633,106.6210984,106.6301958
1155,26.7064659,26.7155633,106.6301958,106.6392932
1156,26.7064659,26.7155633,106.6392932,106.6483906
1157,26.7064659,26.7155633,106.6483906,106.657488
1158,26.7064659,26.7155633,106.657488,106.6665854
1159,26.7064659,26.7155633,106.6665854,106.6756828
1160,26.7064659,26.7155633,106.6756828,106.6847802
1161,26.7064659,26.7155633,106.6847802,106.6938776
1162,26.7064659,26.7155633,106.6938776,106.702975
1163,26.7064659,26.7155633,106.702975,106.7120724
1164,26.7064659,26.7155633,106.7120724,106.7211698
1165,26.7064659,26.7155633,106.7211698,106.7302672
1166,26.7064659,26.7155633,106.7302672,106.7393646
1167,26.7064659,26.7155633,106.7393646,106.748462
1168,26.7064659,26.7155633,106.748462,106.7575594
1169,26.7064659,26.7155633,106.7575594,106.7666568
1170,26.7064659,26.7155633,106.7666568,106.7757542
1171,26.7064659,26.7155633,106.7757542,106.7848516
1172,26.7064659,26.7155633,106.7848516,106.793949
1173,26.7064659,26.7155633,106.793949,106.8030464
1174,26.7064659,26.7155633,106.8030464,106.8121438
1175,26.7064659,26.7155633,106.8121438,106.8212412
1176,26.7064659,26.7155633,106.8212412,106.8303386
1177,26.7064659,26.7155633,106.8303386,106.839436
1178,26.7064659,26.7155633,106.839436,106.8485334
1179,26.7155633,26.7246607,106.566514,106.5756114
1180,26.7155633,26.7246607,106.5756114,106.5847088
1181,26.7155633,26.7246607,106.5847088,106.5938062
1182,26.7155633,26.7246607,106.5938062,106.6029036
1183,26.7155633,26.7246607,106.6029036,106.612001
1184,26.7155633,26.7246607,106.612001,106.6210984
1185,26.7155633,26.7246607,106.6210984,106.6301958
1186,26.7155633,26.7246607,106.6301958,106.6392932
1187,26.7155633,26.7246607,106.6392932,106.6483906
1188,26.7155633,26.7246607,106.6483906,106.657488
1189,26.7155633,26.7246607,106.657488,106.6665854
1190,26.7155633,26.7246607,106.6665854,106.6756828
1191,26.7155633,26.7246607,106.6756828,106.6847802
1192,26.7155633,26.7246607,106.6847802,106.6938776
1193,26.7155633,26.7246607,106.6938776,106.702975
1194,26.7155633,26.7246607,106.702975,106.7120724
1195,26.7155633,26.7246607,106.7120724,106.7211698
1196,26.7155633,26.7246607,106.7211698,106.7302672
1197,26.7155633,26.7246607,106.7302672,106.7393646
1198,26.7155633,26.7246607,106.7393646,106.748462
1199,26.7155633,26.7246607,106.748462,106.7575594
1200,26.7155633,26.7246607,106.7575594,106.7666568
1201,26.7155633,26.7246607,106.7666568,106.7757542
1202,26.7155633,26.7246607,106.7757542,106.7848516
1203,26.7155633,26.7246607,106.7848516,106.793949
1204,26.7155633,26.7246607,106.793949,106.8030464
1205,26.7155633,26.7246607,106.8030464,106.8121438
1206,26.7155633,26.7246607,106.8121438,106.8212412
1207,26.7155633,26.7246607,106.8212412,106.8303386
1208,26.7155633,26.7246607,106.8303386,106.839436
1209,26.7155633,26.7246607,106.839436,106.8485334
