912ba5da04c03e75f2137f85b1a76e24,2016-09-05 00:44:37,2016-09-05 07:27:08,26.639764244774,106.79645431958001,stay
912ba5da04c03e75f2137f85b1a76e24,2016-09-05 08:22:25,2016-09-05 09:16:48,26.639267564126,106.78963655469,stay
912ba5da04c03e75f2137f85b1a76e24,2016-09-05 09:59:08,2016-09-05 15:28:46,26.639764244774,106.79645431958002,stay
912ba5da04c03e75f2137f85b1a76e24,2016-09-05 16:14:48,2016-09-05 16:30:48,26.639267564126,106.78963655469,stay
912ba5da04c03e75f2137f85b1a76e24,2016-09-05 17:12:20,2016-09-06 12:27:57,26.639764244774014,106.79645431958005,stay
912ba5da04c03e75f2137f85b1a76e24,2016-09-06 13:14:19,2016-09-06 13:30:19,26.642591739063,106.78911175740001,stay
912ba5da04c03e75f2137f85b1a76e24,2016-09-06 14:16:22,2016-09-06 17:03:37,26.639764244774,106.79645431958001,stay
912ba5da04c03e75f2137f85b1a76e24,2016-09-06 17:57:39,2016-09-06 18:51:41,26.6409296515945,106.789374156045,stay
912ba5da04c03e75f2137f85b1a76e24,2016-09-06 19:45:43,2016-09-07 00:11:31,26.639764244774,106.79645431958001,stay
912ba5da04c03e75f2137f85b1a76e24,2016-09-07 00:57:34,2016-09-07 01:13:34,26.642591739063,106.78911175740001,stay
912ba5da04c03e75f2137f85b1a76e24,2016-09-07 01:59:35,2016-09-07 03:47:39,26.639764244774,106.79645431958001,stay
912ba5da04c03e75f2137f85b1a76e24,2016-09-07 04:33:42,2016-09-07 04:49:42,26.642591739063,106.78911175740001,stay
912ba5da04c03e75f2137f85b1a76e24,2016-09-07 05:35:44,2016-09-07 07:23:48,26.639764244774,106.79645431958001,stay
912ba5da04c03e75f2137f85b1a76e24,2016-09-07 08:17:51,2016-09-07 09:11:54,26.642591739063,106.78911175740001,stay
912ba5da04c03e75f2137f85b1a76e24,2016-09-07 10:05:56,2016-09-07 12:25:15,26.639764244774,106.79645431958002,stay
912ba5da04c03e75f2137f85b1a76e24,2016-09-07 13:19:17,2016-09-07 15:07:21,26.642591739063004,106.78911175740001,stay
912ba5da04c03e75f2137f85b1a76e24,2016-09-07 15:13:29,2016-09-08 05:46:39,26.63976424477401,106.79645431958005,stay
912ba5da04c03e75f2137f85b1a76e24,2016-09-08 06:32:41,2016-09-08 06:48:41,26.639267564126,106.78963655469,stay
912ba5da04c03e75f2137f85b1a76e24,2016-09-08 07:34:43,2016-09-08 09:12:50,26.639764244774,106.79645431958001,stay
912ba5da04c03e75f2137f85b1a76e24,2016-09-08 10:06:51,2016-09-08 11:00:53,26.639267564126,106.78963655469,stay
912ba5da04c03e75f2137f85b1a76e24,2016-09-08 11:54:55,2016-09-08 11:54:55,26.639764244774,106.79645431958001,normal
912ba5da04c03e75f2137f85b1a76e24,2016-09-08 12:36:29,2016-09-08 12:36:29,26.639267564126,106.78963655469,normal
912ba5da04c03e75f2137f85b1a76e24,2016-09-08 13:30:52,2016-09-08 13:30:52,26.639764244774,106.79645431958001,normal
912ba5da04c03e75f2137f85b1a76e24,2016-09-08 14:24:54,2016-09-08 14:24:54,26.639267564126,106.78963655469,normal
912ba5da04c03e75f2137f85b1a76e24,2016-09-08 15:18:56,2016-09-08 17:07:00,26.639764244774,106.79645431958001,stay
912ba5da04c03e75f2137f85b1a76e24,2016-09-08 18:01:03,2016-09-08 18:01:03,26.639267564126,106.78963655469,normal
912ba5da04c03e75f2137f85b1a76e24,2016-09-08 18:39:24,2016-09-08 18:39:24,26.639764244774,106.79645431958001,normal
912ba5da04c03e75f2137f85b1a76e24,2016-09-08 18:40:59,2016-09-08 18:40:59,26.639764244774,106.79645431958001,normal
912ba5da04c03e75f2137f85b1a76e24,2016-09-08 19:27:01,2016-09-08 19:43:01,26.639267564126,106.78963655469,stay
912ba5da04c03e75f2137f85b1a76e24,2016-09-08 20:29:04,2016-09-09 07:05:40,26.639764244774,106.79645431958004,stay
912ba5da04c03e75f2137f85b1a76e24,2016-09-09 08:47:50,2016-09-09 09:03:50,26.642591739063,106.78911175740001,stay
912ba5da04c03e75f2137f85b1a76e24,2016-09-09 09:49:53,2016-09-10 00:27:48,26.63976424477401,106.79645431958006,stay
912ba5da04c03e75f2137f85b1a76e24,2016-09-10 01:21:50,2016-09-10 04:04:11,26.642591739063,106.78911175740001,stay
912ba5da04c03e75f2137f85b1a76e24,2016-09-10 04:50:16,2016-09-10 05:06:16,26.639764244774,106.79645431958001,stay
912ba5da04c03e75f2137f85b1a76e24,2016-09-10 05:52:19,2016-09-10 08:34:25,26.641483680750667,106.78928668983,stay
912ba5da04c03e75f2137f85b1a76e24,2016-09-10 09:28:27,2016-09-10 15:34:36,26.639764244774,106.79645431958001,stay
912ba5da04c03e75f2137f85b1a76e24,2016-09-10 16:28:38,2016-09-10 17:22:40,26.639267564126,106.78963655469,stay
912ba5da04c03e75f2137f85b1a76e24,2016-09-10 18:18:29,2016-09-11 00:07:44,26.639814244774,106.79642098624669,stay
912ba5da04c03e75f2137f85b1a76e24,2016-09-11 00:53:46,2016-09-11 01:09:46,26.642891739063,106.7889117574,stay
912ba5da04c03e75f2137f85b1a76e24,2016-09-11 01:55:48,2016-09-11 08:14:08,26.640064244774003,106.79625431958002,stay
912ba5da04c03e75f2137f85b1a76e24,2016-09-11 09:00:10,2016-09-11 09:16:10,26.642891739063,106.7889117574,stay
912ba5da04c03e75f2137f85b1a76e24,2016-09-11 10:02:12,2016-09-11 15:29:24,26.640064244774003,106.79625431958002,stay
912ba5da04c03e75f2137f85b1a76e24,2016-09-11 16:23:26,2016-09-11 17:17:43,26.6412296515945,106.789174156045,stay
912ba5da04c03e75f2137f85b1a76e24,2016-09-11 18:11:45,2016-09-11 21:53:43,26.640064244774,106.79625431958,stay
912ba5da04c03e75f2137f85b1a76e24,2016-09-11 22:47:48,2016-09-11 22:47:48,26.642891739063,106.7889117574,normal
912ba5da04c03e75f2137f85b1a76e24,2016-09-11 23:41:50,2016-09-11 23:41:50,26.640064244774,106.79625431958,normal
09993f5146450150a05555928baaf49d,2016-09-05 00:29:02,2016-09-05 09:30:43,27.000398788722006,106.44796204874001,stay
09993f5146450150a05555928baaf49d,2016-09-05 10:22:43,2016-09-05 10:38:43,26.998516116807,106.44165338251001,stay
09993f5146450150a05555928baaf49d,2016-09-05 11:30:45,2016-09-06 08:19:21,26.999789615146707,106.44840268529295,stay
09993f5146450150a05555928baaf49d,2016-09-06 09:19:22,2016-09-06 09:19:22,26.998516116807,106.44165338251001,normal
09993f5146450150a05555928baaf49d,2016-09-06 09:29:04,2016-09-06 09:29:04,27.000398788722,106.44796204874001,normal
09993f5146450150a05555928baaf49d,2016-09-06 10:36:06,2016-09-06 12:35:10,26.998516116807,106.44165338251001,stay
09993f5146450150a05555928baaf49d,2016-09-06 13:35:11,2016-09-06 22:07:44,27.000398788722006,106.44796204874001,stay
09993f5146450150a05555928baaf49d,2016-09-06 22:59:45,2016-09-06 23:15:45,26.998516116807,106.44165338251001,stay
09993f5146450150a05555928baaf49d,2016-09-06 23:45:07,2016-09-07 07:15:24,27.000398788722006,106.44796204874001,stay
09993f5146450150a05555928baaf49d,2016-09-07 08:15:26,2016-09-07 09:34:06,26.998516116807004,106.44165338251,stay
09993f5146450150a05555928baaf49d,2016-09-07 10:03:36,2016-09-07 10:19:36,26.997809801027,106.44983475409,stay
09993f5146450150a05555928baaf49d,2016-09-07 10:11:49,2016-09-07 10:11:49,27.000398788722,106.44796204874001,normal
09993f5146450150a05555928baaf49d,2016-09-07 10:12:00,2016-09-07 10:12:00,27.000398788722,106.44796204874001,normal
09993f5146450150a05555928baaf49d,2016-09-07 11:12:06,2016-09-07 11:52:27,26.998516116807,106.44165338251001,stay
09993f5146450150a05555928baaf49d,2016-09-07 12:52:27,2016-09-07 16:03:47,27.000028933337006,106.44822957807573,stay
09993f5146450150a05555928baaf49d,2016-09-07 16:26:02,2016-09-07 16:42:02,26.843962540261,106.43013611432,stay
09993f5146450150a05555928baaf49d,2016-09-07 17:35:16,2016-09-08 09:27:51,27.00031248913217,106.44802447225167,stay
09993f5146450150a05555928baaf49d,2016-09-08 09:28:44,2016-09-08 09:28:44,26.998516116807,106.44165338251001,normal
09993f5146450150a05555928baaf49d,2016-09-08 09:29:44,2016-09-08 10:29:48,27.000398788722,106.44796204874001,stay
09993f5146450150a05555928baaf49d,2016-09-08 11:09:06,2016-09-08 11:09:06,26.998516116807,106.44165338251001,normal
09993f5146450150a05555928baaf49d,2016-09-08 11:09:57,2016-09-08 11:09:57,26.998516116807,106.44165338251001,normal
09993f5146450150a05555928baaf49d,2016-09-08 11:21:23,2016-09-08 11:21:23,27.000398788722,106.44796204874001,normal
09993f5146450150a05555928baaf49d,2016-09-08 11:21:48,2016-09-08 11:21:48,27.000398788722,106.44796204874001,normal
09993f5146450150a05555928baaf49d,2016-09-08 12:10:00,2016-09-08 13:10:49,26.998516116807004,106.44165338251,stay
09993f5146450150a05555928baaf49d,2016-09-08 13:22:26,2016-09-09 10:24:58,26.999670635932777,106.44848874711965,stay
09993f5146450150a05555928baaf49d,2016-09-09 11:25:00,2016-09-09 11:25:00,26.998516116807,106.44165338251001,normal
09993f5146450150a05555928baaf49d,2016-09-09 12:25:01,2016-09-09 12:25:01,27.000398788722,106.44796204874001,normal
09993f5146450150a05555928baaf49d,2016-09-09 13:17:03,2016-09-09 13:33:03,26.998516116807,106.44165338251001,stay
09993f5146450150a05555928baaf49d,2016-09-09 14:26:31,2016-09-09 15:26:33,27.000398788722,106.44796204874001,stay
09993f5146450150a05555928baaf49d,2016-09-09 16:18:34,2016-09-09 16:34:34,26.998516116807,106.44165338251001,stay
09993f5146450150a05555928baaf49d,2016-09-09 16:48:14,2016-09-10 07:07:09,27.000075165260128,106.44819613690875,stay
09993f5146450150a05555928baaf49d,2016-09-10 08:07:10,2016-09-10 10:20:05,26.998516116807004,106.44165338251,stay
09993f5146450150a05555928baaf49d,2016-09-10 11:20:07,2016-09-10 11:20:07,27.000398788722,106.44796204874001,normal
09993f5146450150a05555928baaf49d,2016-09-10 12:20:09,2016-09-10 12:20:09,26.998516116807,106.44165338251001,normal
09993f5146450150a05555928baaf49d,2016-09-10 12:58:55,2016-09-11 04:00:11,27.000473788722008,106.44791204874002,stay
09993f5146450150a05555928baaf49d,2016-09-11 05:00:13,2016-09-11 05:00:13,26.998816116807,106.44145338251,normal
09993f5146450150a05555928baaf49d,2016-09-11 07:21:29,2016-09-11 07:37:29,27.04691026,106.4489387,stay
09993f5146450150a05555928baaf49d,2016-09-11 08:29:31,2016-09-11 13:25:44,27.000698788721994,106.44776204874002,stay
09993f5146450150a05555928baaf49d,2016-09-11 13:44:13,2016-09-11 15:04:52,26.998816116807003,106.44145338250999,stay
09993f5146450150a05555928baaf49d,2016-09-11 15:35:44,2016-09-11 15:35:44,26.980501811624,106.46096265144,normal
09993f5146450150a05555928baaf49d,2016-09-11 15:35:52,2016-09-11 15:35:52,26.980501811624,106.46096265144,normal
09993f5146450150a05555928baaf49d,2016-09-11 15:36:17,2016-09-11 15:36:17,26.980501811624,106.46096265144,normal
09993f5146450150a05555928baaf49d,2016-09-11 15:36:49,2016-09-11 15:36:49,26.980501811624,106.46096265144,normal
09993f5146450150a05555928baaf49d,2016-09-11 16:19:40,2016-09-11 16:19:40,26.805201693388998,106.71374263113,normal
09993f5146450150a05555928baaf49d,2016-09-11 17:11:13,2016-09-11 17:11:13,26.621992622996,106.7667741352,normal
09993f5146450150a05555928baaf49d,2016-09-11 17:12:03,2016-09-11 17:12:03,26.62116405,106.761026,normal
09993f5146450150a05555928baaf49d,2016-09-11 17:19:51,2016-09-11 17:19:51,26.576391084529,106.75161642432,normal
09993f5146450150a05555928baaf49d,2016-09-11 17:44:33,2016-09-11 17:44:33,26.593164184128998,106.78576855513,normal
09993f5146450150a05555928baaf49d,2016-09-11 17:46:52,2016-09-11 17:46:52,26.593164184128998,106.78576855513,normal
09993f5146450150a05555928baaf49d,2016-09-11 17:47:18,2016-09-11 17:47:18,26.593164184128998,106.78576855513,normal
09993f5146450150a05555928baaf49d,2016-09-11 17:47:24,2016-09-11 17:47:24,26.593164184128998,106.78576855513,normal
09993f5146450150a05555928baaf49d,2016-09-11 17:48:10,2016-09-11 17:48:10,26.60112934,106.7753159,normal
09993f5146450150a05555928baaf49d,2016-09-11 17:52:01,2016-09-11 17:52:01,26.643678363572,106.76413946398,normal
09993f5146450150a05555928baaf49d,2016-09-11 17:53:44,2016-09-11 17:53:44,26.645437194777998,106.75559834555,normal
09993f5146450150a05555928baaf49d,2016-09-11 18:11:42,2016-09-11 18:11:42,26.816273204124,106.72021734263,normal
09993f5146450150a05555928baaf49d,2016-09-11 19:11:43,2016-09-11 19:11:43,26.849243734509,106.61101065456,normal
09993f5146450150a05555928baaf49d,2016-09-11 19:41:44,2016-09-11 19:41:44,26.928669029934998,106.57877449834,normal
09993f5146450150a05555928baaf49d,2016-09-11 19:42:06,2016-09-11 19:42:06,26.928669029934998,106.57877449834,normal
09993f5146450150a05555928baaf49d,2016-09-11 19:42:37,2016-09-11 19:42:37,26.928669029934998,106.57877449834,normal
09993f5146450150a05555928baaf49d,2016-09-11 20:42:39,2016-09-11 20:42:39,27.000698788721998,106.44776204874,normal
09993f5146450150a05555928baaf49d,2016-09-11 21:08:07,2016-09-11 21:08:07,26.998816116807,106.44145338251,normal
09993f5146450150a05555928baaf49d,2016-09-11 21:08:19,2016-09-11 21:08:19,26.998816116807,106.44145338251,normal
09993f5146450150a05555928baaf49d,2016-09-11 21:08:31,2016-09-11 21:08:31,26.998816116807,106.44145338251,normal
09993f5146450150a05555928baaf49d,2016-09-11 21:18:29,2016-09-11 23:18:32,27.000698788722,106.44776204874,stay
a6be75d9512f51224cc24619e83d0217,2016-09-05 00:12:20,2016-09-05 06:09:57,27.065834840000004,106.79857790000003,stay
a6be75d9512f51224cc24619e83d0217,2016-09-05 12:11:55,2016-09-05 12:11:55,26.60082934,106.7755159,normal
a6be75d9512f51224cc24619e83d0217,2016-09-05 12:12:06,2016-09-05 12:12:06,26.60082934,106.7755159,normal
a6be75d9512f51224cc24619e83d0217,2016-09-05 12:12:26,2016-09-05 12:12:26,26.60082934,106.7755159,normal
a6be75d9512f51224cc24619e83d0217,2016-09-05 12:13:00,2016-09-05 12:13:00,26.60082934,106.7755159,normal
a6be75d9512f51224cc24619e83d0217,2016-09-05 12:13:17,2016-09-05 12:13:17,26.60082934,106.7755159,normal
a6be75d9512f51224cc24619e83d0217,2016-09-05 12:13:27,2016-09-05 12:13:27,26.60082934,106.7755159,normal
a6be75d9512f51224cc24619e83d0217,2016-09-05 12:29:47,2016-09-05 12:48:35,26.68690723738,106.89036311678001,stay
a6be75d9512f51224cc24619e83d0217,2016-09-05 13:01:55,2016-09-05 13:01:55,26.60082934,106.7755159,normal
a6be75d9512f51224cc24619e83d0217,2016-09-05 13:20:36,2016-09-05 13:20:36,26.68005232,106.8993822,normal
a6be75d9512f51224cc24619e83d0217,2016-09-05 13:27:11,2016-09-05 13:27:11,26.68690723738,106.89036311678001,normal
a6be75d9512f51224cc24619e83d0217,2016-09-05 13:29:09,2016-09-05 13:29:09,26.68690723738,106.89036311678001,normal
a6be75d9512f51224cc24619e83d0217,2016-09-05 13:31:07,2016-09-05 13:31:07,26.68690723738,106.89036311678001,normal
a6be75d9512f51224cc24619e83d0217,2016-09-05 13:53:53,2016-09-05 13:53:53,26.61457003,106.7691274,normal
a6be75d9512f51224cc24619e83d0217,2016-09-05 13:58:02,2016-09-05 13:58:02,26.614570034609,106.76912741829001,normal
a6be75d9512f51224cc24619e83d0217,2016-09-05 14:14:19,2016-09-05 14:14:19,26.659935484715,106.85961415161,normal
a6be75d9512f51224cc24619e83d0217,2016-09-05 14:19:28,2016-09-05 14:19:28,26.68005232,106.8993822,normal
a6be75d9512f51224cc24619e83d0217,2016-09-05 14:28:18,2016-09-05 14:28:18,26.68005232,106.8993822,normal
a6be75d9512f51224cc24619e83d0217,2016-09-05 14:46:17,2016-09-05 14:46:17,26.659935484715,106.85961415161,normal
a6be75d9512f51224cc24619e83d0217,2016-09-05 14:46:49,2016-09-05 14:46:49,26.659935484715,106.85961415161,normal
a6be75d9512f51224cc24619e83d0217,2016-09-05 14:51:42,2016-09-05 14:51:42,26.68690723738,106.89036311678001,normal
a6be75d9512f51224cc24619e83d0217,2016-09-05 15:09:03,2016-09-05 15:09:03,26.68005232,106.8993822,normal
a6be75d9512f51224cc24619e83d0217,2016-09-05 15:24:17,2016-09-05 15:45:49,26.659935484715,106.85961415161,stay
a6be75d9512f51224cc24619e83d0217,2016-09-05 16:06:29,2016-09-05 16:46:31,26.68005232,106.8993822,stay
a6be75d9512f51224cc24619e83d0217,2016-09-05 17:03:14,2016-09-05 17:03:14,26.70184311,106.8484351,normal
a6be75d9512f51224cc24619e83d0217,2016-09-05 17:08:21,2016-09-05 17:08:21,26.68690723738,106.89036311678001,normal
a6be75d9512f51224cc24619e83d0217,2016-09-05 17:43:04,2016-09-05 17:43:04,26.68005232,106.8993822,normal
a6be75d9512f51224cc24619e83d0217,2016-09-05 17:52:40,2016-09-05 18:53:38,26.614570034609,106.76912741829001,stay
a6be75d9512f51224cc24619e83d0217,2016-09-05 19:42:07,2016-09-05 19:42:07,26.68005232,106.8993822,normal
a6be75d9512f51224cc24619e83d0217,2016-09-05 20:02:37,2016-09-05 20:02:37,26.68690723738,106.89036311678001,normal
a6be75d9512f51224cc24619e83d0217,2016-09-05 20:12:32,2016-09-05 20:12:32,26.68690723738,106.89036311678001,normal
a6be75d9512f51224cc24619e83d0217,2016-09-05 20:21:24,2016-09-05 20:21:24,26.614570034609,106.76912741829001,normal
a6be75d9512f51224cc24619e83d0217,2016-09-05 20:58:07,2016-09-05 20:58:07,26.630419816942,106.7751085751,normal
a6be75d9512f51224cc24619e83d0217,2016-09-05 21:54:00,2016-09-05 22:54:01,26.68005232,106.8993822,stay
a6be75d9512f51224cc24619e83d0217,2016-09-05 23:54:02,2016-09-06 05:54:42,26.70184311,106.84843509999999,stay
a6be75d9512f51224cc24619e83d0217,2016-09-06 06:54:44,2016-09-06 08:26:28,26.68005232,106.8993822,stay
a6be75d9512f51224cc24619e83d0217,2016-09-06 09:00:08,2016-09-06 09:00:08,26.68690723738,106.89036311678001,normal
a6be75d9512f51224cc24619e83d0217,2016-09-06 10:00:42,2016-09-06 10:00:42,26.60082934,106.7755159,normal
a6be75d9512f51224cc24619e83d0217,2016-09-06 10:33:53,2016-09-06 10:33:53,26.61457003,106.7691274,normal
a6be75d9512f51224cc24619e83d0217,2016-09-06 10:34:19,2016-09-06 10:34:19,26.61457003,106.7691274,normal
a6be75d9512f51224cc24619e83d0217,2016-09-06 10:34:51,2016-09-06 10:34:51,26.61457003,106.7691274,normal
a6be75d9512f51224cc24619e83d0217,2016-09-06 10:35:11,2016-09-06 10:35:11,26.61457003,106.7691274,normal
a6be75d9512f51224cc24619e83d0217,2016-09-06 10:37:53,2016-09-06 10:37:53,26.61457003,106.7691274,normal
a6be75d9512f51224cc24619e83d0217,2016-09-06 10:40:26,2016-09-06 10:40:26,26.614570034609,106.76912741829001,normal
a6be75d9512f51224cc24619e83d0217,2016-09-06 11:15:18,2016-09-06 11:15:18,27.06583484,106.79857790000001,normal
a6be75d9512f51224cc24619e83d0217,2016-09-06 11:56:20,2016-09-06 11:56:20,26.60082934,106.7755159,normal
a6be75d9512f51224cc24619e83d0217,2016-09-06 12:06:52,2016-09-06 12:28:15,26.68690723738,106.89036311678001,stay
a6be75d9512f51224cc24619e83d0217,2016-09-06 13:30:04,2016-09-06 15:02:15,26.60083650473536,106.77551801658716,stay
a6be75d9512f51224cc24619e83d0217,2016-09-06 15:23:06,2016-09-06 15:23:06,26.68690723738,106.89036311678001,normal
a6be75d9512f51224cc24619e83d0217,2016-09-06 15:37:11,2016-09-06 15:37:11,26.614570034609,106.76912741829001,normal
a6be75d9512f51224cc24619e83d0217,2016-09-06 15:38:04,2016-09-06 15:38:04,26.614570034609,106.76912741829001,normal
a6be75d9512f51224cc24619e83d0217,2016-09-06 15:40:41,2016-09-06 15:40:41,26.614570034609,106.76912741829001,normal
a6be75d9512f51224cc24619e83d0217,2016-09-06 15:41:06,2016-09-06 15:41:06,26.614570034609,106.76912741829001,normal
a6be75d9512f51224cc24619e83d0217,2016-09-06 15:50:08,2016-09-06 16:39:22,26.68690723738,106.89036311678001,stay
a6be75d9512f51224cc24619e83d0217,2016-09-06 16:44:52,2016-09-06 16:44:52,26.70184311,106.8484351,normal
a6be75d9512f51224cc24619e83d0217,2016-09-06 17:03:52,2016-09-06 20:22:34,26.600829339999997,106.77551589999999,stay
a6be75d9512f51224cc24619e83d0217,2016-09-06 20:37:49,2016-09-06 20:37:49,26.70184311,106.8484351,normal
a6be75d9512f51224cc24619e83d0217,2016-09-06 20:52:07,2016-09-06 20:52:07,26.614570034609,106.76912741829001,normal
a6be75d9512f51224cc24619e83d0217,2016-09-06 20:55:53,2016-09-06 20:55:53,26.614570034609,106.76912741829001,normal
a6be75d9512f51224cc24619e83d0217,2016-09-06 20:56:53,2016-09-06 20:56:53,26.614570034609,106.76912741829001,normal
a6be75d9512f51224cc24619e83d0217,2016-09-06 20:58:02,2016-09-06 20:58:02,26.614570034609,106.76912741829001,normal
a6be75d9512f51224cc24619e83d0217,2016-09-06 20:58:58,2016-09-06 20:58:58,26.60082934,106.7755159,normal
a6be75d9512f51224cc24619e83d0217,2016-09-06 20:59:25,2016-09-06 20:59:25,26.60082934,106.7755159,normal
a6be75d9512f51224cc24619e83d0217,2016-09-06 21:01:47,2016-09-06 22:18:38,26.614570034608995,106.76912741829003,stay
a6be75d9512f51224cc24619e83d0217,2016-09-06 22:32:34,2016-09-06 22:32:34,26.60082934,106.7755159,normal
a6be75d9512f51224cc24619e83d0217,2016-09-06 22:42:50,2016-09-06 22:42:50,26.614570034609,106.76912741829001,normal
a6be75d9512f51224cc24619e83d0217,2016-09-06 22:52:39,2016-09-06 22:52:39,26.614570034609,106.76912741829001,normal
a6be75d9512f51224cc24619e83d0217,2016-09-06 22:55:16,2016-09-06 22:55:16,26.60082934,106.7755159,normal
a6be75d9512f51224cc24619e83d0217,2016-09-06 23:04:06,2016-09-06 23:04:06,26.614570034609,106.76912741829001,normal
a6be75d9512f51224cc24619e83d0217,2016-09-07 00:05:03,2016-09-07 09:54:10,26.680052320000012,106.8993822,stay
a6be75d9512f51224cc24619e83d0217,2016-09-07 10:19:20,2016-09-07 11:26:16,26.686907237380005,106.89036311678001,stay
a6be75d9512f51224cc24619e83d0217,2016-09-07 11:34:59,2016-09-07 11:34:59,26.61457003,106.7691274,normal
a6be75d9512f51224cc24619e83d0217,2016-09-07 12:11:24,2016-09-07 12:11:24,26.70184311,106.8484351,normal
a6be75d9512f51224cc24619e83d0217,2016-09-07 12:11:55,2016-09-07 12:11:55,26.70184311,106.8484351,normal
a6be75d9512f51224cc24619e83d0217,2016-09-07 12:12:27,2016-09-07 12:12:27,26.70184311,106.8484351,normal
a6be75d9512f51224cc24619e83d0217,2016-09-07 12:13:09,2016-09-07 12:13:09,26.70184311,106.8484351,normal
a6be75d9512f51224cc24619e83d0217,2016-09-07 12:13:52,2016-09-07 12:13:52,26.70184311,106.8484351,normal
a6be75d9512f51224cc24619e83d0217,2016-09-07 12:15:14,2016-09-07 12:15:14,26.70184311,106.8484351,normal
a6be75d9512f51224cc24619e83d0217,2016-09-07 12:46:28,2016-09-07 12:46:28,26.68690723738,106.89036311678001,normal
a6be75d9512f51224cc24619e83d0217,2016-09-07 13:07:36,2016-09-07 13:23:36,26.70184311,106.8484351,stay
a6be75d9512f51224cc24619e83d0217,2016-09-07 13:23:59,2016-09-07 13:23:59,26.659935484715,106.85961415161,normal
a6be75d9512f51224cc24619e83d0217,2016-09-07 13:35:50,2016-09-07 13:50:22,26.68690723738,106.89036311678001,stay
a6be75d9512f51224cc24619e83d0217,2016-09-07 13:54:27,2016-09-07 14:10:27,26.60082934,106.7755159,stay
a6be75d9512f51224cc24619e83d0217,2016-09-07 14:09:27,2016-09-07 14:09:27,26.61457003,106.7691274,normal
a6be75d9512f51224cc24619e83d0217,2016-09-07 14:16:00,2016-09-07 14:16:00,26.61457003,106.7691274,normal
a6be75d9512f51224cc24619e83d0217,2016-09-07 14:37:48,2016-09-07 14:48:55,26.68690723738,106.89036311678001,stay
a6be75d9512f51224cc24619e83d0217,2016-09-07 15:01:41,2016-09-07 15:17:20,26.659935484715003,106.85961415161,stay
a6be75d9512f51224cc24619e83d0217,2016-09-07 15:29:34,2016-09-07 15:45:31,26.68690723738,106.89036311678001,stay
a6be75d9512f51224cc24619e83d0217,2016-09-07 16:30:06,2016-09-07 17:07:31,26.60082934,106.7755159,stay
a6be75d9512f51224cc24619e83d0217,2016-09-07 17:08:04,2016-09-07 17:24:04,26.61457003,106.7691274,stay
a6be75d9512f51224cc24619e83d0217,2016-09-07 17:42:31,2016-09-07 19:00:48,26.60085441657375,106.77552330805499,stay
a6be75d9512f51224cc24619e83d0217,2016-09-07 19:41:29,2016-09-07 19:41:29,26.592782693835,106.78586890381001,normal
a6be75d9512f51224cc24619e83d0217,2016-09-07 19:59:20,2016-09-07 19:59:20,26.60082934,106.7755159,normal
a6be75d9512f51224cc24619e83d0217,2016-09-07 20:03:06,2016-09-07 20:03:06,26.60082934,106.7755159,normal
a6be75d9512f51224cc24619e83d0217,2016-09-07 21:06:57,2016-09-07 22:21:26,26.614570033072667,106.76912741219333,stay
a6be75d9512f51224cc24619e83d0217,2016-09-07 23:21:27,2016-09-08 00:21:29,26.60082934,106.7755159,stay
a6be75d9512f51224cc24619e83d0217,2016-09-08 00:34:27,2016-09-08 03:24:50,26.614570031536335,106.76912740609667,stay
a6be75d9512f51224cc24619e83d0217,2016-09-08 04:16:52,2016-09-08 04:32:52,26.60082934,106.7755159,stay
a6be75d9512f51224cc24619e83d0217,2016-09-08 05:24:53,2016-09-08 09:25:00,26.61457003,106.7691274,stay
a6be75d9512f51224cc24619e83d0217,2016-09-08 10:19:06,2016-09-08 10:19:06,26.60082934,106.7755159,normal
a6be75d9512f51224cc24619e83d0217,2016-09-08 10:41:43,2016-09-08 10:41:43,26.614570034609,106.76912741829001,normal
a6be75d9512f51224cc24619e83d0217,2016-09-08 11:13:33,2016-09-08 11:13:33,26.630419816942,106.7751085751,normal
a6be75d9512f51224cc24619e83d0217,2016-09-08 11:14:07,2016-09-08 11:14:07,26.630419816942,106.7751085751,normal
a6be75d9512f51224cc24619e83d0217,2016-09-08 11:17:36,2016-09-08 11:17:36,26.600929646295,106.77554553222001,normal
a6be75d9512f51224cc24619e83d0217,2016-09-08 11:21:05,2016-09-08 11:21:05,26.614570034609,106.76912741829001,normal
a6be75d9512f51224cc24619e83d0217,2016-09-08 11:29:41,2016-09-08 12:46:24,26.68690723738,106.89036311678001,stay
a6be75d9512f51224cc24619e83d0217,2016-09-08 13:57:07,2016-09-08 15:23:59,26.60082934,106.7755159,stay
a6be75d9512f51224cc24619e83d0217,2016-09-08 15:25:15,2016-09-08 15:25:15,26.61457003,106.7691274,normal
a6be75d9512f51224cc24619e83d0217,2016-09-08 15:25:47,2016-09-08 15:25:47,26.61457003,106.7691274,normal
a6be75d9512f51224cc24619e83d0217,2016-09-08 15:34:54,2016-09-08 17:02:31,26.60086277543167,106.77552577740668,stay
a6be75d9512f51224cc24619e83d0217,2016-09-08 17:28:47,2016-09-08 17:44:47,26.592782693835,106.78586890381001,stay
a6be75d9512f51224cc24619e83d0217,2016-09-08 18:06:56,2016-09-08 18:17:12,26.60085441657375,106.775523308055,stay
a6be75d9512f51224cc24619e83d0217,2016-09-08 19:34:13,2016-09-08 19:47:09,26.68690723738,106.89036311678001,stay
a6be75d9512f51224cc24619e83d0217,2016-09-08 19:53:11,2016-09-08 19:53:11,26.659935484715,106.85961415161,normal
a6be75d9512f51224cc24619e83d0217,2016-09-08 20:01:21,2016-09-08 20:01:21,26.614570034609,106.76912741829001,normal
a6be75d9512f51224cc24619e83d0217,2016-09-08 20:17:39,2016-09-08 22:32:23,26.680052320000005,106.89938220000002,stay
a6be75d9512f51224cc24619e83d0217,2016-09-08 23:17:51,2016-09-08 23:17:51,26.659935484715,106.85961415161,normal
a6be75d9512f51224cc24619e83d0217,2016-09-08 23:43:53,2016-09-08 23:43:53,26.68690723738,106.89036311678001,normal
a6be75d9512f51224cc24619e83d0217,2016-09-08 23:44:40,2016-09-08 23:44:40,26.68005232,106.8993822,normal
a6be75d9512f51224cc24619e83d0217,2016-09-08 23:39:53,2016-09-08 23:55:53,26.659935484715,106.85961415161,stay
a6be75d9512f51224cc24619e83d0217,2016-09-09 00:48:11,2016-09-09 05:50:29,26.680052320000005,106.8993822,stay
a6be75d9512f51224cc24619e83d0217,2016-09-09 06:43:28,2016-09-09 06:43:28,26.659935484715,106.85961415161,normal
a6be75d9512f51224cc24619e83d0217,2016-09-09 07:56:53,2016-09-09 07:56:53,26.68005232,106.8993822,normal
a6be75d9512f51224cc24619e83d0217,2016-09-09 08:46:38,2016-09-09 08:46:38,26.68690723738,106.89036311678001,normal
a6be75d9512f51224cc24619e83d0217,2016-09-09 09:40:41,2016-09-09 09:40:41,26.614570034609,106.76912741829001,normal
a6be75d9512f51224cc24619e83d0217,2016-09-09 10:12:22,2016-09-09 10:12:22,26.68005232,106.8993822,normal
a6be75d9512f51224cc24619e83d0217,2016-09-09 11:33:35,2016-09-09 11:33:35,26.614570034609,106.76912741829001,normal
a6be75d9512f51224cc24619e83d0217,2016-09-09 11:35:52,2016-09-09 11:35:52,26.61457003,106.7691274,normal
a6be75d9512f51224cc24619e83d0217,2016-09-09 12:24:58,2016-09-09 12:24:58,26.659935484715,106.85961415161,normal
a6be75d9512f51224cc24619e83d0217,2016-09-09 12:31:04,2016-09-09 12:50:39,26.614570034609,106.76912741829001,stay
a6be75d9512f51224cc24619e83d0217,2016-09-09 13:22:02,2016-09-09 13:22:02,26.654301251872,106.93289604068,normal
a6be75d9512f51224cc24619e83d0217,2016-09-09 13:25:27,2016-09-09 14:07:35,26.68005232,106.8993822,stay
a6be75d9512f51224cc24619e83d0217,2016-09-09 14:12:23,2016-09-09 14:12:23,26.68690723738,106.89036311678001,normal
a6be75d9512f51224cc24619e83d0217,2016-09-09 14:54:24,2016-09-09 14:54:24,26.60082934,106.7755159,normal
a6be75d9512f51224cc24619e83d0217,2016-09-09 15:30:52,2016-09-09 15:30:52,27.06583484,106.79857790000001,normal
a6be75d9512f51224cc24619e83d0217,2016-09-09 16:50:12,2016-09-09 19:22:00,26.60085294148118,106.77552287228707,stay
a6be75d9512f51224cc24619e83d0217,2016-09-09 20:16:02,2016-09-09 22:54:14,26.614570034609,106.76912741829001,stay
a6be75d9512f51224cc24619e83d0217,2016-09-09 23:27:13,2016-09-09 23:27:13,26.68005232,106.8993822,normal
a6be75d9512f51224cc24619e83d0217,2016-09-09 23:44:36,2016-09-09 23:44:36,26.659935484715,106.85961415161,normal
a6be75d9512f51224cc24619e83d0217,2016-09-09 23:50:41,2016-09-09 23:50:41,26.659935484715,106.85961415161,normal
a6be75d9512f51224cc24619e83d0217,2016-09-09 23:51:34,2016-09-10 00:07:34,26.68005232,106.8993822,stay
a6be75d9512f51224cc24619e83d0217,2016-09-10 01:40:28,2016-09-10 02:54:33,26.61457003,106.7691274,stay
a6be75d9512f51224cc24619e83d0217,2016-09-10 10:31:06,2016-09-10 11:54:13,26.600840485143888,106.77551919246888,stay
a6be75d9512f51224cc24619e83d0217,2016-09-10 12:04:22,2016-09-10 12:04:22,26.68005232,106.8993822,normal
a6be75d9512f51224cc24619e83d0217,2016-09-10 12:06:43,2016-09-10 12:06:43,26.68690723738,106.89036311678001,normal
a6be75d9512f51224cc24619e83d0217,2016-09-10 12:07:48,2016-09-10 12:07:48,26.68690723738,106.89036311678001,normal
a6be75d9512f51224cc24619e83d0217,2016-09-10 12:13:32,2016-09-10 12:13:32,26.68690723738,106.89036311678001,normal
a6be75d9512f51224cc24619e83d0217,2016-09-10 12:28:10,2016-09-10 12:28:10,26.60082934,106.7755159,normal
a6be75d9512f51224cc24619e83d0217,2016-09-10 12:34:38,2016-09-10 12:34:38,26.61457003,106.7691274,normal
a6be75d9512f51224cc24619e83d0217,2016-09-10 12:34:58,2016-09-10 12:34:58,26.614570034609,106.76912741829001,normal
a6be75d9512f51224cc24619e83d0217,2016-09-10 12:59:44,2016-09-10 13:15:44,26.68690723738,106.89036311678001,stay
a6be75d9512f51224cc24619e83d0217,2016-09-10 14:15:16,2016-09-10 15:15:17,26.60082934,106.7755159,stay
a6be75d9512f51224cc24619e83d0217,2016-09-10 15:43:52,2016-09-10 15:59:52,26.614570034609,106.76912741829001,stay
a6be75d9512f51224cc24619e83d0217,2016-09-10 16:50:04,2016-09-10 19:24:35,26.600848445960953,106.77552154423239,stay
a6be75d9512f51224cc24619e83d0217,2016-09-10 22:56:30,2016-09-10 22:56:30,26.614570034609,106.76912741829001,normal
a6be75d9512f51224cc24619e83d0217,2016-09-10 22:56:46,2016-09-10 22:56:46,26.614570034609,106.76912741829001,normal
a6be75d9512f51224cc24619e83d0217,2016-09-10 22:57:48,2016-09-10 22:57:48,26.600929646295,106.77554553222001,normal
a6be75d9512f51224cc24619e83d0217,2016-09-10 22:58:38,2016-09-10 22:58:38,26.60082934,106.7755159,normal
a6be75d9512f51224cc24619e83d0217,2016-09-10 23:16:24,2016-09-11 06:18:28,26.61480336384544,106.76897184647663,stay
a6be75d9512f51224cc24619e83d0217,2016-09-11 07:18:29,2016-09-11 07:18:29,26.702143109999998,106.8482351,normal
a6be75d9512f51224cc24619e83d0217,2016-09-11 07:51:07,2016-09-11 07:51:07,26.68720723738,106.89016311678,normal
a6be75d9512f51224cc24619e83d0217,2016-09-11 08:28:05,2016-09-11 08:28:05,26.61487003,106.7689274,normal
a6be75d9512f51224cc24619e83d0217,2016-09-11 09:00:03,2016-09-11 09:00:03,26.60112934,106.7753159,normal
a6be75d9512f51224cc24619e83d0217,2016-09-11 09:00:43,2016-09-11 09:00:43,26.60112934,106.7753159,normal
a6be75d9512f51224cc24619e83d0217,2016-09-11 09:20:32,2016-09-11 10:13:19,26.660235484715,106.85941415161,stay
a6be75d9512f51224cc24619e83d0217,2016-09-11 10:30:32,2016-09-11 10:30:32,26.702143109999998,106.8482351,normal
a6be75d9512f51224cc24619e83d0217,2016-09-11 10:47:04,2016-09-11 11:56:26,26.601146057715834,106.77532083870334,stay
a6be75d9512f51224cc24619e83d0217,2016-09-11 11:58:56,2016-09-11 12:52:58,26.614870034608998,106.76892741829,stay
a6be75d9512f51224cc24619e83d0217,2016-09-11 13:31:48,2016-09-11 13:31:48,26.68035232,106.8991822,normal
a6be75d9512f51224cc24619e83d0217,2016-09-11 13:34:23,2016-09-11 13:34:23,26.660235484715,106.85941415161,normal
a6be75d9512f51224cc24619e83d0217,2016-09-11 14:26:46,2016-09-11 16:16:47,26.687207237379997,106.89016311678003,stay
a6be75d9512f51224cc24619e83d0217,2016-09-11 16:34:14,2016-09-11 16:34:14,26.68035232,106.8991822,normal
a6be75d9512f51224cc24619e83d0217,2016-09-11 17:34:16,2016-09-11 21:05:40,26.601136504735358,106.77531801658711,stay
a6be75d9512f51224cc24619e83d0217,2016-09-11 21:09:46,2016-09-11 21:09:46,26.593082693835,106.78566890381,normal
a6be75d9512f51224cc24619e83d0217,2016-09-11 21:52:32,2016-09-11 23:58:59,26.6148700309218,106.768927403658,stay
733e2185e12100b590cf718d7464cea1,2016-09-05 08:30:09,2016-09-07 08:37:19,26.543929328481,106.79915709207002,stay
733e2185e12100b590cf718d7464cea1,2016-09-08 08:27:52,2016-09-08 08:43:52,26.527798461732,106.79926912270001,stay
733e2185e12100b590cf718d7464cea1,2016-09-08 08:37:09,2016-09-11 08:36:28,26.544015042766716,106.79909994921286,stay
6f8889517c1367f4ff169afb92b6790c,2016-09-05 00:55:13,2016-09-05 05:55:29,26.61264620211,106.73013298623,stay
6f8889517c1367f4ff169afb92b6790c,2016-09-05 06:37:33,2016-09-05 06:37:33,26.60244766,106.7255018,normal
6f8889517c1367f4ff169afb92b6790c,2016-09-05 06:39:13,2016-09-05 06:39:13,26.604331485525,106.72307625184001,normal
6f8889517c1367f4ff169afb92b6790c,2016-09-05 06:41:06,2016-09-05 06:41:06,26.60244725,106.7149335,normal
6f8889517c1367f4ff169afb92b6790c,2016-09-05 06:41:36,2016-09-05 06:41:36,26.597657096722,106.71748617860001,normal
6f8889517c1367f4ff169afb92b6790c,2016-09-05 07:21:19,2016-09-05 07:21:19,26.542653257448,106.70465835875001,normal
6f8889517c1367f4ff169afb92b6790c,2016-09-05 07:52:53,2016-09-05 07:52:53,26.51266119112,106.68343123058001,normal
6f8889517c1367f4ff169afb92b6790c,2016-09-05 07:58:45,2016-09-05 07:58:45,26.496699193802,106.67634486360001,normal
6f8889517c1367f4ff169afb92b6790c,2016-09-05 08:52:48,2016-09-05 14:43:56,26.488854657227996,106.64665969932001,stay
6f8889517c1367f4ff169afb92b6790c,2016-09-05 15:29:58,2016-09-05 15:45:58,26.478757547299,106.63753367125001,stay
6f8889517c1367f4ff169afb92b6790c,2016-09-05 16:32:02,2016-09-05 18:23:31,26.488854657228,106.64665969932001,stay
6f8889517c1367f4ff169afb92b6790c,2016-09-05 19:17:34,2016-09-05 19:17:34,26.500862222271,106.66294265832,normal
6f8889517c1367f4ff169afb92b6790c,2016-09-05 19:24:44,2016-09-05 19:24:44,26.51266119112,106.68343123058001,normal
6f8889517c1367f4ff169afb92b6790c,2016-09-05 19:26:39,2016-09-05 19:26:39,26.509823239482,106.68780000878,normal
6f8889517c1367f4ff169afb92b6790c,2016-09-05 19:49:31,2016-09-05 19:49:31,26.546887737718,106.70510362394,normal
6f8889517c1367f4ff169afb92b6790c,2016-09-05 20:02:19,2016-09-05 20:02:19,26.56624804,106.720179,normal
6f8889517c1367f4ff169afb92b6790c,2016-09-05 20:03:19,2016-09-05 20:03:19,26.559176862983,106.71309606388,normal
6f8889517c1367f4ff169afb92b6790c,2016-09-05 20:44:21,2016-09-05 20:44:21,26.60244766,106.7255018,normal
6f8889517c1367f4ff169afb92b6790c,2016-09-05 20:45:42,2016-09-05 20:45:42,26.606619647326,106.72455402447001,normal
6f8889517c1367f4ff169afb92b6790c,2016-09-05 20:59:37,2016-09-05 20:59:37,26.61264620211,106.73013298623,normal
6f8889517c1367f4ff169afb92b6790c,2016-09-05 21:30:36,2016-09-05 21:30:36,26.622875697306,106.74614816022,normal
6f8889517c1367f4ff169afb92b6790c,2016-09-05 21:35:01,2016-09-06 06:42:59,26.624701022098996,106.75391197671,stay
6f8889517c1367f4ff169afb92b6790c,2016-09-06 07:07:32,2016-09-06 07:07:32,26.622875697306,106.74614816022,normal
6f8889517c1367f4ff169afb92b6790c,2016-09-06 08:07:36,2016-09-06 08:07:36,26.606619647326,106.72455402447001,normal
6f8889517c1367f4ff169afb92b6790c,2016-09-06 08:12:37,2016-09-06 08:12:37,26.60244766,106.7255018,normal
6f8889517c1367f4ff169afb92b6790c,2016-09-06 08:14:39,2016-09-06 08:14:39,26.606033019737,106.73140102835,normal
6f8889517c1367f4ff169afb92b6790c,2016-09-06 08:36:03,2016-09-06 08:36:03,26.60244725,106.7149335,normal
6f8889517c1367f4ff169afb92b6790c,2016-09-06 08:42:16,2016-09-06 08:42:16,26.597657096722,106.71748617860001,normal
6f8889517c1367f4ff169afb92b6790c,2016-09-06 09:41:51,2016-09-06 09:41:51,26.535258002728,106.69255121047,normal
6f8889517c1367f4ff169afb92b6790c,2016-09-06 09:55:13,2016-09-06 09:55:13,26.526311951514,106.68359517343,normal
6f8889517c1367f4ff169afb92b6790c,2016-09-06 10:07:05,2016-09-06 10:07:05,26.496699193802,106.67634486360001,normal
6f8889517c1367f4ff169afb92b6790c,2016-09-06 11:08:09,2016-09-06 18:19:49,26.488854657227993,106.64665969932001,stay
6f8889517c1367f4ff169afb92b6790c,2016-09-06 19:13:53,2016-09-06 19:13:53,26.518397099707,106.70338701852,normal
6f8889517c1367f4ff169afb92b6790c,2016-09-06 19:36:10,2016-09-06 19:36:10,26.550888349203,106.71308499465,normal
6f8889517c1367f4ff169afb92b6790c,2016-09-06 19:45:12,2016-09-06 19:45:12,26.554466087974,106.7097645388,normal
6f8889517c1367f4ff169afb92b6790c,2016-09-06 19:51:24,2016-09-06 19:51:24,26.56390871,106.7086969,normal
6f8889517c1367f4ff169afb92b6790c,2016-09-06 19:55:59,2016-09-06 19:55:59,26.566537236362,106.71226845696,normal
6f8889517c1367f4ff169afb92b6790c,2016-09-06 20:08:41,2016-09-06 20:08:41,26.581044641905,106.71860901034,normal
6f8889517c1367f4ff169afb92b6790c,2016-09-06 20:11:26,2016-09-06 20:11:26,26.586831657536,106.71942797367001,normal
6f8889517c1367f4ff169afb92b6790c,2016-09-06 20:22:34,2016-09-06 20:22:34,26.60244766,106.7255018,normal
6f8889517c1367f4ff169afb92b6790c,2016-09-06 20:23:02,2016-09-06 20:23:02,26.606619647326,106.72455402447001,normal
6f8889517c1367f4ff169afb92b6790c,2016-09-06 20:41:58,2016-09-06 20:41:58,26.612036047475,106.72620196604001,normal
6f8889517c1367f4ff169afb92b6790c,2016-09-06 20:42:29,2016-09-06 20:42:29,26.61264620211,106.73013298623,normal
6f8889517c1367f4ff169afb92b6790c,2016-09-06 21:08:54,2016-09-07 07:09:01,26.624701022098993,106.75391197671,stay
6f8889517c1367f4ff169afb92b6790c,2016-09-07 07:21:29,2016-09-07 07:21:29,26.621797751699,106.74838006726,normal
6f8889517c1367f4ff169afb92b6790c,2016-09-07 08:23:21,2016-09-07 08:23:21,26.606033019737,106.73140102835,normal
6f8889517c1367f4ff169afb92b6790c,2016-09-07 09:23:24,2016-09-07 09:23:24,26.578409075207,106.72531129974001,normal
6f8889517c1367f4ff169afb92b6790c,2016-09-07 09:39:55,2016-09-07 09:39:55,26.57011733,106.7235174,normal
6f8889517c1367f4ff169afb92b6790c,2016-09-07 09:41:40,2016-09-07 09:41:40,26.570729670052,106.72062922733001,normal
6f8889517c1367f4ff169afb92b6790c,2016-09-07 10:41:43,2016-09-07 10:41:43,26.566537236362,106.71226845696,normal
6f8889517c1367f4ff169afb92b6790c,2016-09-07 11:17:35,2016-09-07 11:17:35,26.542653257448,106.70465835875001,normal
6f8889517c1367f4ff169afb92b6790c,2016-09-07 11:40:48,2016-09-07 11:40:48,26.511085294692,106.69321015754001,normal
6f8889517c1367f4ff169afb92b6790c,2016-09-07 11:41:50,2016-09-07 11:41:50,26.509823239482,106.68780000878,normal
6f8889517c1367f4ff169afb92b6790c,2016-09-07 11:44:16,2016-09-07 11:44:16,26.506021115198,106.68609277506,normal
6f8889517c1367f4ff169afb92b6790c,2016-09-07 12:38:20,2016-09-07 18:56:45,26.488854657227996,106.64665969932001,stay
6f8889517c1367f4ff169afb92b6790c,2016-09-07 19:18:53,2016-09-07 19:18:53,26.51266119112,106.68343123058001,normal
6f8889517c1367f4ff169afb92b6790c,2016-09-07 19:20:37,2016-09-07 19:20:37,26.496699193802,106.67634486360001,normal
6f8889517c1367f4ff169afb92b6790c,2016-09-07 19:38:33,2016-09-07 19:38:33,26.529254963405,106.70987803618,normal
6f8889517c1367f4ff169afb92b6790c,2016-09-07 19:46:55,2016-09-07 19:46:55,26.550888349203,106.71308499465,normal
6f8889517c1367f4ff169afb92b6790c,2016-09-07 19:55:36,2016-09-07 19:55:36,26.56390871,106.7086969,normal
6f8889517c1367f4ff169afb92b6790c,2016-09-07 20:06:36,2016-09-07 20:06:36,26.566537236362,106.71226845696,normal
6f8889517c1367f4ff169afb92b6790c,2016-09-07 20:28:24,2016-09-07 20:28:24,26.60244766,106.7255018,normal
6f8889517c1367f4ff169afb92b6790c,2016-09-07 20:28:49,2016-09-07 20:28:49,26.604331485525,106.72307625184001,normal
6f8889517c1367f4ff169afb92b6790c,2016-09-07 20:49:44,2016-09-08 06:44:21,26.624701022098993,106.75391197671,stay
6f8889517c1367f4ff169afb92b6790c,2016-09-08 06:54:22,2016-09-08 06:54:22,26.622875697306,106.74614816022,normal
6f8889517c1367f4ff169afb92b6790c,2016-09-08 07:01:41,2016-09-08 07:01:41,26.622875697306,106.74614816022,normal
6f8889517c1367f4ff169afb92b6790c,2016-09-08 08:01:44,2016-09-08 08:01:44,26.568555935651,106.71300215329,normal
6f8889517c1367f4ff169afb92b6790c,2016-09-08 08:46:53,2016-09-08 08:46:53,26.542653257448,106.70465835875001,normal
6f8889517c1367f4ff169afb92b6790c,2016-09-08 09:14:32,2016-09-08 09:14:32,26.509823239482,106.68780000878,normal
6f8889517c1367f4ff169afb92b6790c,2016-09-08 09:19:23,2016-09-08 09:19:23,26.496699193802,106.67634486360001,normal
6f8889517c1367f4ff169afb92b6790c,2016-09-08 10:13:26,2016-09-08 18:16:18,26.488854657227993,106.64665969932001,stay
6f8889517c1367f4ff169afb92b6790c,2016-09-08 19:10:21,2016-09-08 19:10:21,26.499136108432,106.66035590085,normal
6f8889517c1367f4ff169afb92b6790c,2016-09-08 19:16:26,2016-09-08 19:16:26,26.5069440133,106.68811902360001,normal
6f8889517c1367f4ff169afb92b6790c,2016-09-08 19:18:00,2016-09-08 19:18:00,26.511085294692,106.69321015754001,normal
6f8889517c1367f4ff169afb92b6790c,2016-09-08 19:41:41,2016-09-08 19:41:41,26.546887737718,106.70510362394,normal
6f8889517c1367f4ff169afb92b6790c,2016-09-08 19:50:13,2016-09-08 19:50:13,26.56390871,106.7086969,normal
6f8889517c1367f4ff169afb92b6790c,2016-09-08 19:57:43,2016-09-08 19:57:43,26.566537236362,106.71226845696,normal
6f8889517c1367f4ff169afb92b6790c,2016-09-08 20:00:15,2016-09-08 20:00:15,26.568555935651,106.71300215329,normal
6f8889517c1367f4ff169afb92b6790c,2016-09-08 20:01:18,2016-09-08 20:01:18,26.573461451255,106.71518262490001,normal
6f8889517c1367f4ff169afb92b6790c,2016-09-08 20:01:32,2016-09-08 20:01:32,26.573461451255,106.71518262490001,normal
6f8889517c1367f4ff169afb92b6790c,2016-09-08 20:19:37,2016-09-08 20:19:37,26.60244766,106.7255018,normal
6f8889517c1367f4ff169afb92b6790c,2016-09-08 20:20:49,2016-09-08 20:20:49,26.604331485525,106.72307625184001,normal
6f8889517c1367f4ff169afb92b6790c,2016-09-08 20:41:35,2016-09-09 05:44:28,26.624701022098993,106.75391197671,stay
6f8889517c1367f4ff169afb92b6790c,2016-09-09 06:34:29,2016-09-09 06:34:29,26.622875697306,106.74614816022,normal
6f8889517c1367f4ff169afb92b6790c,2016-09-09 07:34:32,2016-09-09 07:34:32,26.559176862983,106.71309606388,normal
6f8889517c1367f4ff169afb92b6790c,2016-09-09 07:44:58,2016-09-09 07:44:58,26.542653257448,106.70465835875001,normal
6f8889517c1367f4ff169afb92b6790c,2016-09-09 08:23:54,2016-09-09 08:23:54,26.509823239482,106.68780000878,normal
6f8889517c1367f4ff169afb92b6790c,2016-09-09 08:29:03,2016-09-09 08:29:03,26.496699193802,106.67634486360001,normal
6f8889517c1367f4ff169afb92b6790c,2016-09-09 09:23:07,2016-09-09 13:14:36,26.488854657228,106.64665969932001,stay
6f8889517c1367f4ff169afb92b6790c,2016-09-09 14:08:41,2016-09-09 14:08:41,26.478757547299,106.63753367125001,normal
6f8889517c1367f4ff169afb92b6790c,2016-09-09 15:02:44,2016-09-09 15:02:44,26.488854657228,106.64665969932001,normal
6f8889517c1367f4ff169afb92b6790c,2016-09-09 15:56:47,2016-09-09 16:50:50,26.478757547299,106.63753367125001,stay
6f8889517c1367f4ff169afb92b6790c,2016-09-09 17:44:54,2016-09-09 18:38:57,26.488854657228,106.64665969932001,stay
6f8889517c1367f4ff169afb92b6790c,2016-09-09 19:32:03,2016-09-09 19:32:03,26.5069440133,106.68811902360001,normal
6f8889517c1367f4ff169afb92b6790c,2016-09-09 19:43:40,2016-09-09 19:43:40,26.516987345856,106.69496249593,normal
6f8889517c1367f4ff169afb92b6790c,2016-09-09 20:30:13,2016-09-09 20:30:13,26.546887737718,106.70510362394,normal
6f8889517c1367f4ff169afb92b6790c,2016-09-09 20:39:54,2016-09-09 20:39:54,26.56390871,106.7086969,normal
6f8889517c1367f4ff169afb92b6790c,2016-09-09 20:46:39,2016-09-09 20:46:39,26.566537236362,106.71226845696,normal
6f8889517c1367f4ff169afb92b6790c,2016-09-09 21:17:25,2016-09-09 21:17:25,26.60244766,106.7255018,normal
6f8889517c1367f4ff169afb92b6790c,2016-09-09 21:18:56,2016-09-09 21:18:56,26.604331485525,106.72307625184001,normal
6f8889517c1367f4ff169afb92b6790c,2016-09-09 22:18:59,2016-09-10 00:19:05,26.61264620211,106.73013298623,stay
6f8889517c1367f4ff169afb92b6790c,2016-09-10 01:19:08,2016-09-10 03:19:14,26.611090489972,106.7237479843,stay
6f8889517c1367f4ff169afb92b6790c,2016-09-10 04:19:17,2016-09-10 06:19:23,26.61264620211,106.73013298623,stay
6f8889517c1367f4ff169afb92b6790c,2016-09-10 07:19:26,2016-09-10 07:19:26,26.602447661154,106.72550178438,normal
6f8889517c1367f4ff169afb92b6790c,2016-09-10 07:23:51,2016-09-10 07:23:51,26.60244725,106.7149335,normal
6f8889517c1367f4ff169afb92b6790c,2016-09-10 07:24:37,2016-09-10 07:24:37,26.597657096722,106.71748617860001,normal
6f8889517c1367f4ff169afb92b6790c,2016-09-10 07:55:36,2016-09-10 09:06:00,26.57052555670133,106.72159195155335,stay
6f8889517c1367f4ff169afb92b6790c,2016-09-10 09:52:43,2016-09-10 09:52:43,26.542653257448,106.70465835875001,normal
6f8889517c1367f4ff169afb92b6790c,2016-09-10 10:18:23,2016-09-10 10:18:23,26.51266119112,106.68343123058001,normal
6f8889517c1367f4ff169afb92b6790c,2016-09-10 10:22:42,2016-09-10 10:22:42,26.496699193802,106.67634486360001,normal
6f8889517c1367f4ff169afb92b6790c,2016-09-10 11:16:45,2016-09-10 18:28:42,26.488854657227993,106.64665969932001,stay
6f8889517c1367f4ff169afb92b6790c,2016-09-10 19:22:46,2016-09-10 19:22:46,26.48996265618,106.65185392742,normal
6f8889517c1367f4ff169afb92b6790c,2016-09-10 19:43:16,2016-09-10 19:43:16,26.509823239482,106.68780000878,normal
6f8889517c1367f4ff169afb92b6790c,2016-09-10 19:44:22,2016-09-10 19:44:22,26.511085294692,106.69321015754001,normal
6f8889517c1367f4ff169afb92b6790c,2016-09-10 20:20:01,2016-09-10 20:20:01,26.546887737718,106.70510362394,normal
6f8889517c1367f4ff169afb92b6790c,2016-09-10 20:32:15,2016-09-10 20:32:15,26.56390871,106.7086969,normal
6f8889517c1367f4ff169afb92b6790c,2016-09-10 20:40:38,2016-09-10 20:40:38,26.566537236362,106.71226845696,normal
6f8889517c1367f4ff169afb92b6790c,2016-09-10 21:09:56,2016-09-10 21:09:56,26.60244725,106.7149335,normal
6f8889517c1367f4ff169afb92b6790c,2016-09-10 21:10:48,2016-09-10 21:10:48,26.600599178025,106.71861103923001,normal
6f8889517c1367f4ff169afb92b6790c,2016-09-10 22:10:51,2016-09-11 06:25:36,26.612856202110002,106.72999298622999,stay
6f8889517c1367f4ff169afb92b6790c,2016-09-11 07:01:59,2016-09-11 07:01:59,26.60274725,106.7147335,normal
6f8889517c1367f4ff169afb92b6790c,2016-09-11 07:04:14,2016-09-11 07:04:14,26.597957096722,106.7172861786,normal
6f8889517c1367f4ff169afb92b6790c,2016-09-11 07:40:16,2016-09-11 07:40:16,26.542953257447998,106.70445835875,normal
6f8889517c1367f4ff169afb92b6790c,2016-09-11 08:02:16,2016-09-11 08:02:16,26.5072440133,106.6879190236,normal
6f8889517c1367f4ff169afb92b6790c,2016-09-11 08:04:30,2016-09-11 08:04:30,26.50013267664,106.67387431068,normal
6f8889517c1367f4ff169afb92b6790c,2016-09-11 08:10:11,2016-09-11 08:10:11,26.499436108432,106.66015590085,normal
6f8889517c1367f4ff169afb92b6790c,2016-09-11 09:04:14,2016-09-11 14:14:28,26.489154657228006,106.64645969932002,stay
6f8889517c1367f4ff169afb92b6790c,2016-09-11 14:43:07,2016-09-11 14:43:07,26.494357779173,106.65421582054,normal
6f8889517c1367f4ff169afb92b6790c,2016-09-11 14:43:44,2016-09-11 14:43:44,26.494357779173,106.65421582054,normal
6f8889517c1367f4ff169afb92b6790c,2016-09-11 14:51:50,2016-09-11 14:51:50,26.51296119112,106.68323123058,normal
6f8889517c1367f4ff169afb92b6790c,2016-09-11 15:16:47,2016-09-11 15:16:47,26.551188349203,106.71288499465,normal
6f8889517c1367f4ff169afb92b6790c,2016-09-11 15:20:42,2016-09-11 15:20:42,26.554264357911,106.70969520552,normal
6f8889517c1367f4ff169afb92b6790c,2016-09-11 15:23:04,2016-09-11 15:23:04,26.554766087974,106.7095645388,normal
6f8889517c1367f4ff169afb92b6790c,2016-09-11 15:23:13,2016-09-11 15:23:13,26.554766087974,106.7095645388,normal
6f8889517c1367f4ff169afb92b6790c,2016-09-11 15:26:03,2016-09-11 15:26:03,26.56654804,106.719979,normal
6f8889517c1367f4ff169afb92b6790c,2016-09-11 15:27:45,2016-09-11 15:27:45,26.562824269179,106.71831991352,normal
6f8889517c1367f4ff169afb92b6790c,2016-09-11 15:30:30,2016-09-11 15:30:30,26.564208710753,106.708496907,normal
6f8889517c1367f4ff169afb92b6790c,2016-09-11 15:30:37,2016-09-11 15:30:37,26.564208710753,106.708496907,normal
6f8889517c1367f4ff169afb92b6790c,2016-09-11 15:35:41,2016-09-11 15:35:41,26.560383384576998,106.71107403605,normal
6f8889517c1367f4ff169afb92b6790c,2016-09-11 16:00:10,2016-09-11 16:00:10,26.568855935650998,106.71280215329,normal
6f8889517c1367f4ff169afb92b6790c,2016-09-11 16:09:39,2016-09-11 16:09:39,26.570417329999998,106.7233174,normal
6f8889517c1367f4ff169afb92b6790c,2016-09-11 16:15:59,2016-09-11 16:15:59,26.565885925613998,106.74000684161,normal
6f8889517c1367f4ff169afb92b6790c,2016-09-11 16:29:35,2016-09-11 16:29:35,26.571498234956998,106.75897326168,normal
6f8889517c1367f4ff169afb92b6790c,2016-09-11 16:57:04,2016-09-11 16:57:04,26.576230002339,106.81084732772,normal
6f8889517c1367f4ff169afb92b6790c,2016-09-11 17:31:37,2016-09-11 17:31:37,26.56827475758,106.78521191162,normal
6f8889517c1367f4ff169afb92b6790c,2016-09-11 18:48:04,2016-09-11 18:48:04,26.562645176607,106.78809288091,normal
6f8889517c1367f4ff169afb92b6790c,2016-09-11 19:37:22,2016-09-11 19:37:22,26.567996373196,106.7762895076,normal
ae52aa118255eabb2b236e7b92a85529,2016-09-05 08:48:14,2016-09-06 18:35:27,26.46956393969377,106.67452675049365,stay
ae52aa118255eabb2b236e7b92a85529,2016-09-06 19:21:29,2016-09-06 19:37:29,26.463167008717,106.67397456034,stay
ae52aa118255eabb2b236e7b92a85529,2016-09-06 19:59:38,2016-09-07 20:48:41,26.469610241817996,106.6741203068165,stay
ae52aa118255eabb2b236e7b92a85529,2016-09-07 21:42:43,2016-09-11 22:52:21,26.469037669404507,106.67475921444284,stay
a1443a38a346cc6023f7a0c7904dc91f,2016-09-05 00:28:18,2016-09-05 00:28:18,26.57786706,106.6984896,normal
a1443a38a346cc6023f7a0c7904dc91f,2016-09-05 00:30:11,2016-09-05 00:30:11,26.57334443,106.69626260000001,normal
a1443a38a346cc6023f7a0c7904dc91f,2016-09-05 00:30:54,2016-09-05 09:21:37,26.577867059999996,106.69848959999999,stay
a1443a38a346cc6023f7a0c7904dc91f,2016-09-05 09:25:42,2016-09-05 09:25:42,26.5747395,106.72123020000001,normal
a1443a38a346cc6023f7a0c7904dc91f,2016-09-05 09:25:54,2016-09-05 09:25:54,26.5747395,106.72123020000001,normal
a1443a38a346cc6023f7a0c7904dc91f,2016-09-05 09:31:54,2016-09-05 09:31:54,26.57334443,106.69626260000001,normal
a1443a38a346cc6023f7a0c7904dc91f,2016-09-05 09:32:02,2016-09-05 09:32:02,26.57334443,106.69626260000001,normal
a1443a38a346cc6023f7a0c7904dc91f,2016-09-05 09:32:54,2016-09-05 09:32:54,26.57334443,106.69626260000001,normal
a1443a38a346cc6023f7a0c7904dc91f,2016-09-05 09:33:45,2016-09-05 09:33:45,26.57334443,106.69626260000001,normal
a1443a38a346cc6023f7a0c7904dc91f,2016-09-05 09:34:10,2016-09-05 09:34:10,26.57334443,106.69626260000001,normal
a1443a38a346cc6023f7a0c7904dc91f,2016-09-05 09:39:16,2016-09-05 09:39:16,26.5496026,106.7261835,normal
a1443a38a346cc6023f7a0c7904dc91f,2016-09-05 09:43:40,2016-09-05 10:58:51,26.5780753,106.70036082857145,stay
a1443a38a346cc6023f7a0c7904dc91f,2016-09-05 10:59:53,2016-09-05 12:58:32,26.57284381,106.69212520000004,stay
a1443a38a346cc6023f7a0c7904dc91f,2016-09-05 13:04:55,2016-09-05 14:22:00,26.57786706,106.6984896,stay
a1443a38a346cc6023f7a0c7904dc91f,2016-09-05 14:41:53,2016-09-05 15:01:26,26.572843810000002,106.6921252,stay
a1443a38a346cc6023f7a0c7904dc91f,2016-09-05 15:02:11,2016-09-05 15:02:11,26.57786706,106.6984896,normal
a1443a38a346cc6023f7a0c7904dc91f,2016-09-05 15:03:09,2016-09-05 15:03:09,26.57786706,106.6984896,normal
a1443a38a346cc6023f7a0c7904dc91f,2016-09-05 15:03:56,2016-09-05 15:56:21,26.57284381,106.69212519999998,stay
a1443a38a346cc6023f7a0c7904dc91f,2016-09-05 15:58:58,2016-09-05 15:58:58,26.58004735,106.70139300000001,normal
a1443a38a346cc6023f7a0c7904dc91f,2016-09-05 16:00:00,2016-09-05 16:00:00,26.5746709,106.70288070000001,normal
a1443a38a346cc6023f7a0c7904dc91f,2016-09-05 16:04:12,2016-09-05 16:25:07,26.577867060000003,106.69848959999996,stay
a1443a38a346cc6023f7a0c7904dc91f,2016-09-05 16:27:17,2016-09-05 16:37:30,26.573344430000002,106.69626260000001,stay
a1443a38a346cc6023f7a0c7904dc91f,2016-09-05 16:45:08,2016-09-05 16:45:08,26.57786706,106.6984896,normal
a1443a38a346cc6023f7a0c7904dc91f,2016-09-05 16:45:30,2016-09-05 16:45:30,26.57786706,106.6984896,normal
a1443a38a346cc6023f7a0c7904dc91f,2016-09-05 16:46:25,2016-09-05 16:46:25,26.577787535696,106.69843967821001,normal
a1443a38a346cc6023f7a0c7904dc91f,2016-09-05 16:49:26,2016-09-05 16:49:26,26.57334443,106.69626260000001,normal
a1443a38a346cc6023f7a0c7904dc91f,2016-09-05 16:49:41,2016-09-05 16:49:41,26.57334443,106.69626260000001,normal
a1443a38a346cc6023f7a0c7904dc91f,2016-09-05 16:50:02,2016-09-05 16:50:02,26.57786706,106.6984896,normal
a1443a38a346cc6023f7a0c7904dc91f,2016-09-05 16:50:35,2016-09-05 16:50:35,26.57284381,106.6921252,normal
a1443a38a346cc6023f7a0c7904dc91f,2016-09-05 16:51:31,2016-09-05 16:51:31,26.57786706,106.6984896,normal
a1443a38a346cc6023f7a0c7904dc91f,2016-09-05 16:53:25,2016-09-05 16:53:25,26.57786706,106.6984896,normal
a1443a38a346cc6023f7a0c7904dc91f,2016-09-05 16:53:39,2016-09-05 16:53:39,26.57786706,106.6984896,normal
a1443a38a346cc6023f7a0c7904dc91f,2016-09-05 16:53:52,2016-09-05 16:53:52,26.57786706,106.6984896,normal
a1443a38a346cc6023f7a0c7904dc91f,2016-09-05 16:57:44,2016-09-05 16:57:44,26.5746709,106.70288070000001,normal
a1443a38a346cc6023f7a0c7904dc91f,2016-09-05 17:15:42,2016-09-05 17:15:42,26.587301305281,106.66972786925001,normal
a1443a38a346cc6023f7a0c7904dc91f,2016-09-05 17:16:13,2016-09-05 17:16:13,26.587301305281,106.66972786925001,normal
a1443a38a346cc6023f7a0c7904dc91f,2016-09-05 17:17:16,2016-09-05 17:17:16,26.587189103089,106.66327128481001,normal
a1443a38a346cc6023f7a0c7904dc91f,2016-09-05 17:17:58,2016-09-05 17:17:58,26.583159299049,106.65340386454001,normal
a1443a38a346cc6023f7a0c7904dc91f,2016-09-05 17:29:24,2016-09-05 17:29:24,26.595714361381,106.63252274476001,normal
a1443a38a346cc6023f7a0c7904dc91f,2016-09-05 17:34:58,2016-09-05 17:34:58,26.595714361381,106.63252274476001,normal
a1443a38a346cc6023f7a0c7904dc91f,2016-09-05 17:35:03,2016-09-05 17:35:03,26.595714361381,106.63252274476001,normal
a1443a38a346cc6023f7a0c7904dc91f,2016-09-05 17:35:19,2016-09-05 17:35:19,26.595714361381,106.63252274476001,normal
a1443a38a346cc6023f7a0c7904dc91f,2016-09-05 18:28:35,2016-09-05 18:28:35,26.60062383,106.63756910000001,normal
a1443a38a346cc6023f7a0c7904dc91f,2016-09-05 18:29:07,2016-09-05 18:29:07,26.60062383,106.63756910000001,normal
a1443a38a346cc6023f7a0c7904dc91f,2016-09-05 18:58:23,2016-09-05 19:25:03,26.599673175979248,106.70738792485751,stay
a1443a38a346cc6023f7a0c7904dc91f,2016-09-05 20:34:30,2016-09-05 22:22:45,26.577858223966217,106.69848405313445,stay
a1443a38a346cc6023f7a0c7904dc91f,2016-09-05 22:25:21,2016-09-06 06:29:46,26.573344430000006,106.69626259999997,stay
a1443a38a346cc6023f7a0c7904dc91f,2016-09-06 07:06:43,2016-09-06 07:44:59,26.577867060000006,106.69848959999995,stay
a1443a38a346cc6023f7a0c7904dc91f,2016-09-06 07:45:18,2016-09-06 07:45:18,26.57334443,106.69626260000001,normal
a1443a38a346cc6023f7a0c7904dc91f,2016-09-06 07:45:40,2016-09-06 07:45:40,26.57786706,106.6984896,normal
a1443a38a346cc6023f7a0c7904dc91f,2016-09-06 07:46:00,2016-09-06 07:46:00,26.57786706,106.6984896,normal
a1443a38a346cc6023f7a0c7904dc91f,2016-09-06 07:46:20,2016-09-06 07:46:20,26.57786706,106.6984896,normal
a1443a38a346cc6023f7a0c7904dc91f,2016-09-06 07:46:40,2016-09-06 07:46:40,26.57786706,106.6984896,normal
a1443a38a346cc6023f7a0c7904dc91f,2016-09-06 07:47:00,2016-09-06 07:47:00,26.57786706,106.6984896,normal
a1443a38a346cc6023f7a0c7904dc91f,2016-09-06 07:47:20,2016-09-06 07:47:20,26.57786706,106.6984896,normal
a1443a38a346cc6023f7a0c7904dc91f,2016-09-06 07:47:43,2016-09-06 07:47:43,26.57786706,106.6984896,normal
a1443a38a346cc6023f7a0c7904dc91f,2016-09-06 07:48:03,2016-09-06 07:48:03,26.57786706,106.6984896,normal
a1443a38a346cc6023f7a0c7904dc91f,2016-09-06 07:48:23,2016-09-06 07:48:23,26.57334443,106.69626260000001,normal
a1443a38a346cc6023f7a0c7904dc91f,2016-09-06 07:48:43,2016-09-06 07:48:43,26.57334443,106.69626260000001,normal
a1443a38a346cc6023f7a0c7904dc91f,2016-09-06 07:49:03,2016-09-06 07:49:03,26.57786706,106.6984896,normal
a1443a38a346cc6023f7a0c7904dc91f,2016-09-06 07:51:24,2016-09-06 07:51:24,26.57786706,106.6984896,normal
a1443a38a346cc6023f7a0c7904dc91f,2016-09-06 07:53:36,2016-09-06 07:53:36,26.57786706,106.6984896,normal
a1443a38a346cc6023f7a0c7904dc91f,2016-09-06 07:53:56,2016-09-06 07:53:56,26.57334443,106.69626260000001,normal
a1443a38a346cc6023f7a0c7904dc91f,2016-09-06 07:54:16,2016-09-06 07:54:16,26.57786706,106.6984896,normal
a1443a38a346cc6023f7a0c7904dc91f,2016-09-06 07:54:36,2016-09-06 07:54:36,26.57786706,106.6984896,normal
a1443a38a346cc6023f7a0c7904dc91f,2016-09-06 07:54:56,2016-09-06 07:54:56,26.57334443,106.69626260000001,normal
a1443a38a346cc6023f7a0c7904dc91f,2016-09-06 07:55:15,2016-09-06 07:55:15,26.57334443,106.69626260000001,normal
a1443a38a346cc6023f7a0c7904dc91f,2016-09-06 07:55:35,2016-09-06 07:55:35,26.57786706,106.6984896,normal
a1443a38a346cc6023f7a0c7904dc91f,2016-09-06 07:55:56,2016-09-06 07:55:56,26.57786706,106.6984896,normal
a1443a38a346cc6023f7a0c7904dc91f,2016-09-06 07:58:22,2016-09-06 07:58:22,26.57786706,106.6984896,normal
a1443a38a346cc6023f7a0c7904dc91f,2016-09-06 07:58:42,2016-09-06 07:58:42,26.57786706,106.6984896,normal
a1443a38a346cc6023f7a0c7904dc91f,2016-09-06 07:59:02,2016-09-06 07:59:02,26.57786706,106.6984896,normal
a1443a38a346cc6023f7a0c7904dc91f,2016-09-06 08:00:26,2016-09-06 08:00:26,26.57334443,106.69626260000001,normal
a1443a38a346cc6023f7a0c7904dc91f,2016-09-06 08:00:47,2016-09-06 08:00:47,26.57786706,106.6984896,normal
a1443a38a346cc6023f7a0c7904dc91f,2016-09-06 08:01:07,2016-09-06 08:01:07,26.57786706,106.6984896,normal
a1443a38a346cc6023f7a0c7904dc91f,2016-09-06 08:03:26,2016-09-06 08:03:26,26.57786706,106.6984896,normal
a1443a38a346cc6023f7a0c7904dc91f,2016-09-06 08:04:36,2016-09-06 08:04:36,26.57786706,106.6984896,normal
a1443a38a346cc6023f7a0c7904dc91f,2016-09-06 07:56:56,2016-09-06 08:12:56,26.57334443,106.69626260000001,stay
a1443a38a346cc6023f7a0c7904dc91f,2016-09-06 08:41:49,2016-09-06 09:35:26,26.57786706,106.6984896,stay
a1443a38a346cc6023f7a0c7904dc91f,2016-09-06 10:00:00,2016-09-06 10:16:00,26.57334443,106.69626260000001,stay
a1443a38a346cc6023f7a0c7904dc91f,2016-09-06 10:27:25,2016-09-06 10:52:51,26.578303117999997,106.69907028,stay
a1443a38a346cc6023f7a0c7904dc91f,2016-09-06 10:54:52,2016-09-06 10:54:52,26.5746709,106.70288070000001,normal
a1443a38a346cc6023f7a0c7904dc91f,2016-09-06 10:55:53,2016-09-06 10:55:53,26.5746709,106.70288070000001,normal
a1443a38a346cc6023f7a0c7904dc91f,2016-09-06 10:56:49,2016-09-06 10:56:49,26.58004735,106.70139300000001,normal
a1443a38a346cc6023f7a0c7904dc91f,2016-09-06 10:59:10,2016-09-06 10:59:10,26.58004735,106.70139300000001,normal
a1443a38a346cc6023f7a0c7904dc91f,2016-09-06 10:59:22,2016-09-06 10:59:22,26.58004735,106.70139300000001,normal
a1443a38a346cc6023f7a0c7904dc91f,2016-09-06 11:01:35,2016-09-06 11:01:35,26.57284381,106.6921252,normal
a1443a38a346cc6023f7a0c7904dc91f,2016-09-06 11:03:22,2016-09-06 11:03:22,26.57284381,106.6921252,normal
a1443a38a346cc6023f7a0c7904dc91f,2016-09-06 11:04:37,2016-09-06 11:04:37,26.57284381,106.6921252,normal
a1443a38a346cc6023f7a0c7904dc91f,2016-09-06 11:07:33,2016-09-06 11:07:33,26.576357861494,106.70535891562001,normal
a1443a38a346cc6023f7a0c7904dc91f,2016-09-06 11:10:42,2016-09-06 11:10:42,26.5746709,106.70288070000001,normal
a1443a38a346cc6023f7a0c7904dc91f,2016-09-06 11:12:58,2016-09-06 11:12:58,26.57786706,106.6984896,normal
a1443a38a346cc6023f7a0c7904dc91f,2016-09-06 11:17:31,2016-09-06 11:53:17,26.5747395,106.72123020000001,stay
a1443a38a346cc6023f7a0c7904dc91f,2016-09-06 12:01:38,2016-09-06 12:01:38,26.57786706,106.6984896,normal
a1443a38a346cc6023f7a0c7904dc91f,2016-09-06 12:05:41,2016-09-06 12:05:41,26.57786706,106.6984896,normal
a1443a38a346cc6023f7a0c7904dc91f,2016-09-06 12:28:14,2016-09-06 13:18:26,26.57334443,106.69626260000001,stay
a1443a38a346cc6023f7a0c7904dc91f,2016-09-06 14:14:13,2016-09-06 14:14:13,26.57786706,106.6984896,normal
a1443a38a346cc6023f7a0c7904dc91f,2016-09-06 14:16:32,2016-09-06 14:16:32,26.57334443,106.69626260000001,normal
a1443a38a346cc6023f7a0c7904dc91f,2016-09-06 14:17:59,2016-09-06 14:17:59,26.57334443,106.69626260000001,normal
a1443a38a346cc6023f7a0c7904dc91f,2016-09-06 14:18:49,2016-09-06 14:31:43,26.57786706,106.6984896,stay
a1443a38a346cc6023f7a0c7904dc91f,2016-09-06 15:03:12,2016-09-06 15:03:12,26.60175181,106.70336520000001,normal
a1443a38a346cc6023f7a0c7904dc91f,2016-09-06 15:03:40,2016-09-06 15:03:40,26.60175181,106.70336520000001,normal
a1443a38a346cc6023f7a0c7904dc91f,2016-09-06 15:04:30,2016-09-06 15:04:30,26.60175181,106.70336520000001,normal
a1443a38a346cc6023f7a0c7904dc91f,2016-09-06 15:04:41,2016-09-06 15:04:41,26.60175181,106.70336520000001,normal
a1443a38a346cc6023f7a0c7904dc91f,2016-09-06 15:05:17,2016-09-06 15:05:17,26.60175181,106.70336520000001,normal
a1443a38a346cc6023f7a0c7904dc91f,2016-09-06 15:17:22,2016-09-06 15:17:22,26.603118347652,106.7454887547,normal
a1443a38a346cc6023f7a0c7904dc91f,2016-09-06 16:34:06,2016-09-06 18:51:17,26.600343076579993,106.70691227825783,stay
a1443a38a346cc6023f7a0c7904dc91f,2016-09-06 22:16:19,2016-09-06 23:05:45,26.57785569938514,106.69848246831573,stay
a1443a38a346cc6023f7a0c7904dc91f,2016-09-07 00:05:47,2016-09-07 05:04:39,26.573344430000013,106.69626259999997,stay
a1443a38a346cc6023f7a0c7904dc91f,2016-09-07 05:05:02,2016-09-07 08:48:29,26.577867059999996,106.6984896,stay
a1443a38a346cc6023f7a0c7904dc91f,2016-09-07 08:55:28,2016-09-07 08:55:28,26.57334443,106.69626260000001,normal
a1443a38a346cc6023f7a0c7904dc91f,2016-09-07 08:56:31,2016-09-07 08:56:31,26.57334443,106.69626260000001,normal
a1443a38a346cc6023f7a0c7904dc91f,2016-09-07 09:07:23,2016-09-07 11:51:09,26.578118631923083,106.69882460769226,stay
a1443a38a346cc6023f7a0c7904dc91f,2016-09-07 11:55:11,2016-09-07 11:55:11,26.58240597,106.70447840000001,normal
a1443a38a346cc6023f7a0c7904dc91f,2016-09-07 11:57:02,2016-09-07 11:57:02,26.58240597,106.70447840000001,normal
a1443a38a346cc6023f7a0c7904dc91f,2016-09-07 12:03:48,2016-09-07 12:22:22,26.588482194999997,106.70337219999999,stay
a1443a38a346cc6023f7a0c7904dc91f,2016-09-07 12:59:05,2016-09-07 13:15:05,26.593654629594,106.70423631677001,stay
a1443a38a346cc6023f7a0c7904dc91f,2016-09-07 13:14:05,2016-09-07 13:24:20,26.58975052,106.70293249999999,stay
a1443a38a346cc6023f7a0c7904dc91f,2016-09-07 14:22:55,2016-09-07 14:22:55,26.59907327,106.7208209,normal
a1443a38a346cc6023f7a0c7904dc91f,2016-09-07 14:23:05,2016-09-07 14:23:05,26.59907327,106.7208209,normal
a1443a38a346cc6023f7a0c7904dc91f,2016-09-07 14:23:15,2016-09-07 14:23:15,26.59907327,106.7208209,normal
a1443a38a346cc6023f7a0c7904dc91f,2016-09-07 14:23:28,2016-09-07 14:23:28,26.59907327,106.7208209,normal
a1443a38a346cc6023f7a0c7904dc91f,2016-09-07 14:23:36,2016-09-07 14:23:36,26.59907327,106.7208209,normal
a1443a38a346cc6023f7a0c7904dc91f,2016-09-07 14:24:03,2016-09-07 14:24:03,26.59907327,106.7208209,normal
a1443a38a346cc6023f7a0c7904dc91f,2016-09-07 14:24:30,2016-09-07 14:24:30,26.59907327,106.7208209,normal
a1443a38a346cc6023f7a0c7904dc91f,2016-09-07 14:24:40,2016-09-07 14:24:40,26.59907327,106.7208209,normal
a1443a38a346cc6023f7a0c7904dc91f,2016-09-07 14:24:46,2016-09-07 14:24:46,26.59907327,106.7208209,normal
a1443a38a346cc6023f7a0c7904dc91f,2016-09-07 14:53:58,2016-09-07 15:04:35,26.586271153333332,106.71509216666668,stay
a1443a38a346cc6023f7a0c7904dc91f,2016-09-07 15:05:11,2016-09-07 15:05:11,26.58269476,106.71183420000001,normal
a1443a38a346cc6023f7a0c7904dc91f,2016-09-07 15:05:27,2016-09-07 15:05:27,26.58390211,106.71286880000001,normal
a1443a38a346cc6023f7a0c7904dc91f,2016-09-07 15:06:53,2016-09-07 15:06:53,26.58165047,106.7066511,normal
a1443a38a346cc6023f7a0c7904dc91f,2016-09-07 15:06:59,2016-09-07 15:06:59,26.58165047,106.7066511,normal
a1443a38a346cc6023f7a0c7904dc91f,2016-09-07 15:07:48,2016-09-07 15:07:48,26.5790464,106.6985288,normal
a1443a38a346cc6023f7a0c7904dc91f,2016-09-07 15:08:21,2016-09-07 15:08:21,26.5790464,106.6985288,normal
a1443a38a346cc6023f7a0c7904dc91f,2016-09-07 15:08:29,2016-09-07 15:08:29,26.5790464,106.6985288,normal
a1443a38a346cc6023f7a0c7904dc91f,2016-09-07 15:09:16,2016-09-07 15:09:16,26.5790464,106.6985288,normal
a1443a38a346cc6023f7a0c7904dc91f,2016-09-07 15:10:13,2016-09-07 15:10:13,26.57786706,106.6984896,normal
a1443a38a346cc6023f7a0c7904dc91f,2016-09-07 15:12:52,2016-09-07 15:12:52,26.57413728,106.6804134,normal
a1443a38a346cc6023f7a0c7904dc91f,2016-09-07 15:21:44,2016-09-07 15:21:44,26.59449912,106.6869887,normal
a1443a38a346cc6023f7a0c7904dc91f,2016-09-07 15:28:35,2016-09-07 15:28:35,26.57956123,106.7052261,normal
a1443a38a346cc6023f7a0c7904dc91f,2016-09-07 15:29:29,2016-09-07 15:29:29,26.57956123,106.7052261,normal
a1443a38a346cc6023f7a0c7904dc91f,2016-09-07 15:29:37,2016-09-07 15:29:37,26.57956123,106.7052261,normal
a1443a38a346cc6023f7a0c7904dc91f,2016-09-07 15:30:41,2016-09-07 15:30:41,26.57956123,106.7052261,normal
a1443a38a346cc6023f7a0c7904dc91f,2016-09-07 15:34:38,2016-09-07 15:34:38,26.57956123,106.7052261,normal
a1443a38a346cc6023f7a0c7904dc91f,2016-09-07 15:35:21,2016-09-07 15:35:21,26.57956123,106.7052261,normal
a1443a38a346cc6023f7a0c7904dc91f,2016-09-07 15:36:08,2016-09-07 15:36:08,26.57786706,106.6984896,normal
a1443a38a346cc6023f7a0c7904dc91f,2016-09-07 15:41:41,2016-09-07 15:41:41,26.5746709,106.70288070000001,normal
a1443a38a346cc6023f7a0c7904dc91f,2016-09-07 15:42:06,2016-09-07 15:42:06,26.5746709,106.70288070000001,normal
a1443a38a346cc6023f7a0c7904dc91f,2016-09-07 15:43:35,2016-09-07 15:43:35,26.5746709,106.70288070000001,normal
a1443a38a346cc6023f7a0c7904dc91f,2016-09-07 15:44:20,2016-09-07 15:44:20,26.58004735,106.70139300000001,normal
a1443a38a346cc6023f7a0c7904dc91f,2016-09-07 15:44:33,2016-09-07 15:44:33,26.58004735,106.70139300000001,normal
a1443a38a346cc6023f7a0c7904dc91f,2016-09-07 15:45:40,2016-09-07 18:21:27,26.57284381,106.69212520000009,stay
a1443a38a346cc6023f7a0c7904dc91f,2016-09-07 18:23:50,2016-09-07 18:23:50,26.577626187301,106.70188796660001,normal
a1443a38a346cc6023f7a0c7904dc91f,2016-09-07 18:24:23,2016-09-07 18:24:23,26.58004735,106.70139300000001,normal
a1443a38a346cc6023f7a0c7904dc91f,2016-09-07 18:25:01,2016-09-07 18:25:01,26.5746709,106.70288070000001,normal
a1443a38a346cc6023f7a0c7904dc91f,2016-09-07 18:34:56,2016-09-07 18:34:56,26.57786706,106.6984896,normal
a1443a38a346cc6023f7a0c7904dc91f,2016-09-07 18:37:01,2016-09-07 18:37:01,26.5747395,106.72123020000001,normal
a1443a38a346cc6023f7a0c7904dc91f,2016-09-07 18:43:25,2016-09-07 18:43:25,26.56043743,106.7176649,normal
a1443a38a346cc6023f7a0c7904dc91f,2016-09-07 19:00:42,2016-09-07 19:00:42,26.57334443,106.69626260000001,normal
a1443a38a346cc6023f7a0c7904dc91f,2016-09-07 19:01:01,2016-09-07 19:01:01,26.57334443,106.69626260000001,normal
a1443a38a346cc6023f7a0c7904dc91f,2016-09-07 19:05:30,2016-09-07 19:05:30,26.57334443,106.69626260000001,normal
a1443a38a346cc6023f7a0c7904dc91f,2016-09-07 19:19:00,2016-09-07 19:19:00,26.59200536,106.7370547,normal
a1443a38a346cc6023f7a0c7904dc91f,2016-09-07 19:23:09,2016-09-07 19:23:09,26.59200536,106.7370547,normal
a1443a38a346cc6023f7a0c7904dc91f,2016-09-07 19:23:27,2016-09-07 19:23:27,26.59200536,106.7370547,normal
a1443a38a346cc6023f7a0c7904dc91f,2016-09-07 19:25:58,2016-09-07 19:25:58,26.59200536,106.7370547,normal
a1443a38a346cc6023f7a0c7904dc91f,2016-09-07 19:26:27,2016-09-07 19:26:27,26.59200536,106.7370547,normal
a1443a38a346cc6023f7a0c7904dc91f,2016-09-07 19:45:38,2016-09-07 19:45:38,26.56114755,106.7156822,normal
a1443a38a346cc6023f7a0c7904dc91f,2016-09-07 20:40:36,2016-09-07 20:40:36,26.57031103,106.71193410000001,normal
a1443a38a346cc6023f7a0c7904dc91f,2016-09-07 20:46:17,2016-09-07 20:46:17,26.56114755,106.7156822,normal
a1443a38a346cc6023f7a0c7904dc91f,2016-09-07 20:54:10,2016-09-07 20:54:10,26.56460094,106.7173922,normal
a1443a38a346cc6023f7a0c7904dc91f,2016-09-07 20:54:33,2016-09-07 20:54:33,26.56460094,106.7173922,normal
a1443a38a346cc6023f7a0c7904dc91f,2016-09-07 20:54:48,2016-09-07 20:54:48,26.56460094,106.7173922,normal
a1443a38a346cc6023f7a0c7904dc91f,2016-09-07 20:56:11,2016-09-07 20:56:11,26.56653724,106.71226850000001,normal
a1443a38a346cc6023f7a0c7904dc91f,2016-09-07 21:00:05,2016-09-07 21:00:05,26.57134719,106.70204360000001,normal
a1443a38a346cc6023f7a0c7904dc91f,2016-09-07 21:07:02,2016-09-07 21:07:02,26.57786706,106.6984896,normal
a1443a38a346cc6023f7a0c7904dc91f,2016-09-07 21:39:50,2016-09-07 21:39:50,26.57284381,106.6921252,normal
a1443a38a346cc6023f7a0c7904dc91f,2016-09-07 21:41:29,2016-09-07 21:41:29,26.57786706,106.6984896,normal
a1443a38a346cc6023f7a0c7904dc91f,2016-09-07 21:42:52,2016-09-07 21:42:52,26.57786706,106.6984896,normal
a1443a38a346cc6023f7a0c7904dc91f,2016-09-07 21:43:04,2016-09-07 21:43:04,26.57786706,106.6984896,normal
a1443a38a346cc6023f7a0c7904dc91f,2016-09-07 22:33:49,2016-09-07 22:33:49,26.57334443,106.69626260000001,normal
a1443a38a346cc6023f7a0c7904dc91f,2016-09-07 22:34:01,2016-09-07 22:34:01,26.57334443,106.69626260000001,normal
a1443a38a346cc6023f7a0c7904dc91f,2016-09-07 22:36:05,2016-09-07 22:36:05,26.568240535554,106.70848368706001,normal
a1443a38a346cc6023f7a0c7904dc91f,2016-09-07 22:39:33,2016-09-07 22:39:33,26.57786706,106.6984896,normal
a1443a38a346cc6023f7a0c7904dc91f,2016-09-07 22:46:38,2016-09-07 22:46:38,26.57786706,106.6984896,normal
a1443a38a346cc6023f7a0c7904dc91f,2016-09-07 22:46:59,2016-09-07 22:46:59,26.57786706,106.6984896,normal
a1443a38a346cc6023f7a0c7904dc91f,2016-09-07 22:47:53,2016-09-07 23:07:41,26.573344430000002,106.69626259999997,stay
a1443a38a346cc6023f7a0c7904dc91f,2016-09-07 23:09:16,2016-09-07 23:09:16,26.57786706,106.6984896,normal
a1443a38a346cc6023f7a0c7904dc91f,2016-09-07 23:11:34,2016-09-07 23:11:34,26.57334443,106.69626260000001,normal
a1443a38a346cc6023f7a0c7904dc91f,2016-09-07 23:14:17,2016-09-07 23:14:17,26.57334443,106.69626260000001,normal
a1443a38a346cc6023f7a0c7904dc91f,2016-09-07 23:18:10,2016-09-07 23:18:10,26.57334443,106.69626260000001,normal
a1443a38a346cc6023f7a0c7904dc91f,2016-09-07 23:19:14,2016-09-07 23:19:14,26.57334443,106.69626260000001,normal
a1443a38a346cc6023f7a0c7904dc91f,2016-09-07 23:24:13,2016-09-07 23:47:35,26.57786706,106.6984896,stay
a1443a38a346cc6023f7a0c7904dc91f,2016-09-07 23:51:19,2016-09-08 00:27:50,26.57334443,106.6962626,stay
a1443a38a346cc6023f7a0c7904dc91f,2016-09-08 00:33:37,2016-09-08 00:49:23,26.57786706,106.69848959999997,stay
a1443a38a346cc6023f7a0c7904dc91f,2016-09-08 00:53:12,2016-09-08 01:45:55,26.57334443,106.6962626,stay
a1443a38a346cc6023f7a0c7904dc91f,2016-09-08 05:20:44,2016-09-08 05:36:44,26.57786706,106.6984896,stay
a1443a38a346cc6023f7a0c7904dc91f,2016-09-08 05:29:13,2016-09-08 08:07:10,26.573344430000002,106.69626260000001,stay
a1443a38a346cc6023f7a0c7904dc91f,2016-09-08 08:31:29,2016-09-08 08:47:29,26.57786706,106.6984896,stay
a1443a38a346cc6023f7a0c7904dc91f,2016-09-08 08:46:25,2016-09-08 09:17:48,26.573344429999995,106.6962626,stay
a1443a38a346cc6023f7a0c7904dc91f,2016-09-08 09:18:34,2016-09-08 10:35:25,26.577867059999996,106.69848959999999,stay
a1443a38a346cc6023f7a0c7904dc91f,2016-09-08 10:37:18,2016-09-08 10:37:18,26.56843608,106.6952531,normal
a1443a38a346cc6023f7a0c7904dc91f,2016-09-08 10:42:10,2016-09-08 10:42:10,26.56843608,106.6952531,normal
a1443a38a346cc6023f7a0c7904dc91f,2016-09-08 10:42:46,2016-09-08 10:42:46,26.57334443,106.69626260000001,normal
a1443a38a346cc6023f7a0c7904dc91f,2016-09-08 10:50:34,2016-09-08 11:31:08,26.57786706,106.69848959999997,stay
a1443a38a346cc6023f7a0c7904dc91f,2016-09-08 11:35:33,2016-09-08 11:35:33,26.58240597,106.70447840000001,normal
a1443a38a346cc6023f7a0c7904dc91f,2016-09-08 11:46:38,2016-09-08 11:46:38,26.59899614,106.708689,normal
a1443a38a346cc6023f7a0c7904dc91f,2016-09-08 11:46:49,2016-09-08 11:46:49,26.59899614,106.708689,normal
a1443a38a346cc6023f7a0c7904dc91f,2016-09-08 11:46:56,2016-09-08 11:46:56,26.59899614,106.708689,normal
a1443a38a346cc6023f7a0c7904dc91f,2016-09-08 12:08:06,2016-09-08 12:08:06,26.603927247743,106.70996049332001,normal
a1443a38a346cc6023f7a0c7904dc91f,2016-09-08 12:08:25,2016-09-08 12:08:25,26.603927247743,106.70996049332001,normal
a1443a38a346cc6023f7a0c7904dc91f,2016-09-08 12:17:58,2016-09-08 12:17:58,26.601166220467,106.70942203469001,normal
a1443a38a346cc6023f7a0c7904dc91f,2016-09-08 12:18:16,2016-09-08 12:18:16,26.60050320345,106.70659486474001,normal
a1443a38a346cc6023f7a0c7904dc91f,2016-09-08 12:18:38,2016-09-08 12:18:38,26.60050320345,106.70659486474001,normal
a1443a38a346cc6023f7a0c7904dc91f,2016-09-08 12:28:41,2016-09-08 12:28:41,26.58240597,106.70447840000001,normal
a1443a38a346cc6023f7a0c7904dc91f,2016-09-08 12:28:47,2016-09-08 12:28:47,26.58240597,106.70447840000001,normal
a1443a38a346cc6023f7a0c7904dc91f,2016-09-08 12:29:18,2016-09-08 12:29:18,26.58240597,106.70447840000001,normal
a1443a38a346cc6023f7a0c7904dc91f,2016-09-08 12:40:23,2016-09-08 12:40:23,26.5746709,106.70288070000001,normal
a1443a38a346cc6023f7a0c7904dc91f,2016-09-08 12:42:37,2016-09-08 12:42:37,26.5746709,106.70288070000001,normal
a1443a38a346cc6023f7a0c7904dc91f,2016-09-08 12:47:33,2016-09-08 12:47:33,26.57284381,106.6921252,normal
a1443a38a346cc6023f7a0c7904dc91f,2016-09-08 12:48:01,2016-09-08 12:48:01,26.57284381,106.6921252,normal
a1443a38a346cc6023f7a0c7904dc91f,2016-09-08 12:48:33,2016-09-08 12:48:33,26.57284381,106.6921252,normal
a1443a38a346cc6023f7a0c7904dc91f,2016-09-08 13:03:39,2016-09-08 13:03:39,26.57786706,106.6984896,normal
a1443a38a346cc6023f7a0c7904dc91f,2016-09-08 13:04:18,2016-09-08 13:04:18,26.57786706,106.6984896,normal
a1443a38a346cc6023f7a0c7904dc91f,2016-09-08 13:04:57,2016-09-08 14:08:17,26.57284381,106.6921252,stay
a1443a38a346cc6023f7a0c7904dc91f,2016-09-08 14:19:37,2016-09-08 14:40:44,26.5778511551392,106.69847961564201,stay
a1443a38a346cc6023f7a0c7904dc91f,2016-09-08 15:12:31,2016-09-08 16:34:14,26.572843810000002,106.69212519999999,stay
a1443a38a346cc6023f7a0c7904dc91f,2016-09-08 16:41:36,2016-09-08 16:41:36,26.576357861494,106.70535891562001,normal
a1443a38a346cc6023f7a0c7904dc91f,2016-09-08 17:26:06,2016-09-08 17:43:29,26.573344429999995,106.69626259999998,stay
a1443a38a346cc6023f7a0c7904dc91f,2016-09-08 18:00:08,2016-09-08 18:00:08,26.58004735,106.70139300000001,normal
a1443a38a346cc6023f7a0c7904dc91f,2016-09-08 18:04:19,2016-09-08 19:14:23,26.57284381,106.69212519999998,stay
a1443a38a346cc6023f7a0c7904dc91f,2016-09-08 19:17:32,2016-09-08 19:17:32,26.58004735,106.70139300000001,normal
a1443a38a346cc6023f7a0c7904dc91f,2016-09-08 19:21:47,2016-09-08 19:21:47,26.57786706,106.6984896,normal
a1443a38a346cc6023f7a0c7904dc91f,2016-09-08 19:22:42,2016-09-08 19:22:42,26.57786706,106.6984896,normal
a1443a38a346cc6023f7a0c7904dc91f,2016-09-08 19:24:34,2016-09-08 19:24:34,26.57334443,106.69626260000001,normal
a1443a38a346cc6023f7a0c7904dc91f,2016-09-08 19:26:56,2016-09-08 19:26:56,26.57334443,106.69626260000001,normal
a1443a38a346cc6023f7a0c7904dc91f,2016-09-08 19:27:30,2016-09-08 19:27:30,26.57334443,106.69626260000001,normal
a1443a38a346cc6023f7a0c7904dc91f,2016-09-08 19:27:45,2016-09-08 19:27:45,26.57334443,106.69626260000001,normal
a1443a38a346cc6023f7a0c7904dc91f,2016-09-08 19:28:28,2016-09-08 19:28:28,26.57334443,106.69626260000001,normal
a1443a38a346cc6023f7a0c7904dc91f,2016-09-08 19:29:06,2016-09-08 19:29:06,26.57334443,106.69626260000001,normal
a1443a38a346cc6023f7a0c7904dc91f,2016-09-08 19:29:23,2016-09-08 19:29:23,26.57334443,106.69626260000001,normal
a1443a38a346cc6023f7a0c7904dc91f,2016-09-08 19:29:44,2016-09-08 19:29:44,26.57786706,106.6984896,normal
a1443a38a346cc6023f7a0c7904dc91f,2016-09-08 19:30:34,2016-09-08 19:30:34,26.57786706,106.6984896,normal
a1443a38a346cc6023f7a0c7904dc91f,2016-09-08 19:30:49,2016-09-08 19:30:49,26.57786706,106.6984896,normal
a1443a38a346cc6023f7a0c7904dc91f,2016-09-08 19:31:33,2016-09-08 19:31:33,26.57786706,106.6984896,normal
a1443a38a346cc6023f7a0c7904dc91f,2016-09-08 19:32:04,2016-09-08 19:32:04,26.57786706,106.6984896,normal
a1443a38a346cc6023f7a0c7904dc91f,2016-09-08 19:32:12,2016-09-08 19:32:12,26.57786706,106.6984896,normal
a1443a38a346cc6023f7a0c7904dc91f,2016-09-08 19:32:36,2016-09-08 19:32:36,26.57786706,106.6984896,normal
a1443a38a346cc6023f7a0c7904dc91f,2016-09-08 19:33:00,2016-09-08 19:33:00,26.57334443,106.69626260000001,normal
a1443a38a346cc6023f7a0c7904dc91f,2016-09-08 19:34:15,2016-09-08 19:34:15,26.57334443,106.69626260000001,normal
a1443a38a346cc6023f7a0c7904dc91f,2016-09-08 19:36:18,2016-09-08 19:36:18,26.568240535554,106.70848368706001,normal
a1443a38a346cc6023f7a0c7904dc91f,2016-09-08 19:40:31,2016-09-08 19:40:31,26.56043743,106.7176649,normal
a1443a38a346cc6023f7a0c7904dc91f,2016-09-08 19:40:54,2016-09-08 19:40:54,26.56043743,106.7176649,normal
a1443a38a346cc6023f7a0c7904dc91f,2016-09-08 19:43:49,2016-09-08 19:43:49,26.59200536,106.7370547,normal
a1443a38a346cc6023f7a0c7904dc91f,2016-09-08 19:46:22,2016-09-08 19:46:22,26.568240535554,106.70848368706001,normal
a1443a38a346cc6023f7a0c7904dc91f,2016-09-08 19:46:58,2016-09-08 19:46:58,26.568240535554,106.70848368706001,normal
a1443a38a346cc6023f7a0c7904dc91f,2016-09-08 19:56:21,2016-09-08 19:56:21,26.59200536,106.7370547,normal
a1443a38a346cc6023f7a0c7904dc91f,2016-09-08 20:00:17,2016-09-08 20:00:17,26.57334443,106.69626260000001,normal
a1443a38a346cc6023f7a0c7904dc91f,2016-09-08 20:00:47,2016-09-08 20:00:47,26.57334443,106.69626260000001,normal
a1443a38a346cc6023f7a0c7904dc91f,2016-09-08 20:04:14,2016-09-08 20:04:14,26.58004735,106.70139300000001,normal
a1443a38a346cc6023f7a0c7904dc91f,2016-09-08 20:07:03,2016-09-08 20:37:00,26.57284381,106.6921252,stay
a1443a38a346cc6023f7a0c7904dc91f,2016-09-08 20:39:53,2016-09-08 20:55:53,26.57786706,106.6984896,stay
a1443a38a346cc6023f7a0c7904dc91f,2016-09-08 21:07:43,2016-09-08 21:26:32,26.57284381,106.6921252,stay
a1443a38a346cc6023f7a0c7904dc91f,2016-09-08 21:34:36,2016-09-08 21:49:04,26.57786706,106.6984896,stay
a1443a38a346cc6023f7a0c7904dc91f,2016-09-08 22:24:22,2016-09-08 22:53:00,26.573344429999995,106.69626259999998,stay
a1443a38a346cc6023f7a0c7904dc91f,2016-09-08 22:53:45,2016-09-08 22:53:45,26.57786706,106.6984896,normal
a1443a38a346cc6023f7a0c7904dc91f,2016-09-08 22:56:17,2016-09-08 22:56:17,26.59200536,106.7370547,normal
a1443a38a346cc6023f7a0c7904dc91f,2016-09-08 22:59:25,2016-09-08 22:59:25,26.57334443,106.69626260000001,normal
a1443a38a346cc6023f7a0c7904dc91f,2016-09-08 23:01:28,2016-09-08 23:01:28,26.57786706,106.6984896,normal
a1443a38a346cc6023f7a0c7904dc91f,2016-09-08 23:03:44,2016-09-08 23:03:44,26.57334443,106.69626260000001,normal
a1443a38a346cc6023f7a0c7904dc91f,2016-09-08 23:04:08,2016-09-08 23:04:08,26.57334443,106.69626260000001,normal
a1443a38a346cc6023f7a0c7904dc91f,2016-09-08 23:05:10,2016-09-08 23:05:10,26.57786706,106.6984896,normal
a1443a38a346cc6023f7a0c7904dc91f,2016-09-08 23:11:58,2016-09-08 23:24:38,26.573344430000002,106.69626260000001,stay
a1443a38a346cc6023f7a0c7904dc91f,2016-09-08 23:31:41,2016-09-08 23:31:41,26.57786706,106.6984896,normal
a1443a38a346cc6023f7a0c7904dc91f,2016-09-08 23:34:14,2016-09-08 23:34:14,26.57786706,106.6984896,normal
a1443a38a346cc6023f7a0c7904dc91f,2016-09-08 23:36:56,2016-09-08 23:36:56,26.57334443,106.69626260000001,normal
a1443a38a346cc6023f7a0c7904dc91f,2016-09-08 23:44:57,2016-09-08 23:44:57,26.57284381,106.6921252,normal
a1443a38a346cc6023f7a0c7904dc91f,2016-09-08 23:38:32,2016-09-08 23:54:32,26.577626187301,106.70188796660001,stay
a1443a38a346cc6023f7a0c7904dc91f,2016-09-09 00:03:41,2016-09-09 00:21:17,26.57334443,106.69626260000001,stay
a1443a38a346cc6023f7a0c7904dc91f,2016-09-09 00:23:24,2016-09-09 07:44:13,26.577852149193003,106.69848023966432,stay
a1443a38a346cc6023f7a0c7904dc91f,2016-09-09 08:22:45,2016-09-09 08:22:45,26.57334443,106.69626260000001,normal
a1443a38a346cc6023f7a0c7904dc91f,2016-09-09 08:23:16,2016-09-09 08:23:16,26.57334443,106.69626260000001,normal
a1443a38a346cc6023f7a0c7904dc91f,2016-09-09 08:43:14,2016-09-09 08:43:14,26.57786706,106.6984896,normal
a1443a38a346cc6023f7a0c7904dc91f,2016-09-09 08:43:52,2016-09-09 08:43:52,26.57786706,106.6984896,normal
a1443a38a346cc6023f7a0c7904dc91f,2016-09-09 08:45:17,2016-09-09 08:45:17,26.57786706,106.6984896,normal
a1443a38a346cc6023f7a0c7904dc91f,2016-09-09 08:50:52,2016-09-09 08:50:52,26.57786706,106.6984896,normal
a1443a38a346cc6023f7a0c7904dc91f,2016-09-09 08:51:24,2016-09-09 08:51:24,26.57334443,106.69626260000001,normal
a1443a38a346cc6023f7a0c7904dc91f,2016-09-09 08:51:41,2016-09-09 08:51:41,26.57334443,106.69626260000001,normal
a1443a38a346cc6023f7a0c7904dc91f,2016-09-09 08:53:20,2016-09-09 08:53:20,26.57334443,106.69626260000001,normal
a1443a38a346cc6023f7a0c7904dc91f,2016-09-09 09:00:33,2016-09-09 09:34:14,26.57786706,106.69848959999999,stay
a1443a38a346cc6023f7a0c7904dc91f,2016-09-09 09:50:13,2016-09-09 09:50:13,26.57334443,106.69626260000001,normal
a1443a38a346cc6023f7a0c7904dc91f,2016-09-09 09:50:59,2016-09-09 09:50:59,26.57334443,106.69626260000001,normal
a1443a38a346cc6023f7a0c7904dc91f,2016-09-09 09:52:11,2016-09-09 09:52:11,26.577626187301,106.70188796660001,normal
a1443a38a346cc6023f7a0c7904dc91f,2016-09-09 09:58:22,2016-09-09 09:58:22,26.577626187301,106.70188796660001,normal
a1443a38a346cc6023f7a0c7904dc91f,2016-09-09 09:58:47,2016-09-09 09:58:47,26.57334443,106.69626260000001,normal
a1443a38a346cc6023f7a0c7904dc91f,2016-09-09 10:01:07,2016-09-09 10:01:07,26.577787535696,106.69843967821001,normal
a1443a38a346cc6023f7a0c7904dc91f,2016-09-09 10:01:42,2016-09-09 10:01:42,26.577626187301,106.70188796660001,normal
a1443a38a346cc6023f7a0c7904dc91f,2016-09-09 09:57:55,2016-09-09 10:13:55,26.57334443,106.69626260000001,stay
a1443a38a346cc6023f7a0c7904dc91f,2016-09-09 10:27:15,2016-09-09 10:48:49,26.577807416772,106.69845215865752,stay
a1443a38a346cc6023f7a0c7904dc91f,2016-09-09 10:49:57,2016-09-09 11:00:07,26.573344429999995,106.6962626,stay
a1443a38a346cc6023f7a0c7904dc91f,2016-09-09 11:05:20,2016-09-09 11:05:20,26.5746709,106.70288070000001,normal
a1443a38a346cc6023f7a0c7904dc91f,2016-09-09 11:13:00,2016-09-09 11:31:03,26.57284381,106.69212519999999,stay
a1443a38a346cc6023f7a0c7904dc91f,2016-09-09 11:32:11,2016-09-09 11:32:11,26.57786706,106.6984896,normal
a1443a38a346cc6023f7a0c7904dc91f,2016-09-09 11:32:45,2016-09-09 11:32:45,26.57786706,106.6984896,normal
a1443a38a346cc6023f7a0c7904dc91f,2016-09-09 11:35:44,2016-09-09 13:35:40,26.57284381,106.69212520000005,stay
a1443a38a346cc6023f7a0c7904dc91f,2016-09-09 13:39:34,2016-09-09 13:39:34,26.58004735,106.70139300000001,normal
a1443a38a346cc6023f7a0c7904dc91f,2016-09-09 13:41:49,2016-09-09 13:41:49,26.58004735,106.70139300000001,normal
a1443a38a346cc6023f7a0c7904dc91f,2016-09-09 13:42:16,2016-09-09 13:42:16,26.5746709,106.70288070000001,normal
a1443a38a346cc6023f7a0c7904dc91f,2016-09-09 13:42:44,2016-09-09 13:42:44,26.5746709,106.70288070000001,normal
a1443a38a346cc6023f7a0c7904dc91f,2016-09-09 13:55:16,2016-09-09 13:55:16,26.57786706,106.6984896,normal
a1443a38a346cc6023f7a0c7904dc91f,2016-09-09 14:04:56,2016-09-09 15:54:47,26.57284381,106.69212520000004,stay
a1443a38a346cc6023f7a0c7904dc91f,2016-09-09 15:56:37,2016-09-09 15:56:37,26.58004735,106.70139300000001,normal
a1443a38a346cc6023f7a0c7904dc91f,2016-09-09 15:57:42,2016-09-09 15:57:42,26.5746709,106.70288070000001,normal
a1443a38a346cc6023f7a0c7904dc91f,2016-09-09 15:58:37,2016-09-09 15:58:37,26.57786706,106.6984896,normal
a1443a38a346cc6023f7a0c7904dc91f,2016-09-09 15:59:37,2016-09-09 15:59:37,26.57786706,106.6984896,normal
a1443a38a346cc6023f7a0c7904dc91f,2016-09-09 16:11:01,2016-09-09 16:11:01,26.57956123,106.7052261,normal
a1443a38a346cc6023f7a0c7904dc91f,2016-09-09 16:20:29,2016-09-09 16:20:29,26.583604097906,106.68192732991001,normal
a1443a38a346cc6023f7a0c7904dc91f,2016-09-09 16:24:58,2016-09-09 16:24:58,26.583604097906,106.68192732991001,normal
a1443a38a346cc6023f7a0c7904dc91f,2016-09-09 16:28:44,2016-09-09 16:28:44,26.592689710021,106.68367238989,normal
a1443a38a346cc6023f7a0c7904dc91f,2016-09-09 16:52:07,2016-09-09 16:52:07,26.59959889,106.6679929,normal
a1443a38a346cc6023f7a0c7904dc91f,2016-09-09 16:54:36,2016-09-09 16:54:36,26.59959889,106.6679929,normal
a1443a38a346cc6023f7a0c7904dc91f,2016-09-09 16:55:48,2016-09-09 16:55:48,26.59959889,106.6679929,normal
a1443a38a346cc6023f7a0c7904dc91f,2016-09-09 16:55:56,2016-09-09 16:55:56,26.59959889,106.6679929,normal
a1443a38a346cc6023f7a0c7904dc91f,2016-09-09 17:00:49,2016-09-09 17:00:49,26.59959889,106.6679929,normal
a1443a38a346cc6023f7a0c7904dc91f,2016-09-09 17:05:49,2016-09-09 17:22:27,26.583604097906,106.68192732991,stay
a1443a38a346cc6023f7a0c7904dc91f,2016-09-09 19:53:07,2016-09-09 20:18:51,26.572843810000002,106.69212519999999,stay
a1443a38a346cc6023f7a0c7904dc91f,2016-09-09 20:24:25,2016-09-09 20:24:25,26.5746709,106.70288070000001,normal
a1443a38a346cc6023f7a0c7904dc91f,2016-09-09 20:27:51,2016-09-09 20:27:51,26.5747395,106.72123020000001,normal
a1443a38a346cc6023f7a0c7904dc91f,2016-09-09 20:38:59,2016-09-09 20:38:59,26.59200536,106.7370547,normal
a1443a38a346cc6023f7a0c7904dc91f,2016-09-09 20:48:10,2016-09-09 20:48:10,26.59200536,106.7370547,normal
a1443a38a346cc6023f7a0c7904dc91f,2016-09-09 21:10:24,2016-09-09 22:49:33,26.577847178924003,106.69847711955245,stay
a1443a38a346cc6023f7a0c7904dc91f,2016-09-09 22:55:39,2016-09-09 23:16:38,26.57334443,106.69626260000001,stay
a1443a38a346cc6023f7a0c7904dc91f,2016-09-09 23:17:04,2016-09-10 00:21:13,26.57786137969257,106.69848603415782,stay
a1443a38a346cc6023f7a0c7904dc91f,2016-09-10 00:27:26,2016-09-10 00:42:06,26.57334443,106.69626260000001,stay
a1443a38a346cc6023f7a0c7904dc91f,2016-09-10 01:04:59,2016-09-10 08:17:43,26.5778657491598,106.69848877711303,stay
a1443a38a346cc6023f7a0c7904dc91f,2016-09-10 08:26:15,2016-09-10 08:26:15,26.5746709,106.70288070000001,normal
a1443a38a346cc6023f7a0c7904dc91f,2016-09-10 08:27:08,2016-09-10 08:27:08,26.5746709,106.70288070000001,normal
a1443a38a346cc6023f7a0c7904dc91f,2016-09-10 08:35:34,2016-09-10 08:54:41,26.577867059999996,106.6984896,stay
a1443a38a346cc6023f7a0c7904dc91f,2016-09-10 08:55:03,2016-09-10 08:55:03,26.57334443,106.69626260000001,normal
a1443a38a346cc6023f7a0c7904dc91f,2016-09-10 08:56:31,2016-09-10 08:56:31,26.57334443,106.69626260000001,normal
a1443a38a346cc6023f7a0c7904dc91f,2016-09-10 09:02:34,2016-09-10 09:02:34,26.57334443,106.69626260000001,normal
a1443a38a346cc6023f7a0c7904dc91f,2016-09-10 09:11:42,2016-09-10 09:11:42,26.57786706,106.6984896,normal
a1443a38a346cc6023f7a0c7904dc91f,2016-09-10 09:14:28,2016-09-10 09:14:28,26.59200536,106.7370547,normal
a1443a38a346cc6023f7a0c7904dc91f,2016-09-10 09:16:04,2016-09-10 09:16:04,26.5747395,106.72123020000001,normal
a1443a38a346cc6023f7a0c7904dc91f,2016-09-10 09:21:03,2016-09-10 09:21:03,26.57334443,106.69626260000001,normal
a1443a38a346cc6023f7a0c7904dc91f,2016-09-10 09:22:38,2016-09-10 09:39:22,26.577867059999996,106.69848959999999,stay
a1443a38a346cc6023f7a0c7904dc91f,2016-09-10 09:53:16,2016-09-10 09:53:16,26.58014033,106.72663720000001,normal
a1443a38a346cc6023f7a0c7904dc91f,2016-09-10 10:07:03,2016-09-10 11:19:15,26.588871533333332,106.73513853333331,stay
a1443a38a346cc6023f7a0c7904dc91f,2016-09-10 11:21:18,2016-09-10 11:21:18,26.58756465,106.7292043,normal
a1443a38a346cc6023f7a0c7904dc91f,2016-09-10 11:21:31,2016-09-10 11:21:31,26.58756465,106.7292043,normal
a1443a38a346cc6023f7a0c7904dc91f,2016-09-10 11:21:41,2016-09-10 11:21:41,26.58756465,106.7292043,normal
a1443a38a346cc6023f7a0c7904dc91f,2016-09-10 11:39:32,2016-09-10 11:55:32,26.5746709,106.70288070000001,stay
a1443a38a346cc6023f7a0c7904dc91f,2016-09-10 11:56:22,2016-09-10 12:16:53,26.59200536,106.7370547,stay
a1443a38a346cc6023f7a0c7904dc91f,2016-09-10 12:24:53,2016-09-10 12:24:53,26.5746709,106.70288070000001,normal
a1443a38a346cc6023f7a0c7904dc91f,2016-09-10 12:25:57,2016-09-10 12:25:57,26.58004735,106.70139300000001,normal
a1443a38a346cc6023f7a0c7904dc91f,2016-09-10 12:28:49,2016-09-10 15:51:51,26.57284381,106.69212520000006,stay
a1443a38a346cc6023f7a0c7904dc91f,2016-09-10 15:55:45,2016-09-10 15:55:45,26.57786706,106.6984896,normal
a1443a38a346cc6023f7a0c7904dc91f,2016-09-10 15:56:45,2016-09-10 15:56:45,26.57786706,106.6984896,normal
a1443a38a346cc6023f7a0c7904dc91f,2016-09-10 16:01:14,2016-09-10 16:01:14,26.57284381,106.6921252,normal
a1443a38a346cc6023f7a0c7904dc91f,2016-09-10 16:01:55,2016-09-10 16:01:55,26.57284381,106.6921252,normal
a1443a38a346cc6023f7a0c7904dc91f,2016-09-10 16:02:07,2016-09-10 16:02:07,26.57284381,106.6921252,normal
a1443a38a346cc6023f7a0c7904dc91f,2016-09-10 16:15:23,2016-09-10 16:31:23,26.57786706,106.6984896,stay
a1443a38a346cc6023f7a0c7904dc91f,2016-09-10 16:36:40,2016-09-10 17:08:13,26.57284381,106.69212519999999,stay
a1443a38a346cc6023f7a0c7904dc91f,2016-09-10 17:10:55,2016-09-10 17:10:55,26.577626187301,106.70188796660001,normal
a1443a38a346cc6023f7a0c7904dc91f,2016-09-10 17:11:12,2016-09-10 17:11:12,26.57786706,106.6984896,normal
a1443a38a346cc6023f7a0c7904dc91f,2016-09-10 17:11:25,2016-09-10 17:11:25,26.57786706,106.6984896,normal
a1443a38a346cc6023f7a0c7904dc91f,2016-09-10 17:12:10,2016-09-10 17:12:10,26.57786706,106.6984896,normal
a1443a38a346cc6023f7a0c7904dc91f,2016-09-10 17:14:40,2016-09-10 17:14:40,26.57284381,106.6921252,normal
a1443a38a346cc6023f7a0c7904dc91f,2016-09-10 17:16:01,2016-09-10 17:16:01,26.57284381,106.6921252,normal
a1443a38a346cc6023f7a0c7904dc91f,2016-09-10 17:17:33,2016-09-10 17:17:33,26.57284381,106.6921252,normal
a1443a38a346cc6023f7a0c7904dc91f,2016-09-10 17:19:38,2016-09-10 17:19:38,26.57786706,106.6984896,normal
a1443a38a346cc6023f7a0c7904dc91f,2016-09-10 17:20:28,2016-09-10 17:20:28,26.57786706,106.6984896,normal
a1443a38a346cc6023f7a0c7904dc91f,2016-09-10 17:22:40,2016-09-10 17:22:40,26.57786706,106.6984896,normal
a1443a38a346cc6023f7a0c7904dc91f,2016-09-10 17:24:39,2016-09-10 17:24:39,26.57284381,106.6921252,normal
a1443a38a346cc6023f7a0c7904dc91f,2016-09-10 17:43:25,2016-09-10 17:43:25,26.58004735,106.70139300000001,normal
a1443a38a346cc6023f7a0c7904dc91f,2016-09-10 17:44:29,2016-09-10 17:44:29,26.5746709,106.70288070000001,normal
a1443a38a346cc6023f7a0c7904dc91f,2016-09-10 17:47:11,2016-09-10 17:47:11,26.59200536,106.7370547,normal
a1443a38a346cc6023f7a0c7904dc91f,2016-09-10 17:58:12,2016-09-10 17:58:12,26.569138825983,106.70702781795,normal
a1443a38a346cc6023f7a0c7904dc91f,2016-09-10 17:58:34,2016-09-10 17:58:34,26.569138825983,106.70702781795,normal
a1443a38a346cc6023f7a0c7904dc91f,2016-09-10 18:02:22,2016-09-10 18:02:22,26.59200536,106.7370547,normal
a1443a38a346cc6023f7a0c7904dc91f,2016-09-10 18:06:12,2016-09-10 18:06:12,26.59200536,106.7370547,normal
a1443a38a346cc6023f7a0c7904dc91f,2016-09-10 18:10:19,2016-09-10 18:10:19,26.5747395,106.72123020000001,normal
a1443a38a346cc6023f7a0c7904dc91f,2016-09-10 18:11:39,2016-09-10 18:11:39,26.57786706,106.6984896,normal
a1443a38a346cc6023f7a0c7904dc91f,2016-09-10 18:19:26,2016-09-10 18:19:26,26.569138825983,106.70702781795,normal
a1443a38a346cc6023f7a0c7904dc91f,2016-09-10 18:27:18,2016-09-10 18:27:18,26.58004735,106.70139300000001,normal
a1443a38a346cc6023f7a0c7904dc91f,2016-09-10 18:31:29,2016-09-10 19:03:24,26.57284381,106.69212519999998,stay
a1443a38a346cc6023f7a0c7904dc91f,2016-09-10 19:05:58,2016-09-10 19:05:58,26.58004735,106.70139300000001,normal
a1443a38a346cc6023f7a0c7904dc91f,2016-09-10 19:10:04,2016-09-10 19:10:04,26.59200536,106.7370547,normal
a1443a38a346cc6023f7a0c7904dc91f,2016-09-10 19:11:54,2016-09-10 19:11:54,26.59200536,106.7370547,normal
a1443a38a346cc6023f7a0c7904dc91f,2016-09-10 19:15:38,2016-09-10 19:15:38,26.57334443,106.69626260000001,normal
a1443a38a346cc6023f7a0c7904dc91f,2016-09-10 19:16:38,2016-09-10 19:16:38,26.58004735,106.70139300000001,normal
a1443a38a346cc6023f7a0c7904dc91f,2016-09-10 19:16:58,2016-09-10 19:16:58,26.58004735,106.70139300000001,normal
a1443a38a346cc6023f7a0c7904dc91f,2016-09-10 19:19:30,2016-09-10 19:19:30,26.5746709,106.70288070000001,normal
a1443a38a346cc6023f7a0c7904dc91f,2016-09-10 19:23:36,2016-09-10 19:23:36,26.59200536,106.7370547,normal
a1443a38a346cc6023f7a0c7904dc91f,2016-09-10 19:24:41,2016-09-10 19:24:41,26.59200536,106.7370547,normal
a1443a38a346cc6023f7a0c7904dc91f,2016-09-10 19:27:52,2016-09-10 19:27:52,26.57334443,106.69626260000001,normal
a1443a38a346cc6023f7a0c7904dc91f,2016-09-10 19:32:13,2016-09-10 19:32:13,26.57786706,106.6984896,normal
a1443a38a346cc6023f7a0c7904dc91f,2016-09-10 19:33:14,2016-09-10 19:33:14,26.576357861494,106.70535891562001,normal
a1443a38a346cc6023f7a0c7904dc91f,2016-09-10 19:34:06,2016-09-10 19:34:06,26.576357861494,106.70535891562001,normal
a1443a38a346cc6023f7a0c7904dc91f,2016-09-10 19:53:09,2016-09-10 19:53:09,26.56330111,106.68943850000001,normal
a1443a38a346cc6023f7a0c7904dc91f,2016-09-10 19:55:21,2016-09-10 19:55:21,26.56135109,106.67823250000001,normal
a1443a38a346cc6023f7a0c7904dc91f,2016-09-10 19:56:13,2016-09-10 19:56:13,26.56135109,106.67823250000001,normal
a1443a38a346cc6023f7a0c7904dc91f,2016-09-10 19:57:23,2016-09-10 19:57:23,26.56330111,106.68943850000001,normal
a1443a38a346cc6023f7a0c7904dc91f,2016-09-10 19:58:44,2016-09-10 19:58:44,26.56330111,106.68943850000001,normal
a1443a38a346cc6023f7a0c7904dc91f,2016-09-10 20:00:47,2016-09-10 20:00:47,26.56330111,106.68943850000001,normal
a1443a38a346cc6023f7a0c7904dc91f,2016-09-10 23:02:06,2016-09-10 23:12:48,26.57334443,106.6962626,stay
a1443a38a346cc6023f7a0c7904dc91f,2016-09-10 23:20:35,2016-09-10 23:20:35,26.57786706,106.6984896,normal
a1443a38a346cc6023f7a0c7904dc91f,2016-09-10 23:21:50,2016-09-10 23:21:50,26.57786706,106.6984896,normal
a1443a38a346cc6023f7a0c7904dc91f,2016-09-10 23:25:05,2016-09-11 00:30:50,26.57344443,106.69619593333334,stay
a1443a38a346cc6023f7a0c7904dc91f,2016-09-11 01:30:53,2016-09-11 01:30:53,26.57816706,106.6982896,normal
a1443a38a346cc6023f7a0c7904dc91f,2016-09-11 01:47:04,2016-09-11 01:47:04,26.573644429999998,106.6960626,normal
a1443a38a346cc6023f7a0c7904dc91f,2016-09-11 01:50:01,2016-09-11 01:50:01,26.573644429999998,106.6960626,normal
a1443a38a346cc6023f7a0c7904dc91f,2016-09-11 01:52:41,2016-09-11 01:52:41,26.573644429999998,106.6960626,normal
a1443a38a346cc6023f7a0c7904dc91f,2016-09-11 01:54:37,2016-09-11 08:21:44,26.57816706,106.69828959999997,stay
a1443a38a346cc6023f7a0c7904dc91f,2016-09-11 08:24:47,2016-09-11 08:24:47,26.573644429999998,106.6960626,normal
a1443a38a346cc6023f7a0c7904dc91f,2016-09-11 08:26:04,2016-09-11 08:26:04,26.573644429999998,106.6960626,normal
a1443a38a346cc6023f7a0c7904dc91f,2016-09-11 08:27:27,2016-09-11 10:07:32,26.578164409189853,106.6982879359403,stay
a1443a38a346cc6023f7a0c7904dc91f,2016-09-11 10:32:08,2016-09-11 10:32:08,26.5749709,106.7026807,normal
a1443a38a346cc6023f7a0c7904dc91f,2016-09-11 10:32:42,2016-09-11 10:32:42,26.58034735,106.701193,normal
a1443a38a346cc6023f7a0c7904dc91f,2016-09-11 10:35:39,2016-09-11 11:04:45,26.573143809999994,106.6919252,stay
a1443a38a346cc6023f7a0c7904dc91f,2016-09-11 11:12:44,2016-09-11 11:12:44,26.57816706,106.6982896,normal
a1443a38a346cc6023f7a0c7904dc91f,2016-09-11 11:18:50,2016-09-11 11:18:50,26.578087535696,106.69823967821,normal
a1443a38a346cc6023f7a0c7904dc91f,2016-09-11 11:21:31,2016-09-11 14:23:41,26.573143809999998,106.69192519999994,stay
a1443a38a346cc6023f7a0c7904dc91f,2016-09-11 14:27:29,2016-09-11 14:27:29,26.57816706,106.6982896,normal
a1443a38a346cc6023f7a0c7904dc91f,2016-09-11 14:29:13,2016-09-11 14:29:13,26.57816706,106.6982896,normal
a1443a38a346cc6023f7a0c7904dc91f,2016-09-11 14:34:10,2016-09-11 17:47:19,26.57314380999999,106.69192519999989,stay
a1443a38a346cc6023f7a0c7904dc91f,2016-09-11 17:51:18,2016-09-11 17:51:18,26.5749709,106.7026807,normal
a1443a38a346cc6023f7a0c7904dc91f,2016-09-11 17:55:24,2016-09-11 17:55:24,26.578087535696,106.69823967821,normal
a1443a38a346cc6023f7a0c7904dc91f,2016-09-11 17:57:50,2016-09-11 17:57:50,26.58034735,106.701193,normal
a1443a38a346cc6023f7a0c7904dc91f,2016-09-11 17:58:41,2016-09-11 17:58:41,26.5749709,106.7026807,normal
a1443a38a346cc6023f7a0c7904dc91f,2016-09-11 17:59:20,2016-09-11 17:59:20,26.574672839999998,106.7050458,normal
a1443a38a346cc6023f7a0c7904dc91f,2016-09-11 17:59:54,2016-09-11 18:39:41,26.578145371553454,106.69827598496636,stay
a1443a38a346cc6023f7a0c7904dc91f,2016-09-11 18:41:36,2016-09-11 18:41:36,26.573143809999998,106.6919252,normal
a1443a38a346cc6023f7a0c7904dc91f,2016-09-11 18:44:33,2016-09-11 19:07:59,26.592305360000005,106.7368547,stay
a1443a38a346cc6023f7a0c7904dc91f,2016-09-11 19:10:40,2016-09-11 19:10:40,26.57816706,106.6982896,normal
a1443a38a346cc6023f7a0c7904dc91f,2016-09-11 19:14:31,2016-09-11 19:14:31,26.57816706,106.6982896,normal
a1443a38a346cc6023f7a0c7904dc91f,2016-09-11 19:19:09,2016-09-11 19:19:09,26.5749709,106.7026807,normal
a1443a38a346cc6023f7a0c7904dc91f,2016-09-11 19:31:42,2016-09-11 19:31:42,26.578408612291998,106.67808758951,normal
a1443a38a346cc6023f7a0c7904dc91f,2016-09-11 22:29:54,2016-09-11 22:29:54,26.57816706,106.6982896,normal
a1443a38a346cc6023f7a0c7904dc91f,2016-09-11 22:29:59,2016-09-11 22:29:59,26.57816706,106.6982896,normal
a1443a38a346cc6023f7a0c7904dc91f,2016-09-11 22:30:45,2016-09-11 22:30:45,26.57816706,106.6982896,normal
a1443a38a346cc6023f7a0c7904dc91f,2016-09-11 22:31:41,2016-09-11 22:31:41,26.57816706,106.6982896,normal
a1443a38a346cc6023f7a0c7904dc91f,2016-09-11 22:32:47,2016-09-11 22:32:47,26.578087535696,106.69823967821,normal
a1443a38a346cc6023f7a0c7904dc91f,2016-09-11 22:32:54,2016-09-11 22:32:54,26.57816706,106.6982896,normal
a1443a38a346cc6023f7a0c7904dc91f,2016-09-11 22:33:37,2016-09-11 22:33:37,26.57816706,106.6982896,normal
a1443a38a346cc6023f7a0c7904dc91f,2016-09-11 22:34:04,2016-09-11 22:34:04,26.578087535696,106.69823967821,normal
a1443a38a346cc6023f7a0c7904dc91f,2016-09-11 22:34:20,2016-09-11 22:34:20,26.57816706,106.6982896,normal
a1443a38a346cc6023f7a0c7904dc91f,2016-09-11 22:34:36,2016-09-11 22:34:36,26.578087535696,106.69823967821,normal
a1443a38a346cc6023f7a0c7904dc91f,2016-09-11 22:34:50,2016-09-11 22:34:50,26.57816706,106.6982896,normal
a1443a38a346cc6023f7a0c7904dc91f,2016-09-11 22:35:29,2016-09-11 22:35:29,26.573644429999998,106.6960626,normal
a1443a38a346cc6023f7a0c7904dc91f,2016-09-11 22:38:21,2016-09-11 22:38:21,26.573644429999998,106.6960626,normal
a1443a38a346cc6023f7a0c7904dc91f,2016-09-11 22:44:27,2016-09-11 22:44:27,26.573644429999998,106.6960626,normal
a1443a38a346cc6023f7a0c7904dc91f,2016-09-11 22:48:02,2016-09-11 22:48:02,26.57816706,106.6982896,normal
a1443a38a346cc6023f7a0c7904dc91f,2016-09-11 22:49:46,2016-09-11 22:49:46,26.57816706,106.6982896,normal
a1443a38a346cc6023f7a0c7904dc91f,2016-09-11 22:50:59,2016-09-11 22:50:59,26.573644429999998,106.6960626,normal
a1443a38a346cc6023f7a0c7904dc91f,2016-09-11 22:52:04,2016-09-11 22:52:04,26.573644429999998,106.6960626,normal
a1443a38a346cc6023f7a0c7904dc91f,2016-09-11 22:52:51,2016-09-11 22:52:51,26.57816706,106.6982896,normal
a1443a38a346cc6023f7a0c7904dc91f,2016-09-11 22:53:33,2016-09-11 22:53:33,26.57816706,106.6982896,normal
a1443a38a346cc6023f7a0c7904dc91f,2016-09-11 22:54:25,2016-09-11 22:54:25,26.573644429999998,106.6960626,normal
a1443a38a346cc6023f7a0c7904dc91f,2016-09-11 22:55:05,2016-09-11 22:55:05,26.573644429999998,106.6960626,normal
a1443a38a346cc6023f7a0c7904dc91f,2016-09-11 22:57:33,2016-09-11 22:57:33,26.573644429999998,106.6960626,normal
a1443a38a346cc6023f7a0c7904dc91f,2016-09-11 22:59:00,2016-09-11 23:30:09,26.578163445258898,106.69828733082768,stay
a1443a38a346cc6023f7a0c7904dc91f,2016-09-11 23:30:50,2016-09-11 23:30:50,26.573644429999998,106.6960626,normal
a1443a38a346cc6023f7a0c7904dc91f,2016-09-11 23:31:09,2016-09-11 23:31:09,26.573644429999998,106.6960626,normal
a1443a38a346cc6023f7a0c7904dc91f,2016-09-11 23:34:51,2016-09-11 23:34:51,26.57816706,106.6982896,normal
a1443a38a346cc6023f7a0c7904dc91f,2016-09-11 23:37:33,2016-09-11 23:37:33,26.57816706,106.6982896,normal
a1443a38a346cc6023f7a0c7904dc91f,2016-09-11 23:40:14,2016-09-11 23:40:14,26.57816706,106.6982896,normal
a1443a38a346cc6023f7a0c7904dc91f,2016-09-11 23:42:21,2016-09-11 23:42:21,26.57816706,106.6982896,normal
a1443a38a346cc6023f7a0c7904dc91f,2016-09-11 23:43:19,2016-09-11 23:43:19,26.573644429999998,106.6960626,normal
a1443a38a346cc6023f7a0c7904dc91f,2016-09-11 23:44:03,2016-09-11 23:44:03,26.573644429999998,106.6960626,normal
